ISO-10303-21;
HEADER;
FILE_DESCRIPTION (( 'STEP AP203' ),
    '1' );
FILE_NAME ('BR002.STEP',
    '2020-02-20T03:32:55',
    ( '' ),
    ( '' ),
    'SwSTEP 2.0',
    'SolidWorks 2019',
    '' );
FILE_SCHEMA (( 'CONFIG_CONTROL_DESIGN' ));
ENDSEC;

DATA;
#1 = ADVANCED_FACE ( 'NONE', ( #3839 ), #2298, .F. ) ;
#2 = ORIENTED_EDGE ( 'NONE', *, *, #64, .T. ) ;
#3 = EDGE_CURVE ( 'NONE', #1009, #267, #4158, .T. ) ;
#4 = CARTESIAN_POINT ( 'NONE',  ( 9.000000000000000000, 7.000000000000000000, -4.549999999999999822 ) ) ;
#5 = DIRECTION ( 'NONE',  ( 0.0000000000000000000, -1.000000000000000000, 0.0000000000000000000 ) ) ;
#6 = CARTESIAN_POINT ( 'NONE',  ( 2.399999999999999911, 0.0000000000000000000, 0.5500000000000000444 ) ) ;
#7 = ORIENTED_EDGE ( 'NONE', *, *, #4155, .F. ) ;
#8 = ORIENTED_EDGE ( 'NONE', *, *, #3255, .T. ) ;
#9 = CARTESIAN_POINT ( 'NONE',  ( 7.153637605319000059, 3.945000220299000215, -6.474999999999999645 ) ) ;
#10 = PLANE ( 'NONE',  #1686 ) ;
#11 = EDGE_CURVE ( 'NONE', #1153, #3805, #123, .T. ) ;
#12 = DIRECTION ( 'NONE',  ( 0.0000000000000000000, 0.0000000000000000000, -1.000000000000000000 ) ) ;
#13 = ORIENTED_EDGE ( 'NONE', *, *, #170, .T. ) ;
#14 = ORIENTED_EDGE ( 'NONE', *, *, #2367, .F. ) ;
#15 = VECTOR ( 'NONE', #1215, 1000.000000000000000 ) ;
#16 = FACE_OUTER_BOUND ( 'NONE', #3673, .T. ) ;
#17 = CARTESIAN_POINT ( 'NONE',  ( 6.849327454361000100, 6.599999999999999645, -4.474999999999999645 ) ) ;
#18 = VECTOR ( 'NONE', #263, 1000.000000000000000 ) ;
#19 = VECTOR ( 'NONE', #2939, 1000.000000000000000 ) ;
#20 = ADVANCED_FACE ( 'NONE', ( #4573 ), #2371, .F. ) ;
#21 = AXIS2_PLACEMENT_3D ( 'NONE', #3688, #4679, #985 ) ;
#22 = CARTESIAN_POINT ( 'NONE',  ( 5.000000000000000000, 12.50000000000000000, -2.500000000000000000 ) ) ;
#23 = CARTESIAN_POINT ( 'NONE',  ( 5.400000000000000355, 10.20000000000000107, -9.418749592834000595 ) ) ;
#24 = AXIS2_PLACEMENT_3D ( 'NONE', #1976, #4203, #3110 ) ;
#25 = VECTOR ( 'NONE', #4275, 1000.000000000000000 ) ;
#26 = ORIENTED_EDGE ( 'NONE', *, *, #1152, .T. ) ;
#27 = CARTESIAN_POINT ( 'NONE',  ( 7.062905807744999542, 6.479374771332999217, -9.475000000000001421 ) ) ;
#28 = CARTESIAN_POINT ( 'NONE',  ( 7.118699360395000397, 4.141924873508000537, -1.474999999999999867 ) ) ;
#29 = AXIS2_PLACEMENT_3D ( 'NONE', #3238, #2174, #4346 ) ;
#30 = CIRCLE ( 'NONE', #4371, 1.960000000000000409 ) ;
#31 = DIRECTION ( 'NONE',  ( 0.1746912246209948727, -0.9846232660466728293, 0.0000000000000000000 ) ) ;
#32 = DIRECTION ( 'NONE',  ( 0.0000000000000000000, 1.000000000000000000, 0.0000000000000000000 ) ) ;
#33 = EDGE_CURVE ( 'NONE', #3838, #3767, #66, .T. ) ;
#34 = ADVANCED_FACE ( 'NONE', ( #3792 ), #514, .F. ) ;
#35 = CIRCLE ( 'NONE', #3229, 1.899999999999999689 ) ;
#36 = ORIENTED_EDGE ( 'NONE', *, *, #4174, .F. ) ;
#37 = ORIENTED_EDGE ( 'NONE', *, *, #2460, .T. ) ;
#38 = LINE ( 'NONE', #3761, #3613 ) ;
#39 = B_SPLINE_CURVE_WITH_KNOTS ( 'NONE', 3,
 ( #3640, #4030, #2139, #284, #3271, #1777 ),
 .UNSPECIFIED., .F., .F.,
 ( 4, 2, 4 ),
 ( 0.0000000000000000000, 0.5000000000000000000, 1.000000000000000000 ),
 .UNSPECIFIED. ) ;
#40 = DIRECTION ( 'NONE',  ( 0.0000000000000000000, 0.0000000000000000000, 1.000000000000000000 ) ) ;
#41 = VECTOR ( 'NONE', #835, 1000.000000000000000 ) ;
#42 = CARTESIAN_POINT ( 'NONE',  ( 0.0000000000000000000, 0.0000000000000000000, 0.0000000000000000000 ) ) ;
#43 = EDGE_CURVE ( 'NONE', #1716, #4448, #4073, .T. ) ;
#44 = EDGE_LOOP ( 'NONE', ( #2914, #2946, #2842, #2462 ) ) ;
#45 = ORIENTED_EDGE ( 'NONE', *, *, #634, .T. ) ;
#46 = CONICAL_SURFACE ( 'NONE', #4165, 1.950000000000000400, 0.7853981633972997312 ) ;
#47 = CARTESIAN_POINT ( 'NONE',  ( 5.000000000000000000, 9.500000000000000000, -7.500000000000000000 ) ) ;
#48 = DIRECTION ( 'NONE',  ( 0.0000000000000000000, 0.0000000000000000000, 1.000000000000000000 ) ) ;
#49 = APPROVAL_PERSON_ORGANIZATION ( #3883, #3872, #1696 ) ;
#50 = ADVANCED_FACE ( 'NONE', ( #462 ), #779, .F. ) ;
#51 = LINE ( 'NONE', #3729, #1847 ) ;
#52 = FACE_OUTER_BOUND ( 'NONE', #3758, .T. ) ;
#53 = APPROVAL_ROLE ( '' ) ;
#54 = ORIENTED_EDGE ( 'NONE', *, *, #2754, .T. ) ;
#55 = LINE ( 'NONE', #2664, #2983 ) ;
#56 = DIRECTION ( 'NONE',  ( 0.8957173736854308066, 0.0000000000000000000, -0.4446238707920150968 ) ) ;
#57 = CARTESIAN_POINT ( 'NONE',  ( 2.305000000000000160, 9.000000000000000000, -10.00000000000000000 ) ) ;
#58 = DIRECTION ( 'NONE',  ( 0.8997890060556794634, 0.0000000000000000000, -0.4363252738282900611 ) ) ;
#59 = ORIENTED_EDGE ( 'NONE', *, *, #3530, .T. ) ;
#60 = ORIENTED_EDGE ( 'NONE', *, *, #4082, .F. ) ;
#61 = FACE_OUTER_BOUND ( 'NONE', #617, .T. ) ;
#62 = DIRECTION ( 'NONE',  ( 0.0000000000000000000, 1.000000000000000000, 0.0000000000000000000 ) ) ;
#63 = VERTEX_POINT ( 'NONE', #852 ) ;
#64 = EDGE_CURVE ( 'NONE', #1945, #3725, #1908, .T. ) ;
#65 = EDGE_LOOP ( 'NONE', ( #2012, #455, #2743, #171, #4064, #3186, #3773, #3472, #2248, #708, #1753, #4624, #1267, #144 ) ) ;
#66 = LINE ( 'NONE', #1907, #264 ) ;
#67 = CARTESIAN_POINT ( 'NONE',  ( 3.737253474221000182, 3.358750682977000412, -8.525000000000000355 ) ) ;
#68 = EDGE_CURVE ( 'NONE', #1502, #1429, #3038, .T. ) ;
#69 = CYLINDRICAL_SURFACE ( 'NONE', #3064, 0.5999999999999998668 ) ;
#70 = VERTEX_POINT ( 'NONE', #4515 ) ;
#71 = CARTESIAN_POINT ( 'NONE',  ( 7.321066342861999310, 3.989374771332999448, -4.474999999999999645 ) ) ;
#72 = CARTESIAN_POINT ( 'NONE',  ( 7.282694772608999223, 4.359474755383999423, -1.474999999999999867 ) ) ;
#73 = ADVANCED_FACE ( 'NONE', ( #484 ), #3606, .F. ) ;
#74 = SHAPE_DEFINITION_REPRESENTATION ( #2199, #782 ) ;
#75 = ORIENTED_EDGE ( 'NONE', *, *, #3441, .F. ) ;
#76 = CARTESIAN_POINT ( 'NONE',  ( 7.000000000000000000, 6.970537156019000591, -0.5250000000000000222 ) ) ;
#77 = LINE ( 'NONE', #1497, #2826 ) ;
#78 = CARTESIAN_POINT ( 'NONE',  ( 7.282694772608999223, 4.359474755383999423, -1.474999999999999867 ) ) ;
#79 = CARTESIAN_POINT ( 'NONE',  ( 5.400000000000000355, 11.09999999999999964, -6.200153855257999780 ) ) ;
#80 = ADVANCED_FACE ( 'NONE', ( #3453 ), #4497, .F. ) ;
#81 = EDGE_LOOP ( 'NONE', ( #2997, #3241 ) ) ;
#82 = ORIENTED_EDGE ( 'NONE', *, *, #2168, .F. ) ;
#83 = DIRECTION ( 'NONE',  ( 0.0000000000000000000, -1.000000000000000000, 0.0000000000000000000 ) ) ;
#84 = CARTESIAN_POINT ( 'NONE',  ( 5.400000000000000355, 10.20000000000000107, -5.581250407166001182 ) ) ;
#85 = DIRECTION ( 'NONE',  ( -0.01942371415476927890, 0.0000000000000000000, 0.9998113418682714748 ) ) ;
#86 = AXIS2_PLACEMENT_3D ( 'NONE', #4410, #613, #1372 ) ;
#87 = ORIENTED_EDGE ( 'NONE', *, *, #490, .F. ) ;
#88 = ORIENTED_EDGE ( 'NONE', *, *, #1447, .T. ) ;
#89 = AXIS2_PLACEMENT_3D ( 'NONE', #2080, #2544, #3632 ) ;
#90 = CARTESIAN_POINT ( 'NONE',  ( 7.261839464882999806, 6.500000000000000000, -9.475000000000001421 ) ) ;
#91 = LINE ( 'NONE', #463, #2775 ) ;
#92 = CARTESIAN_POINT ( 'NONE',  ( 7.000000000000000000, 0.9000000000000000222, -6.983260773805000099 ) ) ;
#93 = VECTOR ( 'NONE', #2482, 1000.000000000000000 ) ;
#94 = EDGE_CURVE ( 'NONE', #2839, #1410, #3089, .T. ) ;
#95 = ORIENTED_EDGE ( 'NONE', *, *, #445, .F. ) ;
#96 = AXIS2_PLACEMENT_3D ( 'NONE', #3540, #3290, #1793 ) ;
#97 = FACE_OUTER_BOUND ( 'NONE', #2721, .T. ) ;
#98 = VECTOR ( 'NONE', #3809, 1000.000000000000114 ) ;
#99 = CARTESIAN_POINT ( 'NONE',  ( 7.000000000000000000, 0.9000000000000000222, -1.983260773805000321 ) ) ;
#100 = VECTOR ( 'NONE', #2503, 1000.000000000000000 ) ;
#101 = AXIS2_PLACEMENT_3D ( 'NONE', #4375, #318, #2203 ) ;
#102 = VECTOR ( 'NONE', #1346, 1000.000000000000000 ) ;
#103 = ORIENTED_EDGE ( 'NONE', *, *, #1241, .F. ) ;
#104 = VECTOR ( 'NONE', #1416, 1000.000000000000114 ) ;
#105 = CARTESIAN_POINT ( 'NONE',  ( 3.862379601969000209, 3.361067348736000326, -3.524999999999999911 ) ) ;
#106 = CARTESIAN_POINT ( 'NONE',  ( 7.000000000000000000, 6.970537156019000591, -9.475000000000001421 ) ) ;
#107 = FACE_OUTER_BOUND ( 'NONE', #899, .T. ) ;
#108 = DIRECTION ( 'NONE',  ( 0.0000000000000000000, 0.0000000000000000000, 1.000000000000000000 ) ) ;
#109 = VECTOR ( 'NONE', #3553, 1000.000000000000114 ) ;
#110 = VECTOR ( 'NONE', #1770, 1000.000000000000114 ) ;
#111 = ORIENTED_EDGE ( 'NONE', *, *, #669, .T. ) ;
#112 = VECTOR ( 'NONE', #1695, 1000.000000000000000 ) ;
#113 = ORIENTED_EDGE ( 'NONE', *, *, #3477, .T. ) ;
#114 = AXIS2_PLACEMENT_3D ( 'NONE', #1844, #4802, #2831 ) ;
#115 = DIRECTION ( 'NONE',  ( 0.0000000000000000000, 0.0000000000000000000, -1.000000000000000000 ) ) ;
#116 = PLANE ( 'NONE',  #4093 ) ;
#117 = CARTESIAN_POINT ( 'NONE',  ( 6.009999999999999787, 11.09999999999999964, -2.149999999999999911 ) ) ;
#118 = EDGE_CURVE ( 'NONE', #4185, #3256, #4692, .T. ) ;
#119 = VECTOR ( 'NONE', #1450, 1000.000000000000227 ) ;
#120 = ORIENTED_EDGE ( 'NONE', *, *, #1815, .F. ) ;
#121 = ORIENTED_EDGE ( 'NONE', *, *, #1821, .F. ) ;
#122 = AXIS2_PLACEMENT_3D ( 'NONE', #1685, #2712, #3482 ) ;
#123 = LINE ( 'NONE', #4181, #3300 ) ;
#124 = DIRECTION ( 'NONE',  ( 0.6614378277661205896, 0.0000000000000000000, 0.7500000000000238698 ) ) ;
#125 = DIRECTION ( 'NONE',  ( 0.0000000000000000000, 0.0000000000000000000, 1.000000000000000000 ) ) ;
#126 = ORIENTED_EDGE ( 'NONE', *, *, #2352, .T. ) ;
#127 = EDGE_CURVE ( 'NONE', #1906, #1294, #902, .T. ) ;
#128 = EDGE_CURVE ( 'NONE', #1650, #2007, #3523, .T. ) ;
#129 = FACE_OUTER_BOUND ( 'NONE', #158, .T. ) ;
#130 = LINE ( 'NONE', #3506, #1041 ) ;
#131 = EDGE_CURVE ( 'NONE', #821, #2427, #3910, .T. ) ;
#132 = AXIS2_PLACEMENT_3D ( 'NONE', #4177, #2631, #434 ) ;
#133 = VERTEX_POINT ( 'NONE', #1725 ) ;
#134 = DIRECTION ( 'NONE',  ( 0.0000000000000000000, 0.0000000000000000000, -1.000000000000000000 ) ) ;
#135 = DIRECTION ( 'NONE',  ( 1.000000000000000000, 0.0000000000000000000, 0.0000000000000000000 ) ) ;
#136 = ADVANCED_FACE ( 'NONE', ( #556 ), #1354, .T. ) ;
#137 = CARTESIAN_POINT ( 'NONE',  ( 3.737253474221000182, 3.358750682977000412, -3.524999999999999911 ) ) ;
#138 = ORIENTED_EDGE ( 'NONE', *, *, #3582, .T. ) ;
#139 = ORIENTED_EDGE ( 'NONE', *, *, #1929, .F. ) ;
#140 = DIRECTION ( 'NONE',  ( 0.0000000000000000000, 0.0000000000000000000, -1.000000000000000000 ) ) ;
#141 = CALENDAR_DATE ( 2020, 20, 2 ) ;
#142 = LINE ( 'NONE', #1627, #98 ) ;
#143 = ORIENTED_EDGE ( 'NONE', *, *, #959, .T. ) ;
#144 = ORIENTED_EDGE ( 'NONE', *, *, #1099, .T. ) ;
#145 = DIRECTION ( 'NONE',  ( 0.0000000000000000000, 0.0000000000000000000, 1.000000000000000000 ) ) ;
#146 = CARTESIAN_POINT ( 'NONE',  ( 5.400000000000000355, 11.09999999999999964, -1.200153855258000002 ) ) ;
#147 = DIRECTION ( 'NONE',  ( 0.9846232660466353037, 0.1746912246212065367, 0.0000000000000000000 ) ) ;
#148 = ORIENTED_EDGE ( 'NONE', *, *, #3255, .F. ) ;
#149 = LINE ( 'NONE', #2783, #361 ) ;
#150 = DIRECTION ( 'NONE',  ( 1.000000000000000000, 0.0000000000000000000, 0.0000000000000000000 ) ) ;
#151 = COORDINATED_UNIVERSAL_TIME_OFFSET ( 3, 0, .BEHIND. ) ;
#152 = ORIENTED_EDGE ( 'NONE', *, *, #1865, .F. ) ;
#153 = CARTESIAN_POINT ( 'NONE',  ( 4.599999999999999645, 10.20000000000000107, -2.149999999999999911 ) ) ;
#154 = DIRECTION ( 'NONE',  ( 0.0000000000000000000, 0.9659258262890755287, 0.2588190451024934280 ) ) ;
#155 = CYLINDRICAL_SURFACE ( 'NONE', #1660, 0.5000000000000000000 ) ;
#156 = VERTEX_POINT ( 'NONE', #1290 ) ;
#157 = EDGE_CURVE ( 'NONE', #758, #242, #3161, .T. ) ;
#158 = EDGE_LOOP ( 'NONE', ( #2952, #1512, #26, #82, #4050, #578, #316, #258, #1859, #1323, #3576, #377 ) ) ;
#159 = CARTESIAN_POINT ( 'NONE',  ( 4.599999999999999645, 11.09999999999999964, -1.200153855258000002 ) ) ;
#160 = COORDINATED_UNIVERSAL_TIME_OFFSET ( 3, 0, .BEHIND. ) ;
#161 = CARTESIAN_POINT ( 'NONE',  ( 9.000000000000000000, 12.50000000000000000, 0.0000000000000000000 ) ) ;
#162 = ORIENTED_EDGE ( 'NONE', *, *, #1633, .F. ) ;
#163 = ORIENTED_EDGE ( 'NONE', *, *, #1405, .F. ) ;
#164 = DIRECTION ( 'NONE',  ( 0.0000000000000000000, 0.0000000000000000000, -1.000000000000000000 ) ) ;
#165 = CARTESIAN_POINT ( 'NONE',  ( 7.282694772608999223, 4.359474755383999423, -3.524999999999999911 ) ) ;
#166 = DIRECTION ( 'NONE',  ( 0.0000000000000000000, -1.000000000000000000, 0.0000000000000000000 ) ) ;
#167 = ORIENTED_EDGE ( 'NONE', *, *, #1680, .T. ) ;
#168 = CARTESIAN_POINT ( 'NONE',  ( 9.000000000000000000, 0.9000000000000000222, -5.450000000000000178 ) ) ;
#169 = DIRECTION ( 'NONE',  ( 0.0000000000000000000, 1.000000000000000000, 0.0000000000000000000 ) ) ;
#170 = EDGE_CURVE ( 'NONE', #827, #4108, #1831, .T. ) ;
#171 = ORIENTED_EDGE ( 'NONE', *, *, #573, .T. ) ;
#172 = LINE ( 'NONE', #3119, #1758 ) ;
#173 = CARTESIAN_POINT ( 'NONE',  ( 7.000000000000000000, 6.731521040106000164, -0.5250000000000000222 ) ) ;
#174 = AXIS2_PLACEMENT_3D ( 'NONE', #1856, #1826, #4787 ) ;
#175 = ORIENTED_EDGE ( 'NONE', *, *, #3802, .F. ) ;
#176 = ORIENTED_EDGE ( 'NONE', *, *, #4055, .F. ) ;
#177 = AXIS2_PLACEMENT_3D ( 'NONE', #1731, #4306, #1228 ) ;
#178 = EDGE_CURVE ( 'NONE', #3954, #2261, #210, .T. ) ;
#179 = VECTOR ( 'NONE', #1561, 1000.000000000000114 ) ;
#180 = DIRECTION ( 'NONE',  ( 0.0000000000000000000, 0.0000000000000000000, -1.000000000000000000 ) ) ;
#181 = LINE ( 'NONE', #3959, #1107 ) ;
#182 = CONICAL_SURFACE ( 'NONE', #3449, 1.949999999999999956, 0.2617993877991000029 ) ;
#183 = AXIS2_PLACEMENT_3D ( 'NONE', #3040, #4517, #582 ) ;
#184 = ORIENTED_EDGE ( 'NONE', *, *, #1533, .F. ) ;
#185 = VERTEX_POINT ( 'NONE', #1700 ) ;
#186 = DIRECTION ( 'NONE',  ( 0.0000000000000000000, 0.0000000000000000000, -1.000000000000000000 ) ) ;
#187 = DIRECTION ( 'NONE',  ( 0.0000000000000000000, -1.000000000000000000, 0.0000000000000000000 ) ) ;
#188 = CONICAL_SURFACE ( 'NONE', #1439, 1.950000000000000400, 0.2617993877991000029 ) ;
#189 = VECTOR ( 'NONE', #795, 1000.000000000000000 ) ;
#190 = EDGE_CURVE ( 'NONE', #2529, #4577, #4534, .T. ) ;
#191 = FACE_OUTER_BOUND ( 'NONE', #3646, .T. ) ;
#192 = EDGE_LOOP ( 'NONE', ( #2678, #4745, #1406, #1776 ) ) ;
#193 = AXIS2_PLACEMENT_3D ( 'NONE', #3077, #3396, #31 ) ;
#194 = ORIENTED_EDGE ( 'NONE', *, *, #223, .F. ) ;
#195 = CARTESIAN_POINT ( 'NONE',  ( 9.000000000000000000, 0.0000000000000000000, -10.00000000000000000 ) ) ;
#196 = DIRECTION ( 'NONE',  ( 0.0000000000000000000, 0.0000000000000000000, 1.000000000000000000 ) ) ;
#197 = AXIS2_PLACEMENT_3D ( 'NONE', #639, #1739, #2132 ) ;
#198 = EDGE_CURVE ( 'NONE', #2791, #3399, #2119, .T. ) ;
#199 = ORIENTED_EDGE ( 'NONE', *, *, #1783, .T. ) ;
#200 = DIRECTION ( 'NONE',  ( 0.0000000000000000000, 0.0000000000000000000, -1.000000000000000000 ) ) ;
#201 = CARTESIAN_POINT ( 'NONE',  ( 1.554282626315000027, 7.000000000000000000, -7.500000000000000000 ) ) ;
#202 = CARTESIAN_POINT ( 'NONE',  ( 5.000000000000000000, 12.05000000000000071, -0.5999999999999999778 ) ) ;
#203 = VECTOR ( 'NONE', #1928, 1000.000000000000000 ) ;
#204 = ORIENTED_EDGE ( 'NONE', *, *, #1454, .T. ) ;
#205 = ORIENTED_EDGE ( 'NONE', *, *, #2577, .T. ) ;
#206 = CARTESIAN_POINT ( 'NONE',  ( 1.554282626315000027, 12.50000000000000000, -8.500000000000000000 ) ) ;
#207 = FACE_OUTER_BOUND ( 'NONE', #2511, .T. ) ;
#208 = ORIENTED_EDGE ( 'NONE', *, *, #1808, .F. ) ;
#209 = ORIENTED_EDGE ( 'NONE', *, *, #1443, .T. ) ;
#210 = LINE ( 'NONE', #233, #735 ) ;
#211 = LINE ( 'NONE', #1701, #1924 ) ;
#212 = LINE ( 'NONE', #1727, #1440 ) ;
#213 = EDGE_CURVE ( 'NONE', #4509, #1216, #994, .T. ) ;
#214 = ORIENTED_EDGE ( 'NONE', *, *, #2681, .T. ) ;
#215 = ORIENTED_EDGE ( 'NONE', *, *, #1585, .T. ) ;
#216 = ADVANCED_FACE ( 'NONE', ( #3888 ), #182, .F. ) ;
#217 = DIRECTION ( 'NONE',  ( 0.0000000000000000000, 0.0000000000000000000, -1.000000000000000000 ) ) ;
#218 = FACE_BOUND ( 'NONE', #2800, .T. ) ;
#219 = DIRECTION ( 'NONE',  ( 0.0000000000000000000, 0.0000000000000000000, -1.000000000000000000 ) ) ;
#220 = EDGE_LOOP ( 'NONE', ( #143, #998, #3639, #194 ) ) ;
#221 = DIRECTION ( 'NONE',  ( -0.9988151076480934476, 0.0000000000000000000, 0.04866601210216072587 ) ) ;
#222 = DIRECTION ( 'NONE',  ( 0.8957173736854308066, 0.0000000000000000000, -0.4446238707920150968 ) ) ;
#223 = EDGE_CURVE ( 'NONE', #2572, #4790, #2446, .T. ) ;
#224 = CARTESIAN_POINT ( 'NONE',  ( 7.450000000000000178, 12.50000000000000000, 0.0000000000000000000 ) ) ;
#225 = VERTEX_POINT ( 'NONE', #4662 ) ;
#226 = VERTEX_POINT ( 'NONE', #4228 ) ;
#227 = FACE_OUTER_BOUND ( 'NONE', #723, .T. ) ;
#228 = ADVANCED_FACE ( 'NONE', ( #536 ), #2025, .F. ) ;
#229 = CARTESIAN_POINT ( 'NONE',  ( 7.000000000000000000, 0.9000000000000000222, -1.983260773805000321 ) ) ;
#230 = EDGE_CURVE ( 'NONE', #3732, #2711, #1652, .T. ) ;
#231 = ORIENTED_EDGE ( 'NONE', *, *, #1750, .T. ) ;
#232 = ORIENTED_EDGE ( 'NONE', *, *, #3826, .F. ) ;
#233 = CARTESIAN_POINT ( 'NONE',  ( 2.773245919519999880, 3.493191983014000357, -3.524999999999999911 ) ) ;
#234 = LINE ( 'NONE', #2095, #3934 ) ;
#235 = CARTESIAN_POINT ( 'NONE',  ( 7.519999999999999574, 4.009999999999999787, -9.475000000000001421 ) ) ;
#236 = ORIENTED_EDGE ( 'NONE', *, *, #1474, .F. ) ;
#237 = ORIENTED_EDGE ( 'NONE', *, *, #3219, .F. ) ;
#238 = FACE_OUTER_BOUND ( 'NONE', #707, .T. ) ;
#239 = LINE ( 'NONE', #1391, #1651 ) ;
#240 = PLANE ( 'NONE',  #2060 ) ;
#241 = ADVANCED_FACE ( 'NONE', ( #2463 ), #2798, .F. ) ;
#242 = VERTEX_POINT ( 'NONE', #925 ) ;
#243 = DIRECTION ( 'NONE',  ( 0.0000000000000000000, 1.000000000000000000, 0.0000000000000000000 ) ) ;
#244 = CARTESIAN_POINT ( 'NONE',  ( 7.450000000000000178, 12.50000000000000000, -10.00000000000000000 ) ) ;
#245 = DIRECTION ( 'NONE',  ( 0.0000000000000000000, 1.000000000000000000, 0.0000000000000000000 ) ) ;
#246 = EDGE_CURVE ( 'NONE', #787, #1030, #3532, .T. ) ;
#247 = CIRCLE ( 'NONE', #4602, 1.500000000000000000 ) ;
#248 = ORIENTED_EDGE ( 'NONE', *, *, #2795, .T. ) ;
#249 = ORIENTED_EDGE ( 'NONE', *, *, #891, .T. ) ;
#250 = CARTESIAN_POINT ( 'NONE',  ( 4.009999999999999787, 11.09999999999999964, -2.850000000000000089 ) ) ;
#251 = CARTESIAN_POINT ( 'NONE',  ( 4.009999999999999787, 11.09999999999999964, -2.850000000000000089 ) ) ;
#252 = CARTESIAN_POINT ( 'NONE',  ( 7.450000000000000178, 12.50000000000000000, 0.0000000000000000000 ) ) ;
#253 = CARTESIAN_POINT ( 'NONE',  ( 2.660000000000000142, 9.000000000000000000, -9.279999999999999361 ) ) ;
#254 = AXIS2_PLACEMENT_3D ( 'NONE', #3371, #3049, #4533 ) ;
#255 = VECTOR ( 'NONE', #4393, 1000.000000000000000 ) ;
#256 = ORIENTED_EDGE ( 'NONE', *, *, #3041, .F. ) ;
#257 = VECTOR ( 'NONE', #4330, 1000.000000000000000 ) ;
#258 = ORIENTED_EDGE ( 'NONE', *, *, #881, .T. ) ;
#259 = AXIS2_PLACEMENT_3D ( 'NONE', #4095, #469, #394 ) ;
#260 = ADVANCED_FACE ( 'NONE', ( #602 ), #2094, .F. ) ;
#261 = DIRECTION ( 'NONE',  ( 0.0000000000000000000, -1.000000000000000000, 0.0000000000000000000 ) ) ;
#262 = CARTESIAN_POINT ( 'NONE',  ( 2.449999999999999734, 7.000000000000000000, -2.055376129208000169 ) ) ;
#263 = DIRECTION ( 'NONE',  ( -1.000000000000000000, 0.0000000000000000000, 0.0000000000000000000 ) ) ;
#264 = VECTOR ( 'NONE', #1952, 1000.000000000000114 ) ;
#265 = AXIS2_PLACEMENT_3D ( 'NONE', #2545, #635, #2206 ) ;
#266 = ORIENTED_EDGE ( 'NONE', *, *, #459, .F. ) ;
#267 = VERTEX_POINT ( 'NONE', #2898 ) ;
#268 = VECTOR ( 'NONE', #2606, 1000.000000000000000 ) ;
#269 = VECTOR ( 'NONE', #2271, 1000.000000000000000 ) ;
#270 = FACE_OUTER_BOUND ( 'NONE', #4499, .T. ) ;
#271 = FACE_OUTER_BOUND ( 'NONE', #1939, .T. ) ;
#272 = DIRECTION ( 'NONE',  ( 0.1746912246211096142, -0.9846232660466525122, 0.0000000000000000000 ) ) ;
#273 = CIRCLE ( 'NONE', #3615, 1.000000000000000222 ) ;
#274 = ORIENTED_EDGE ( 'NONE', *, *, #3941, .T. ) ;
#275 = AXIS2_PLACEMENT_3D ( 'NONE', #3585, #2865, #2938 ) ;
#276 = DIRECTION ( 'NONE',  ( 0.0000000000000000000, 0.0000000000000000000, 1.000000000000000000 ) ) ;
#277 = CARTESIAN_POINT ( 'NONE',  ( 4.009999999999999787, 11.09999999999999964, -7.150000000000000355 ) ) ;
#278 = ADVANCED_FACE ( 'NONE', ( #1407 ), #1016, .F. ) ;
#279 = AXIS2_PLACEMENT_3D ( 'NONE', #3069, #4554, #1225 ) ;
#280 = VERTEX_POINT ( 'NONE', #385 ) ;
#281 = AXIS2_PLACEMENT_3D ( 'NONE', #3940, #2486, #2753 ) ;
#282 = ORIENTED_EDGE ( 'NONE', *, *, #198, .T. ) ;
#283 = EDGE_CURVE ( 'NONE', #4173, #1351, #4015, .T. ) ;
#284 = CARTESIAN_POINT ( 'NONE',  ( 4.600485447233376490, 10.83964185394132684, -4.336196539387854543 ) ) ;
#285 = CARTESIAN_POINT ( 'NONE',  ( 4.009999999999999787, 11.09999999999999964, -7.150000000000000355 ) ) ;
#286 = DIRECTION ( 'NONE',  ( 0.0000000000000000000, 1.000000000000000000, 0.0000000000000000000 ) ) ;
#287 = DIRECTION ( 'NONE',  ( 0.0000000000000000000, 0.0000000000000000000, -1.000000000000000000 ) ) ;
#288 = CC_DESIGN_APPROVAL ( #1802, ( #2627 ) ) ;
#289 = ORIENTED_EDGE ( 'NONE', *, *, #2377, .T. ) ;
#290 = ORIENTED_EDGE ( 'NONE', *, *, #922, .F. ) ;
#291 = DIRECTION ( 'NONE',  ( 0.1746912246210899633, -0.9846232660466559539, 0.0000000000000000000 ) ) ;
#292 = DIRECTION ( 'NONE',  ( 0.0000000000000000000, -1.000000000000000000, 0.0000000000000000000 ) ) ;
#293 = EDGE_CURVE ( 'NONE', #3621, #4565, #1049, .T. ) ;
#294 = FACE_OUTER_BOUND ( 'NONE', #1969, .T. ) ;
#295 = VERTEX_POINT ( 'NONE', #3278 ) ;
#296 = ORIENTED_EDGE ( 'NONE', *, *, #2724, .T. ) ;
#297 = DIRECTION ( 'NONE',  ( 0.0000000000000000000, 0.0000000000000000000, -1.000000000000000000 ) ) ;
#298 = LINE ( 'NONE', #3579, #2210 ) ;
#299 = DIRECTION ( 'NONE',  ( 0.9946682856919381033, 0.1031261433326250143, 0.0000000000000000000 ) ) ;
#300 = CARTESIAN_POINT ( 'NONE',  ( 6.009999999999999787, 11.09999999999999964, -2.149999999999999911 ) ) ;
#301 = CARTESIAN_POINT ( 'NONE',  ( 2.449999999999999734, 12.50000000000000000, -7.944623870792000275 ) ) ;
#302 = LINE ( 'NONE', #1818, #4688 ) ;
#303 = ORIENTED_EDGE ( 'NONE', *, *, #2052, .T. ) ;
#304 = ORIENTED_EDGE ( 'NONE', *, *, #4155, .T. ) ;
#305 = FACE_OUTER_BOUND ( 'NONE', #3702, .T. ) ;
#306 = LINE ( 'NONE', #1456, #100 ) ;
#307 = CARTESIAN_POINT ( 'NONE',  ( 5.000000000000000000, 12.30000000000000071, -0.5999999999999999778 ) ) ;
#308 = CARTESIAN_POINT ( 'NONE',  ( 7.450000000000000178, 12.50000000000000000, 0.0000000000000000000 ) ) ;
#309 = EDGE_CURVE ( 'NONE', #1535, #991, #1091, .T. ) ;
#310 = EDGE_CURVE ( 'NONE', #4467, #2001, #2145, .T. ) ;
#311 = VERTEX_POINT ( 'NONE', #3258 ) ;
#312 = ORIENTED_EDGE ( 'NONE', *, *, #1297, .T. ) ;
#313 = CARTESIAN_POINT ( 'NONE',  ( 5.000000000000000000, 10.20000000000000107, -7.500000000000000000 ) ) ;
#314 = FACE_OUTER_BOUND ( 'NONE', #579, .T. ) ;
#315 = DIRECTION ( 'NONE',  ( -0.04159435913982131167, 0.0000000000000000000, 0.9991345801681311700 ) ) ;
#316 = ORIENTED_EDGE ( 'NONE', *, *, #2000, .F. ) ;
#317 = VERTEX_POINT ( 'NONE', #1463 ) ;
#318 = DIRECTION ( 'NONE',  ( 0.0000000000000000000, 1.000000000000000000, 0.0000000000000000000 ) ) ;
#319 = CARTESIAN_POINT ( 'NONE',  ( 5.000000000000000000, 12.05000000000000071, -7.500000000000000000 ) ) ;
#320 = DIRECTION ( 'NONE',  ( 0.0000000000000000000, 0.0000000000000000000, 1.000000000000000000 ) ) ;
#321 = CARTESIAN_POINT ( 'NONE',  ( 5.000000000000000000, -3.899999999999999911, -2.500000000000000000 ) ) ;
#322 = EDGE_CURVE ( 'NONE', #4373, #4108, #4368, .T. ) ;
#323 = DIRECTION ( 'NONE',  ( -1.000000000000000000, 0.0000000000000000000, 0.0000000000000000000 ) ) ;
#324 = CARTESIAN_POINT ( 'NONE',  ( 1.554282626314999805, 7.000000000000000000, -1.500000000000000000 ) ) ;
#325 = ORIENTED_EDGE ( 'NONE', *, *, #2878, .T. ) ;
#326 = VERTEX_POINT ( 'NONE', #4400 ) ;
#327 = CARTESIAN_POINT ( 'NONE',  ( 4.009999999999999787, 11.09999999999999964, -2.149999999999999911 ) ) ;
#328 = CARTESIAN_POINT ( 'NONE',  ( 3.827441357045000103, 3.557992001945999405, -6.474999999999999645 ) ) ;
#329 = DIRECTION ( 'NONE',  ( 0.0000000000000000000, 0.0000000000000000000, 1.000000000000000000 ) ) ;
#330 = CARTESIAN_POINT ( 'NONE',  ( 0.9399999999999999467, 0.0000000000000000000, -9.279999999999999361 ) ) ;
#331 = ORIENTED_EDGE ( 'NONE', *, *, #2314, .T. ) ;
#332 = EDGE_CURVE ( 'NONE', #4655, #2777, #3382, .T. ) ;
#333 = ORIENTED_EDGE ( 'NONE', *, *, #3752, .F. ) ;
#334 = LINE ( 'NONE', #1834, #1751 ) ;
#335 = DIRECTION ( 'NONE',  ( 0.0000000000000000000, 1.000000000000000000, 0.0000000000000000000 ) ) ;
#336 = LINE ( 'NONE', #1862, #414 ) ;
#337 = CIRCLE ( 'NONE', #3526, 2.000000000000000000 ) ;
#338 = VECTOR ( 'NONE', #1525, 1000.000000000000000 ) ;
#339 = ORIENTED_EDGE ( 'NONE', *, *, #857, .F. ) ;
#340 = EDGE_CURVE ( 'NONE', #3419, #860, #2559, .T. ) ;
#341 = ORIENTED_EDGE ( 'NONE', *, *, #1051, .T. ) ;
#342 = PLANE ( 'NONE',  #3293 ) ;
#343 = ADVANCED_FACE ( 'NONE', ( #4444 ), #4084, .T. ) ;
#344 = CARTESIAN_POINT ( 'NONE',  ( 5.000000000000000000, 12.05000000000000071, -2.500000000000000000 ) ) ;
#345 = AXIS2_PLACEMENT_3D ( 'NONE', #1129, #3392, #836 ) ;
#346 = CARTESIAN_POINT ( 'NONE',  ( 5.400000000000000355, 11.09999999999999964, -5.540000000000000036 ) ) ;
#347 = EDGE_CURVE ( 'NONE', #4650, #694, #334, .T. ) ;
#348 = VECTOR ( 'NONE', #551, 1000.000000000000000 ) ;
#349 = VECTOR ( 'NONE', #1934, 1000.000000000000000 ) ;
#350 = CARTESIAN_POINT ( 'NONE',  ( 5.000000000000000000, 11.67679491923999890, -4.500000000000000000 ) ) ;
#351 = CARTESIAN_POINT ( 'NONE',  ( 4.599999999999999645, 10.20000000000000107, -2.149999999999999911 ) ) ;
#352 = CARTESIAN_POINT ( 'NONE',  ( 2.700000000000000178, 0.0000000000000000000, -2.500000000000000000 ) ) ;
#353 = VECTOR ( 'NONE', #2807, 1000.000000000000000 ) ;
#354 = ADVANCED_FACE ( 'NONE', ( #4422 ), #2581, .F. ) ;
#355 = ORIENTED_EDGE ( 'NONE', *, *, #3749, .F. ) ;
#356 = AXIS2_PLACEMENT_3D ( 'NONE', #2336, #2264, #2625 ) ;
#357 = ORIENTED_EDGE ( 'NONE', *, *, #1394, .F. ) ;
#358 = PLANE ( 'NONE',  #570 ) ;
#359 = DIRECTION ( 'NONE',  ( -0.9988151076480934476, 0.0000000000000000000, 0.04866601210216072587 ) ) ;
#360 = DIRECTION ( 'NONE',  ( 0.9846232660466353037, 0.1746912246212065367, 0.0000000000000000000 ) ) ;
#361 = VECTOR ( 'NONE', #3917, 1000.000000000000114 ) ;
#362 = ORIENTED_EDGE ( 'NONE', *, *, #3637, .F. ) ;
#363 = ORIENTED_EDGE ( 'NONE', *, *, #4670, .T. ) ;
#364 = CYLINDRICAL_SURFACE ( 'NONE', #3145, 2.000000000000000000 ) ;
#365 = CARTESIAN_POINT ( 'NONE',  ( 1.300000000000000044, 0.0000000000000000000, 0.0000000000000000000 ) ) ;
#366 = AXIS2_PLACEMENT_3D ( 'NONE', #4369, #4818, #292 ) ;
#367 = DIRECTION ( 'NONE',  ( 0.0000000000000000000, 1.000000000000000000, 0.0000000000000000000 ) ) ;
#368 = VERTEX_POINT ( 'NONE', #1785 ) ;
#369 = VERTEX_POINT ( 'NONE', #2508 ) ;
#370 = CARTESIAN_POINT ( 'NONE',  ( 6.009999999999999787, 11.09999999999999964, -7.849999999999999645 ) ) ;
#371 = CARTESIAN_POINT ( 'NONE',  ( 0.0000000000000000000, 12.50000000000000000, 0.0000000000000000000 ) ) ;
#372 = ADVANCED_FACE ( 'NONE', ( #2250 ), #364, .F. ) ;
#373 = CARTESIAN_POINT ( 'NONE',  ( 5.000000000000000000, 0.0000000000000000000, -2.500000000000000000 ) ) ;
#374 = ADVANCED_FACE ( 'NONE', ( #1042 ), #3985, .T. ) ;
#375 = CARTESIAN_POINT ( 'NONE',  ( 1.065031649091999988, 0.0000000000000000000, 0.4845512089258000032 ) ) ;
#376 = DIRECTION ( 'NONE',  ( -0.1381240947497990035, -0.9904149304455929226, 0.0000000000000000000 ) ) ;
#377 = ORIENTED_EDGE ( 'NONE', *, *, #2608, .F. ) ;
#378 = ADVANCED_FACE ( 'NONE', ( #655 ), #2150, .F. ) ;
#379 = LINE ( 'NONE', #2335, #3288 ) ;
#380 = DIRECTION ( 'NONE',  ( 1.000000000000000000, 0.0000000000000000000, 0.0000000000000000000 ) ) ;
#381 = DIRECTION ( 'NONE',  ( 0.0000000000000000000, 1.000000000000000000, 0.0000000000000000000 ) ) ;
#382 = DIRECTION ( 'NONE',  ( 0.4363252738282898946, 0.0000000000000000000, 0.8997890060556796854 ) ) ;
#383 = ORIENTED_EDGE ( 'NONE', *, *, #223, .T. ) ;
#384 = ORIENTED_EDGE ( 'NONE', *, *, #2036, .T. ) ;
#385 = CARTESIAN_POINT ( 'NONE',  ( 2.305000000000000160, 0.0000000000000000000, -10.00000000000000000 ) ) ;
#386 = DIRECTION ( 'NONE',  ( -0.2040816326531012248, 0.0000000000000000000, 0.9789538738948043717 ) ) ;
#387 = ADVANCED_FACE ( 'NONE', ( #1927 ), #1506, .T. ) ;
#388 = LINE ( 'NONE', #3723, #2146 ) ;
#389 = EDGE_LOOP ( 'NONE', ( #548, #2897, #3485, #978, #3425 ) ) ;
#390 = EDGE_LOOP ( 'NONE', ( #3898, #958, #2088, #1973, #1398 ) ) ;
#391 = DIRECTION ( 'NONE',  ( -0.1381240947497990035, -0.9904149304455929226, 0.0000000000000000000 ) ) ;
#392 = DIRECTION ( 'NONE',  ( 0.0000000000000000000, 1.000000000000000000, 0.0000000000000000000 ) ) ;
#393 = ADVANCED_FACE ( 'NONE', ( #2722 ), #1946, .F. ) ;
#394 = DIRECTION ( 'NONE',  ( -0.9904149304455928116, 0.1381240947497989757, 0.0000000000000000000 ) ) ;
#395 = ORIENTED_EDGE ( 'NONE', *, *, #4280, .T. ) ;
#396 = DIRECTION ( 'NONE',  ( -0.0000000000000000000, 1.000000000000000000, 0.0000000000000000000 ) ) ;
#397 = CARTESIAN_POINT ( 'NONE',  ( 7.062905807744999542, 6.479374771332999217, -0.5250000000000000222 ) ) ;
#398 = EDGE_CURVE ( 'NONE', #3695, #2603, #3786, .T. ) ;
#399 = DIRECTION ( 'NONE',  ( 1.000000000000000000, 0.0000000000000000000, 0.0000000000000000000 ) ) ;
#400 = EDGE_LOOP ( 'NONE', ( #4276, #4703, #643, #2339, #696 ) ) ;
#401 = EDGE_CURVE ( 'NONE', #2551, #827, #38, .T. ) ;
#402 = ORIENTED_EDGE ( 'NONE', *, *, #4403, .T. ) ;
#403 = CARTESIAN_POINT ( 'NONE',  ( 5.000000000000000000, 12.30000000000000071, -7.500000000000000000 ) ) ;
#404 = LINE ( 'NONE', #479, #1532 ) ;
#405 = AXIS2_PLACEMENT_3D ( 'NONE', #1001, #1732, #4774 ) ;
#406 = DIRECTION ( 'NONE',  ( 0.0000000000000000000, 0.0000000000000000000, -1.000000000000000000 ) ) ;
#407 = ORIENTED_EDGE ( 'NONE', *, *, #1692, .T. ) ;
#408 = EDGE_CURVE ( 'NONE', #4185, #4007, #4511, .T. ) ;
#409 = ORIENTED_EDGE ( 'NONE', *, *, #1330, .T. ) ;
#410 = VECTOR ( 'NONE', #1675, 1000.000000000000000 ) ;
#411 = CARTESIAN_POINT ( 'NONE',  ( 7.261839464882999806, 6.500000000000000000, -5.525000000000000355 ) ) ;
#412 = AXIS2_PLACEMENT_3D ( 'NONE', #1991, #2737, #3437 ) ;
#413 = CARTESIAN_POINT ( 'NONE',  ( 0.0000000000000000000, 12.50000000000000000, 0.0000000000000000000 ) ) ;
#414 = VECTOR ( 'NONE', #2530, 1000.000000000000114 ) ;
#415 = AXIS2_PLACEMENT_3D ( 'NONE', #370, #2905, #1513 ) ;
#416 = VECTOR ( 'NONE', #3070, 1000.000000000000114 ) ;
#417 = DIRECTION ( 'NONE',  ( -0.1031261433326042115, 0.9946682856919401017, 0.0000000000000000000 ) ) ;
#418 = CARTESIAN_POINT ( 'NONE',  ( 5.000000000000000000, 12.50000000000000000, -9.500000000000000000 ) ) ;
#419 = AXIS2_PLACEMENT_3D ( 'NONE', #3134, #4324, #164 ) ;
#420 = CIRCLE ( 'NONE', #3142, 0.4000000000000002442 ) ;
#421 = APPROVAL ( #4637, 'UNSPECIFIED' ) ;
#422 = ORIENTED_EDGE ( 'NONE', *, *, #4684, .F. ) ;
#423 = DIRECTION ( 'NONE',  ( 0.0000000000000000000, 0.0000000000000000000, -1.000000000000000000 ) ) ;
#424 = AXIS2_PLACEMENT_3D ( 'NONE', #4059, #726, #2876 ) ;
#425 = AXIS2_PLACEMENT_3D ( 'NONE', #1508, #406, #4086 ) ;
#426 = CARTESIAN_POINT ( 'NONE',  ( 5.400000000000000355, 10.20000000000000107, -7.849999999999999645 ) ) ;
#427 = CARTESIAN_POINT ( 'NONE',  ( 3.764878293170999868, 3.556833669066000070, -6.474999999999999645 ) ) ;
#428 = ADVANCED_FACE ( 'NONE', ( #793 ), #2290, .F. ) ;
#429 = CIRCLE ( 'NONE', #1054, 1.500000000000000000 ) ;
#430 = ORIENTED_EDGE ( 'NONE', *, *, #2235, .T. ) ;
#431 = ADVANCED_FACE ( 'NONE', ( #3033 ), #1570, .F. ) ;
#432 = ORIENTED_EDGE ( 'NONE', *, *, #4663, .T. ) ;
#433 = CARTESIAN_POINT ( 'NONE',  ( 5.000000000000000000, 11.64063466520999945, -2.500000000000000000 ) ) ;
#434 = DIRECTION ( 'NONE',  ( 0.1746912246211096142, -0.9846232660466525122, 0.0000000000000000000 ) ) ;
#435 = VECTOR ( 'NONE', #1539, 1000.000000000000000 ) ;
#436 = ORIENTED_EDGE ( 'NONE', *, *, #3016, .T. ) ;
#437 = CONICAL_SURFACE ( 'NONE', #1601, 1.950000000000000400, 0.2617993877991000029 ) ;
#438 = ORIENTED_EDGE ( 'NONE', *, *, #2518, .T. ) ;
#439 = TOROIDAL_SURFACE ( 'NONE', #1219, 1.360000000000000098, 0.5999999999999999778 ) ;
#440 = DIRECTION ( 'NONE',  ( 0.0000000000000000000, -1.000000000000000000, 0.0000000000000000000 ) ) ;
#441 = ADVANCED_FACE ( 'NONE', ( #61 ), #3083, .F. ) ;
#442 = CARTESIAN_POINT ( 'NONE',  ( 5.400000000000000355, 10.50000000000000000, -0.5812504071661999117 ) ) ;
#443 = CARTESIAN_POINT ( 'NONE',  ( 4.599999999999999645, 10.20000000000000107, -7.849999999999999645 ) ) ;
#444 = ORIENTED_EDGE ( 'NONE', *, *, #3087, .F. ) ;
#445 = EDGE_CURVE ( 'NONE', #2109, #4302, #1842, .T. ) ;
#446 = CARTESIAN_POINT ( 'NONE',  ( 5.000000000000000000, -3.899999999999999911, -2.000000000000000000 ) ) ;
#447 = DIRECTION ( 'NONE',  ( 0.9991345801681310590, 0.0000000000000000000, 0.04159435913982130473 ) ) ;
#448 = DATE_AND_TIME ( #1541, #1222 ) ;
#449 = ORIENTED_EDGE ( 'NONE', *, *, #4559, .F. ) ;
#450 = DIRECTION ( 'NONE',  ( 0.0000000000000000000, 0.0000000000000000000, -1.000000000000000000 ) ) ;
#451 = DIRECTION ( 'NONE',  ( 0.9904149304455928116, -0.1381240947497989757, 0.0000000000000000000 ) ) ;
#452 = CARTESIAN_POINT ( 'NONE',  ( 5.000000000000000000, 12.50000000000000000, -7.500000000000000000 ) ) ;
#453 = CARTESIAN_POINT ( 'NONE',  ( 6.009999999999999787, 11.09999999999999964, -7.849999999999999645 ) ) ;
#454 = EDGE_LOOP ( 'NONE', ( #1095, #1576, #777, #2172, #4586, #528 ) ) ;
#455 = ORIENTED_EDGE ( 'NONE', *, *, #4800, .T. ) ;
#456 = FACE_OUTER_BOUND ( 'NONE', #4074, .T. ) ;
#457 = DIRECTION ( 'NONE',  ( -1.000000000000000000, 0.0000000000000000000, 0.0000000000000000000 ) ) ;
#458 = LINE ( 'NONE', #736, #2127 ) ;
#459 = EDGE_CURVE ( 'NONE', #4781, #773, #478, .T. ) ;
#460 = ORIENTED_EDGE ( 'NONE', *, *, #2785, .F. ) ;
#461 = ORIENTED_EDGE ( 'NONE', *, *, #3388, .T. ) ;
#462 = FACE_OUTER_BOUND ( 'NONE', #3221, .T. ) ;
#463 = CARTESIAN_POINT ( 'NONE',  ( 4.599999999999999645, 11.09999999999999964, -2.850000000000000089 ) ) ;
#464 = DIRECTION ( 'NONE',  ( -0.09324284527829096447, 0.8993422818777098149, 0.4271875838919043100 ) ) ;
#465 = ORIENTED_EDGE ( 'NONE', *, *, #178, .T. ) ;
#466 = VERTEX_POINT ( 'NONE', #822 ) ;
#467 = EDGE_CURVE ( 'NONE', #4790, #1945, #2319, .T. ) ;
#468 = PLANE ( 'NONE',  #745 ) ;
#469 = DIRECTION ( 'NONE',  ( -0.1381240947497990035, -0.9904149304455929226, 0.0000000000000000000 ) ) ;
#470 = ADVANCED_FACE ( 'NONE', ( #456 ), #3355, .F. ) ;
#471 = ORIENTED_EDGE ( 'NONE', *, *, #1872, .F. ) ;
#472 = CYLINDRICAL_SURFACE ( 'NONE', #1742, 1.000000000000000888 ) ;
#473 = FACE_BOUND ( 'NONE', #3914, .T. ) ;
#474 = CARTESIAN_POINT ( 'NONE',  ( 3.764878293170999868, 3.556833669066000070, -1.474999999999999867 ) ) ;
#475 = DIRECTION ( 'NONE',  ( 0.0000000000000000000, -1.000000000000000000, 0.0000000000000000000 ) ) ;
#476 = ORIENTED_EDGE ( 'NONE', *, *, #340, .F. ) ;
#477 = ORIENTED_EDGE ( 'NONE', *, *, #3856, .F. ) ;
#478 = LINE ( 'NONE', #2268, #661 ) ;
#479 = CARTESIAN_POINT ( 'NONE',  ( 5.400000000000000355, 11.09999999999999964, -2.149999999999999911 ) ) ;
#480 = LINE ( 'NONE', #371, #3984 ) ;
#481 = EDGE_CURVE ( 'NONE', #4252, #1495, #4541, .T. ) ;
#482 = ORIENTED_EDGE ( 'NONE', *, *, #3019, .T. ) ;
#483 = VERTEX_POINT ( 'NONE', #1139 ) ;
#484 = FACE_OUTER_BOUND ( 'NONE', #2422, .T. ) ;
#485 = CARTESIAN_POINT ( 'NONE',  ( 5.000000000000000000, 0.9000000000000000222, -2.500000000000000000 ) ) ;
#486 = CARTESIAN_POINT ( 'NONE',  ( 1.554282626314999805, 12.50000000000000000, -1.500000000000000000 ) ) ;
#487 = ADVANCED_FACE ( 'NONE', ( #2701 ), #4386, .F. ) ;
#488 = VECTOR ( 'NONE', #2412, 1000.000000000000000 ) ;
#489 = ORIENTED_EDGE ( 'NONE', *, *, #3493, .F. ) ;
#490 = EDGE_CURVE ( 'NONE', #3504, #612, #3447, .T. ) ;
#491 = DIRECTION ( 'NONE',  ( 0.0000000000000000000, 0.7071067811865975328, 0.7071067811864976127 ) ) ;
#492 = VECTOR ( 'NONE', #2359, 1000.000000000000000 ) ;
#493 = CARTESIAN_POINT ( 'NONE',  ( 5.396862696660000402, 0.0000000000000000000, -7.950000000000000178 ) ) ;
#494 = AXIS2_PLACEMENT_3D ( 'NONE', #717, #3199, #4052 ) ;
#495 = ORIENTED_EDGE ( 'NONE', *, *, #4576, .F. ) ;
#496 = CARTESIAN_POINT ( 'NONE',  ( 0.0000000000000000000, 0.0000000000000000000, 0.0000000000000000000 ) ) ;
#497 = CARTESIAN_POINT ( 'NONE',  ( 5.000000000000000000, -3.899999999999999911, -7.500000000000000000 ) ) ;
#498 = CARTESIAN_POINT ( 'NONE',  ( 1.554282626314999805, 12.50000000000000000, -6.500000000000000000 ) ) ;
#499 = LINE ( 'NONE', #1994, #3289 ) ;
#500 = VECTOR ( 'NONE', #4641, 1000.000000000000000 ) ;
#501 = CIRCLE ( 'NONE', #114, 2.000000000000000000 ) ;
#502 = PERSON ( 'UNSPECIFIED', 'UNSPECIFIED', 'UNSPECIFIED', ('UNSPECIFIED'), ('UNSPECIFIED'), ('UNSPECIFIED') ) ;
#503 = EDGE_CURVE ( 'NONE', #242, #2501, #4620, .T. ) ;
#504 = VERTEX_POINT ( 'NONE', #1625 ) ;
#505 = VECTOR ( 'NONE', #2225, 1000.000000000000000 ) ;
#506 = ORIENTED_EDGE ( 'NONE', *, *, #3796, .F. ) ;
#507 = VECTOR ( 'NONE', #1787, 1000.000000000000000 ) ;
#508 = CARTESIAN_POINT ( 'NONE',  ( 5.000000000000000000, 11.86339745961999981, -7.500000000000000000 ) ) ;
#509 = CARTESIAN_POINT ( 'NONE',  ( 5.400000000000000355, 10.20000000000000107, -7.849999999999999645 ) ) ;
#510 = CARTESIAN_POINT ( 'NONE',  ( 4.009999999999999787, 11.09999999999999964, -2.149999999999999911 ) ) ;
#511 = VECTOR ( 'NONE', #2962, 1000.000000000000000 ) ;
#512 = ORIENTED_EDGE ( 'NONE', *, *, #157, .F. ) ;
#513 = ORIENTED_EDGE ( 'NONE', *, *, #3677, .T. ) ;
#514 = PLANE ( 'NONE',  #576 ) ;
#515 = DIRECTION ( 'NONE',  ( 0.0000000000000000000, -1.000000000000000000, 0.0000000000000000000 ) ) ;
#516 = LINE ( 'NONE', #92, #4225 ) ;
#517 = ORIENTED_EDGE ( 'NONE', *, *, #2974, .F. ) ;
#518 = EDGE_CURVE ( 'NONE', #1300, #2019, #1325, .T. ) ;
#519 = LINE ( 'NONE', #168, #2238 ) ;
#521 = CARTESIAN_POINT ( 'NONE',  ( 7.270263667275999708, 4.479374771332999217, -1.474999999999999867 ) ) ;
#520 = CIRCLE ( 'NONE', #4241, 0.1499999999999999667 ) ;
#522 = EDGE_CURVE ( 'NONE', #1664, #3638, #530, .T. ) ;
#523 = ORIENTED_EDGE ( 'NONE', *, *, #1231, .T. ) ;
#524 = LINE ( 'NONE', #2013, #1116 ) ;
#525 = DIRECTION ( 'NONE',  ( 0.0000000000000000000, 0.0000000000000000000, -1.000000000000000000 ) ) ;
#526 = DIRECTION ( 'NONE',  ( 0.8957173736854308066, 0.0000000000000000000, -0.4446238707920150968 ) ) ;
#527 = DIRECTION ( 'NONE',  ( 0.0000000000000000000, 0.0000000000000000000, 1.000000000000000000 ) ) ;
#528 = ORIENTED_EDGE ( 'NONE', *, *, #1059, .F. ) ;
#529 = ORIENTED_EDGE ( 'NONE', *, *, #4321, .F. ) ;
#530 = LINE ( 'NONE', #4636, #2452 ) ;
#531 = PERSON_AND_ORGANIZATION_ROLE ( 'design_supplier' ) ;
#532 = CARTESIAN_POINT ( 'NONE',  ( 5.000000000000000000, 0.9000000000000000222, -7.000000000000000000 ) ) ;
#533 = EDGE_LOOP ( 'NONE', ( #4707, #2669, #121, #4114 ) ) ;
#534 = VERTEX_POINT ( 'NONE', #4588 ) ;
#535 = EDGE_CURVE ( 'NONE', #295, #156, #4697, .T. ) ;
#536 = FACE_OUTER_BOUND ( 'NONE', #400, .T. ) ;
#537 = DIRECTION ( 'NONE',  ( 0.0000000000000000000, -1.000000000000000000, 0.0000000000000000000 ) ) ;
#538 = LINE ( 'NONE', #3502, #1658 ) ;
#539 = ORIENTED_EDGE ( 'NONE', *, *, #2141, .T. ) ;
#540 = ORIENTED_EDGE ( 'NONE', *, *, #2492, .F. ) ;
#541 = CARTESIAN_POINT ( 'NONE',  ( 5.400000000000000355, 11.09999999999999964, -7.849999999999999645 ) ) ;
#542 = CYLINDRICAL_SURFACE ( 'NONE', #2984, 0.4000000000000001332 ) ;
#543 = ADVANCED_FACE ( 'NONE', ( #227 ), #2038, .F. ) ;
#544 = ORIENTED_EDGE ( 'NONE', *, *, #4649, .F. ) ;
#545 = DIRECTION ( 'NONE',  ( 0.9904149304455928116, -0.1381240947497989757, 0.0000000000000000000 ) ) ;
#546 = CARTESIAN_POINT ( 'NONE',  ( 7.261839464882999806, 6.500000000000000000, -5.525000000000000355 ) ) ;
#547 = DIRECTION ( 'NONE',  ( -1.000000000000000000, 0.0000000000000000000, 0.0000000000000000000 ) ) ;
#548 = ORIENTED_EDGE ( 'NONE', *, *, #3645, .F. ) ;
#549 = VERTEX_POINT ( 'NONE', #1719 ) ;
#550 = ADVANCED_FACE ( 'NONE', ( #2065 ), #188, .F. ) ;
#551 = DIRECTION ( 'NONE',  ( 0.9904149304455928116, -0.1381240947497989757, 0.0000000000000000000 ) ) ;
#552 = PERSON_AND_ORGANIZATION_ROLE ( 'design_owner' ) ;
#553 = DIRECTION ( 'NONE',  ( 1.000000000000000000, 0.0000000000000000000, 0.0000000000000000000 ) ) ;
#554 = ORIENTED_EDGE ( 'NONE', *, *, #1147, .F. ) ;
#555 = ORIENTED_EDGE ( 'NONE', *, *, #3637, .T. ) ;
#556 = FACE_OUTER_BOUND ( 'NONE', #3724, .T. ) ;
#557 = DIRECTION ( 'NONE',  ( -1.000000000000000000, 0.0000000000000000000, 0.0000000000000000000 ) ) ;
#558 = EDGE_CURVE ( 'NONE', #680, #1084, #2838, .T. ) ;
#559 = EDGE_LOOP ( 'NONE', ( #1830, #4458, #804, #1452, #4661, #363, #1728, #1895, #3311, #4344, #1281, #3966 ) ) ;
#560 = DIRECTION ( 'NONE',  ( 0.0000000000000000000, 0.0000000000000000000, -1.000000000000000000 ) ) ;
#561 = LINE ( 'NONE', #3095, #883 ) ;
#562 = VERTEX_POINT ( 'NONE', #2792 ) ;
#563 = FACE_OUTER_BOUND ( 'NONE', #2068, .T. ) ;
#564 = DIRECTION ( 'NONE',  ( -0.9904149304455928116, 0.1381240947497989757, 0.0000000000000000000 ) ) ;
#565 = VECTOR ( 'NONE', #545, 1000.000000000000000 ) ;
#566 = LINE ( 'NONE', #3925, #3909 ) ;
#567 = VECTOR ( 'NONE', #3825, 1000.000000000000000 ) ;
#568 = ORIENTED_EDGE ( 'NONE', *, *, #3575, .F. ) ;
#569 = EDGE_LOOP ( 'NONE', ( #1158, #3521, #3858, #3593 ) ) ;
#570 = AXIS2_PLACEMENT_3D ( 'NONE', #1853, #4436, #1103 ) ;
#571 = AXIS2_PLACEMENT_3D ( 'NONE', #2279, #2713, #2977 ) ;
#572 = DIRECTION ( 'NONE',  ( 0.0000000000000000000, 1.000000000000000000, 0.0000000000000000000 ) ) ;
#573 = EDGE_CURVE ( 'NONE', #1483, #4367, #4248, .T. ) ;
#574 = DIRECTION ( 'NONE',  ( 0.0000000000000000000, -1.000000000000000000, 0.0000000000000000000 ) ) ;
#575 = ADVANCED_FACE ( 'NONE', ( #3568, #3902 ), #4267, .T. ) ;
#576 = AXIS2_PLACEMENT_3D ( 'NONE', #829, #2004, #3478 ) ;
#577 = CIRCLE ( 'NONE', #1123, 0.2000000000000000389 ) ;
#578 = ORIENTED_EDGE ( 'NONE', *, *, #3068, .T. ) ;
#579 = EDGE_LOOP ( 'NONE', ( #2867, #339, #1682, #3405, #3296, #3719, #4614, #1411, #2801, #855 ) ) ;
#580 = DIRECTION ( 'NONE',  ( 0.9904149304455928116, -0.1381240947497989757, 0.0000000000000000000 ) ) ;
#581 = CARTESIAN_POINT ( 'NONE',  ( 2.660000000000000142, 9.000000000000000000, -9.279999999999999361 ) ) ;
#582 = DIRECTION ( 'NONE',  ( -0.1381240947498970917, -0.9904149304455791558, 0.0000000000000000000 ) ) ;
#583 = VERTEX_POINT ( 'NONE', #939 ) ;
#584 = CIRCLE ( 'NONE', #2998, 1.959999999999999742 ) ;
#585 = ORIENTED_EDGE ( 'NONE', *, *, #4101, .F. ) ;
#586 = EDGE_CURVE ( 'NONE', #893, #1852, #4317, .T. ) ;
#587 = DIRECTION ( 'NONE',  ( 0.0000000000000000000, 0.0000000000000000000, -1.000000000000000000 ) ) ;
#588 = FACE_OUTER_BOUND ( 'NONE', #1796, .T. ) ;
#589 = VERTEX_POINT ( 'NONE', #920 ) ;
#590 = CARTESIAN_POINT ( 'NONE',  ( 6.009999999999999787, 11.09999999999999964, -2.850000000000000089 ) ) ;
#591 = CIRCLE ( 'NONE', #3318, 1.959999999999999298 ) ;
#592 = EDGE_CURVE ( 'NONE', #1244, #1511, #3124, .T. ) ;
#593 = FACE_OUTER_BOUND ( 'NONE', #3891, .T. ) ;
#594 = DIRECTION ( 'NONE',  ( 1.000000000000000000, 0.0000000000000000000, 0.0000000000000000000 ) ) ;
#595 = AXIS2_PLACEMENT_3D ( 'NONE', #2411, #2773, #4249 ) ;
#596 = ORIENTED_EDGE ( 'NONE', *, *, #1783, .F. ) ;
#597 = ORIENTED_EDGE ( 'NONE', *, *, #1596, .F. ) ;
#598 = DIRECTION ( 'NONE',  ( 0.0000000000000000000, -1.000000000000000000, 0.0000000000000000000 ) ) ;
#599 = CARTESIAN_POINT ( 'NONE',  ( 7.000000000000000000, 3.299999999999999822, -1.000000000000000000 ) ) ;
#600 = EDGE_LOOP ( 'NONE', ( #3387, #3074, #3418, #3507 ) ) ;
#601 = ORIENTED_EDGE ( 'NONE', *, *, #4739, .T. ) ;
#602 = FACE_OUTER_BOUND ( 'NONE', #3346, .T. ) ;
#603 = DIRECTION ( 'NONE',  ( 0.0000000000000000000, 1.000000000000000000, 0.0000000000000000000 ) ) ;
#604 = EDGE_CURVE ( 'NONE', #1169, #3045, #4681, .T. ) ;
#605 = CARTESIAN_POINT ( 'NONE',  ( 4.599999999999999645, 10.20000000000000107, -0.5812504071661999117 ) ) ;
#606 = ORIENTED_EDGE ( 'NONE', *, *, #1122, .T. ) ;
#607 = ORIENTED_EDGE ( 'NONE', *, *, #3173, .F. ) ;
#608 = DIRECTION ( 'NONE',  ( 0.0000000000000000000, -1.000000000000000000, 0.0000000000000000000 ) ) ;
#609 = ADVANCED_FACE ( 'NONE', ( #4611 ), #3177, .F. ) ;
#610 = CARTESIAN_POINT ( 'NONE',  ( 4.599999999999999645, 10.50000000000000000, -0.5812504071661999117 ) ) ;
#611 = CARTESIAN_POINT ( 'NONE',  ( 5.400000000000000355, 10.20000000000000107, -4.418749592834000595 ) ) ;
#612 = VERTEX_POINT ( 'NONE', #961 ) ;
#613 = DIRECTION ( 'NONE',  ( 0.0000000000000000000, 0.0000000000000000000, -1.000000000000000000 ) ) ;
#614 = CARTESIAN_POINT ( 'NONE',  ( 4.599999999999999645, 11.09999999999999964, -6.200153855257999780 ) ) ;
#615 = DIRECTION ( 'NONE',  ( 0.0000000000000000000, 1.000000000000000000, 0.0000000000000000000 ) ) ;
#616 = EDGE_CURVE ( 'NONE', #943, #2825, #1356, .T. ) ;
#617 = EDGE_LOOP ( 'NONE', ( #2988, #607, #2902, #383 ) ) ;
#618 = ORIENTED_EDGE ( 'NONE', *, *, #2317, .T. ) ;
#619 = LINE ( 'NONE', #2111, #1273 ) ;
#620 = CARTESIAN_POINT ( 'NONE',  ( 2.399999999999999911, 0.0000000000000000000, 0.6999999999999999556 ) ) ;
#621 = LINE ( 'NONE', #4342, #2308 ) ;
#622 = DIRECTION ( 'NONE',  ( 0.0000000000000000000, 0.0000000000000000000, -1.000000000000000000 ) ) ;
#623 = ORIENTED_EDGE ( 'NONE', *, *, #4675, .T. ) ;
#624 = VERTEX_POINT ( 'NONE', #2089 ) ;
#625 = DIRECTION ( 'NONE',  ( 0.0000000000000000000, 1.000000000000000000, 0.0000000000000000000 ) ) ;
#626 = CARTESIAN_POINT ( 'NONE',  ( 5.000000000000000000, 11.09999999999999964, -2.500000000000000000 ) ) ;
#627 = FACE_OUTER_BOUND ( 'NONE', #1628, .T. ) ;
#628 = EDGE_CURVE ( 'NONE', #3965, #4163, #1997, .T. ) ;
#629 = CC_DESIGN_PERSON_AND_ORGANIZATION_ASSIGNMENT ( #3861, #2793, ( #695 ) ) ;
#630 = VERTEX_POINT ( 'NONE', #3105 ) ;
#631 = ORIENTED_EDGE ( 'NONE', *, *, #4807, .T. ) ;
#632 = LINE ( 'NONE', #496, #3052 ) ;
#633 = FACE_BOUND ( 'NONE', #1029, .T. ) ;
#634 = EDGE_CURVE ( 'NONE', #3915, #4265, #1256, .T. ) ;
#635 = DIRECTION ( 'NONE',  ( 0.0000000000000000000, 1.000000000000000000, 0.0000000000000000000 ) ) ;
#636 = ADVANCED_FACE ( 'NONE', ( #895 ), #1066, .F. ) ;
#637 = ORIENTED_EDGE ( 'NONE', *, *, #2097, .F. ) ;
#638 = CARTESIAN_POINT ( 'NONE',  ( 5.000000000000000000, -3.899999999999999911, -7.500000000000000000 ) ) ;
#639 = CARTESIAN_POINT ( 'NONE',  ( 0.0000000000000000000, 9.000000000000000000, 5.000000000000000000 ) ) ;
#640 = VECTOR ( 'NONE', #587, 1000.000000000000000 ) ;
#641 = DIRECTION ( 'NONE',  ( -0.1031261433326042115, 0.9946682856919401017, 0.0000000000000000000 ) ) ;
#642 = AXIS2_PLACEMENT_3D ( 'NONE', #3341, #4199, #3107 ) ;
#643 = ORIENTED_EDGE ( 'NONE', *, *, #4727, .F. ) ;
#644 = ORIENTED_EDGE ( 'NONE', *, *, #131, .T. ) ;
#645 = DIRECTION ( 'NONE',  ( 1.000000000000000000, 0.0000000000000000000, 0.0000000000000000000 ) ) ;
#646 = FACE_OUTER_BOUND ( 'NONE', #4313, .T. ) ;
#647 = DIRECTION ( 'NONE',  ( 0.0000000000000000000, 0.0000000000000000000, -1.000000000000000000 ) ) ;
#648 = PLANE ( 'NONE',  #2050 ) ;
#649 = VECTOR ( 'NONE', #2918, 1000.000000000000000 ) ;
#650 = VECTOR ( 'NONE', #3641, 999.9999999999998863 ) ;
#651 = ORIENTED_EDGE ( 'NONE', *, *, #4559, .T. ) ;
#652 = AXIS2_PLACEMENT_3D ( 'NONE', #1154, #4075, #450 ) ;
#653 = ORIENTED_EDGE ( 'NONE', *, *, #322, .F. ) ;
#654 = AXIS2_PLACEMENT_3D ( 'NONE', #2187, #1741, #4049 ) ;
#655 = FACE_OUTER_BOUND ( 'NONE', #1744, .T. ) ;
#656 = CARTESIAN_POINT ( 'NONE',  ( 7.083761115470999847, 4.338849526717000415, -3.524999999999999911 ) ) ;
#657 = FACE_OUTER_BOUND ( 'NONE', #2122, .T. ) ;
#658 = CIRCLE ( 'NONE', #4766, 0.4000000000000000222 ) ;
#659 = ORIENTED_EDGE ( 'NONE', *, *, #1936, .F. ) ;
#660 = ORIENTED_EDGE ( 'NONE', *, *, #3582, .F. ) ;
#661 = VECTOR ( 'NONE', #4490, 1000.000000000000000 ) ;
#662 = VECTOR ( 'NONE', #1435, 1000.000000000000000 ) ;
#663 = LINE ( 'NONE', #709, #3757 ) ;
#664 = CARTESIAN_POINT ( 'NONE',  ( 5.000000000000000000, 9.500000000000000000, -4.460000000000000853 ) ) ;
#665 = CARTESIAN_POINT ( 'NONE',  ( 9.000000000000000000, 7.000000000000000000, -5.450000000000000178 ) ) ;
#666 = AXIS2_PLACEMENT_3D ( 'NONE', #3234, #3978, #647 ) ;
#667 = DIRECTION ( 'NONE',  ( 0.0000000000000000000, 0.0000000000000000000, -1.000000000000000000 ) ) ;
#668 = DIRECTION ( 'NONE',  ( 0.0000000000000000000, 0.0000000000000000000, 1.000000000000000000 ) ) ;
#669 = EDGE_CURVE ( 'NONE', #267, #63, #2534, .T. ) ;
#670 = DIRECTION ( 'NONE',  ( -1.000000000000000000, 0.0000000000000000000, 0.0000000000000000000 ) ) ;
#671 = VECTOR ( 'NONE', #3432, 1000.000000000000000 ) ;
#672 = ORIENTED_EDGE ( 'NONE', *, *, #4205, .T. ) ;
#673 = AXIS2_PLACEMENT_3D ( 'NONE', #4159, #873, #1472 ) ;
#674 = ORIENTED_EDGE ( 'NONE', *, *, #3078, .T. ) ;
#675 = LINE ( 'NONE', #2892, #1050 ) ;
#676 = CARTESIAN_POINT ( 'NONE',  ( 7.000000000000000000, 6.731521040106000164, -4.474999999999999645 ) ) ;
#677 = CARTESIAN_POINT ( 'NONE',  ( 4.600000000000000533, 11.09999999999994458, -8.943200466680767846 ) ) ;
#678 = CARTESIAN_POINT ( 'NONE',  ( 2.299999999999999822, 0.0000000000000000000, 0.0000000000000000000 ) ) ;
#679 = ORIENTED_EDGE ( 'NONE', *, *, #977, .F. ) ;
#680 = VERTEX_POINT ( 'NONE', #307 ) ;
#681 = DIRECTION ( 'NONE',  ( 0.0000000000000000000, 0.0000000000000000000, 1.000000000000000000 ) ) ;
#682 = CARTESIAN_POINT ( 'NONE',  ( 6.849327454361000100, 6.599999999999999645, -9.475000000000001421 ) ) ;
#683 = DIRECTION ( 'NONE',  ( 0.0000000000000000000, 0.0000000000000000000, -1.000000000000000000 ) ) ;
#684 = ORIENTED_EDGE ( 'NONE', *, *, #2355, .F. ) ;
#685 = ADVANCED_FACE ( 'NONE', ( #1105 ), #3844, .T. ) ;
#686 = ORIENTED_EDGE ( 'NONE', *, *, #4426, .T. ) ;
#687 = CARTESIAN_POINT ( 'NONE',  ( 5.000000000000000000, 12.05000000000000071, -0.5999999999999999778 ) ) ;
#688 = CARTESIAN_POINT ( 'NONE',  ( 5.000000000000000000, 10.50000000000000000, -7.500000000000000000 ) ) ;
#689 = DIRECTION ( 'NONE',  ( -0.04405420800635032746, 0.4249099417386031918, 0.9041630207925063223 ) ) ;
#690 = CARTESIAN_POINT ( 'NONE',  ( 3.862379601969000209, 3.361067348736000326, -1.474999999999999867 ) ) ;
#691 = FACE_OUTER_BOUND ( 'NONE', #759, .T. ) ;
#692 = CARTESIAN_POINT ( 'NONE',  ( 7.000000000000000000, 6.970537156019000591, -4.474999999999999645 ) ) ;
#693 = EDGE_CURVE ( 'NONE', #4421, #2711, #2143, .T. ) ;
#694 = VERTEX_POINT ( 'NONE', #719 ) ;
#695 = PRODUCT_DEFINITION ( 'UNKNOWN', '', #2703, #3531 ) ;
#696 = ORIENTED_EDGE ( 'NONE', *, *, #1772, .F. ) ;
#697 = DIRECTION ( 'NONE',  ( 0.0000000000000000000, 0.0000000000000000000, -1.000000000000000000 ) ) ;
#698 = CARTESIAN_POINT ( 'NONE',  ( 5.000000000000000000, 11.67679491923999890, -5.500000000000000000 ) ) ;
#699 = CARTESIAN_POINT ( 'NONE',  ( 7.062905807744999542, 6.479374771332999217, -9.475000000000001421 ) ) ;
#700 = FACE_OUTER_BOUND ( 'NONE', #2790, .T. ) ;
#701 = ORIENTED_EDGE ( 'NONE', *, *, #1488, .T. ) ;
#702 = EDGE_CURVE ( 'NONE', #2404, #1429, #1060, .T. ) ;
#703 = ORIENTED_EDGE ( 'NONE', *, *, #2840, .T. ) ;
#704 = DIRECTION ( 'NONE',  ( 0.0000000000000000000, 1.000000000000000000, 0.0000000000000000000 ) ) ;
#705 = CARTESIAN_POINT ( 'NONE',  ( 7.153637605319000059, 3.945000220299000215, -1.474999999999999867 ) ) ;
#706 = DIRECTION ( 'NONE',  ( 0.0000000000000000000, 1.000000000000000000, 0.0000000000000000000 ) ) ;
#707 = EDGE_LOOP ( 'NONE', ( #4156, #54, #1137, #3166, #3360, #2023, #1634, #919, #2970, #333, #3406, #4407 ) ) ;
#708 = ORIENTED_EDGE ( 'NONE', *, *, #1923, .T. ) ;
#709 = CARTESIAN_POINT ( 'NONE',  ( 2.305000000000000160, 0.0000000000000000000, -10.00000000000000000 ) ) ;
#710 = CARTESIAN_POINT ( 'NONE',  ( 1.300000000000000044, 9.000000000000000000, 0.0000000000000000000 ) ) ;
#711 = EDGE_CURVE ( 'NONE', #4529, #3519, #3253, .T. ) ;
#712 = LINE ( 'NONE', #350, #2466 ) ;
#713 = LINE ( 'NONE', #3223, #119 ) ;
#714 = FACE_OUTER_BOUND ( 'NONE', #4295, .T. ) ;
#715 = VERTEX_POINT ( 'NONE', #4438 ) ;
#716 = EDGE_LOOP ( 'NONE', ( #2782, #3250, #3155, #1260 ) ) ;
#717 = CARTESIAN_POINT ( 'NONE',  ( 5.000000000000000000, 12.05000000000000071, -2.500000000000000000 ) ) ;
#718 = DIRECTION ( 'NONE',  ( 1.000000000000000000, 0.0000000000000000000, 0.0000000000000000000 ) ) ;
#719 = CARTESIAN_POINT ( 'NONE',  ( 5.400000000000000355, 10.20000000000000107, -2.850000000000000089 ) ) ;
#720 = PLANE ( 'NONE',  #4767 ) ;
#721 = EDGE_LOOP ( 'NONE', ( #4362, #2706, #2484, #2817 ) ) ;
#722 = AXIS2_PLACEMENT_3D ( 'NONE', #839, #1479, #4076 ) ;
#723 = EDGE_LOOP ( 'NONE', ( #1314, #460, #4309, #1722 ) ) ;
#724 = EDGE_CURVE ( 'NONE', #2267, #4302, #825, .T. ) ;
#725 = AXIS2_PLACEMENT_3D ( 'NONE', #2837, #2789, #1304 ) ;
#726 = DIRECTION ( 'NONE',  ( 1.000000000000000000, 0.0000000000000000000, 0.0000000000000000000 ) ) ;
#727 = DIRECTION ( 'NONE',  ( 0.0000000000000000000, 0.0000000000000000000, -1.000000000000000000 ) ) ;
#728 = ADVANCED_FACE ( 'NONE', ( #4811 ), #3591, .F. ) ;
#729 = VECTOR ( 'NONE', #451, 1000.000000000000000 ) ;
#730 = CARTESIAN_POINT ( 'NONE',  ( 3.827441357045000103, 3.557992001945999405, -8.525000000000000355 ) ) ;
#731 = AXIS2_PLACEMENT_3D ( 'NONE', #330, #1013, #4419 ) ;
#732 = VERTEX_POINT ( 'NONE', #252 ) ;
#733 = ORIENTED_EDGE ( 'NONE', *, *, #4716, .T. ) ;
#734 = DIRECTION ( 'NONE',  ( 0.0000000000000000000, -1.000000000000000000, 0.0000000000000000000 ) ) ;
#735 = VECTOR ( 'NONE', #580, 1000.000000000000000 ) ;
#736 = CARTESIAN_POINT ( 'NONE',  ( 7.469197324414999173, 4.500000000000000000, -6.474999999999999645 ) ) ;
#737 = AXIS2_PLACEMENT_3D ( 'NONE', #3560, #4599, #950 ) ;
#738 = LINE ( 'NONE', #4451, #2604 ) ;
#739 = ADVANCED_FACE ( 'NONE', ( #2917 ), #4032, .F. ) ;
#740 = VECTOR ( 'NONE', #3400, 1000.000000000000000 ) ;
#741 = CIRCLE ( 'NONE', #4149, 0.5000000000000004441 ) ;
#742 = CARTESIAN_POINT ( 'NONE',  ( 1.199999999999999956, 9.000000000000000000, 0.6999999999999999556 ) ) ;
#743 = CARTESIAN_POINT ( 'NONE',  ( 5.000000000000000000, 12.50000000000000000, -4.500000000000000000 ) ) ;
#744 = CIRCLE ( 'NONE', #1449, 1.959999999999999964 ) ;
#745 = AXIS2_PLACEMENT_3D ( 'NONE', #71, #3043, #1473 ) ;
#746 = EDGE_CURVE ( 'NONE', #3630, #3732, #621, .T. ) ;
#747 = EDGE_LOOP ( 'NONE', ( #1184, #2945, #4723, #1989 ) ) ;
#748 = PLANE ( 'NONE',  #2293 ) ;
#749 = CARTESIAN_POINT ( 'NONE',  ( 3.862379601969000209, 3.361067348736000326, -8.525000000000000355 ) ) ;
#750 = DIRECTION ( 'NONE',  ( 0.0000000000000000000, 1.000000000000000000, 0.0000000000000000000 ) ) ;
#751 = CARTESIAN_POINT ( 'NONE',  ( 2.449999999999999734, 12.50000000000000000, -2.055376129208000169 ) ) ;
#752 = ORIENTED_EDGE ( 'NONE', *, *, #4789, .T. ) ;
#753 = VERTEX_POINT ( 'NONE', #1480 ) ;
#754 = DIRECTION ( 'NONE',  ( 0.0000000000000000000, 0.0000000000000000000, -1.000000000000000000 ) ) ;
#755 = CARTESIAN_POINT ( 'NONE',  ( 2.800870738470000010, 3.691274969103000014, -8.525000000000000355 ) ) ;
#756 = CIRCLE ( 'NONE', #3469, 0.4000000000000000222 ) ;
#757 = LINE ( 'NONE', #2992, #2762 ) ;
#758 = VERTEX_POINT ( 'NONE', #4757 ) ;
#759 = EDGE_LOOP ( 'NONE', ( #774, #2584 ) ) ;
#760 = EDGE_CURVE ( 'NONE', #1090, #2323, #3386, .T. ) ;
#761 = AXIS2_PLACEMENT_3D ( 'NONE', #3972, #243, #1344 ) ;
#762 = PLANE ( 'NONE',  #4077 ) ;
#763 = EDGE_CURVE ( 'NONE', #3894, #3672, #1825, .T. ) ;
#764 = CARTESIAN_POINT ( 'NONE',  ( 4.600485447233346292, 10.83964185394136770, -0.6638034606121793191 ) ) ;
#765 = PLANE ( 'NONE',  #259 ) ;
#766 = EDGE_CURVE ( 'NONE', #4744, #1438, #2217, .T. ) ;
#767 = ORIENTED_EDGE ( 'NONE', *, *, #4257, .T. ) ;
#768 = CARTESIAN_POINT ( 'NONE',  ( 4.599999999999999645, 11.09999999999999964, -6.200153855257999780 ) ) ;
#769 = CARTESIAN_POINT ( 'NONE',  ( 9.000000000000000000, 0.9000000000000000222, -0.4500000000000000111 ) ) ;
#770 = CARTESIAN_POINT ( 'NONE',  ( 5.000000000000000000, 0.0000000000000000000, -7.500000000000000000 ) ) ;
#771 = LINE ( 'NONE', #955, #2220 ) ;
#772 = ADVANCED_FACE ( 'NONE', ( #2113 ), #4712, .T. ) ;
#773 = VERTEX_POINT ( 'NONE', #3618 ) ;
#774 = ORIENTED_EDGE ( 'NONE', *, *, #2849, .T. ) ;
#775 = CARTESIAN_POINT ( 'NONE',  ( 5.399999999999965716, 10.67714561631171577, -5.581250407166161942 ) ) ;
#776 = CARTESIAN_POINT ( 'NONE',  ( 7.048261111498999476, 6.620625228667000428, -5.525000000000000355 ) ) ;
#777 = ORIENTED_EDGE ( 'NONE', *, *, #518, .T. ) ;
#778 = EDGE_LOOP ( 'NONE', ( #2971, #1797 ) ) ;
#779 = PLANE ( 'NONE',  #3141 ) ;
#780 = CARTESIAN_POINT ( 'NONE',  ( 0.0000000000000000000, 0.0000000000000000000, 0.0000000000000000000 ) ) ;
#781 = CC_DESIGN_DATE_AND_TIME_ASSIGNMENT ( #448, #1248, ( #2627 ) ) ;
#782 = ADVANCED_BREP_SHAPE_REPRESENTATION ( 'BR002', ( #1755, #595 ), #2396 ) ;
#783 = ADVANCED_FACE ( 'NONE', ( #2283 ), #1135, .F. ) ;
#784 = CARTESIAN_POINT ( 'NONE',  ( 4.600111238245751188, 11.05036736535331343, -0.9031279273322957435 ) ) ;
#785 = CARTESIAN_POINT ( 'NONE',  ( 0.0000000000000000000, 9.000000000000000000, 0.0000000000000000000 ) ) ;
#786 = EDGE_CURVE ( 'NONE', #368, #4529, #3755, .T. ) ;
#787 = VERTEX_POINT ( 'NONE', #1156 ) ;
#788 = DIRECTION ( 'NONE',  ( 0.9904149304455929226, -0.1381240947497990035, 0.0000000000000000000 ) ) ;
#789 = DIRECTION ( 'NONE',  ( 0.0000000000000000000, 0.0000000000000000000, -1.000000000000000000 ) ) ;
#790 = DIRECTION ( 'NONE',  ( 0.1746912246212065645, -0.9846232660466353037, 0.0000000000000000000 ) ) ;
#791 = ORIENTED_EDGE ( 'NONE', *, *, #3227, .T. ) ;
#792 = ORIENTED_EDGE ( 'NONE', *, *, #1021, .F. ) ;
#793 = FACE_OUTER_BOUND ( 'NONE', #2873, .T. ) ;
#794 = CARTESIAN_POINT ( 'NONE',  ( 5.399999999999998579, 11.09999999999994813, -6.056799533319236595 ) ) ;
#795 = DIRECTION ( 'NONE',  ( 0.0000000000000000000, 1.000000000000000000, 0.0000000000000000000 ) ) ;
#796 = ORIENTED_EDGE ( 'NONE', *, *, #2781, .F. ) ;
#797 = VERTEX_POINT ( 'NONE', #2599 ) ;
#798 = VECTOR ( 'NONE', #4512, 1000.000000000000000 ) ;
#799 = DIRECTION ( 'NONE',  ( 0.0000000000000000000, -1.000000000000000000, 0.0000000000000000000 ) ) ;
#800 = CARTESIAN_POINT ( 'NONE',  ( 7.000000000000000000, 6.970537156019000591, -0.5250000000000000222 ) ) ;
#801 = CIRCLE ( 'NONE', #3208, 0.4000000000000000222 ) ;
#802 = DIRECTION ( 'NONE',  ( 0.0000000000000000000, -1.000000000000000000, 0.0000000000000000000 ) ) ;
#803 = AXIS2_PLACEMENT_3D ( 'NONE', #6, #3397, #58 ) ;
#804 = ORIENTED_EDGE ( 'NONE', *, *, #711, .T. ) ;
#805 = AXIS2_PLACEMENT_3D ( 'NONE', #3283, #4450, #3314 ) ;
#806 = DIRECTION ( 'NONE',  ( 0.0000000000000000000, 1.000000000000000000, 0.0000000000000000000 ) ) ;
#807 = CARTESIAN_POINT ( 'NONE',  ( 4.599999999999999645, 10.20000000000000107, -7.150000000000000355 ) ) ;
#808 = AXIS2_PLACEMENT_3D ( 'NONE', #47, #3018, #2654 ) ;
#809 = VECTOR ( 'NONE', #2731, 1000.000000000000000 ) ;
#810 = PERSON_AND_ORGANIZATION ( #502, #4797 ) ;
#811 = EDGE_LOOP ( 'NONE', ( #1762, #1329, #4314, #3197 ) ) ;
#812 = EDGE_CURVE ( 'NONE', #3785, #280, #1942, .T. ) ;
#813 = CARTESIAN_POINT ( 'NONE',  ( 4.600111238245760070, 11.05036736535329034, -5.903127927332247893 ) ) ;
#814 = PLANE ( 'NONE',  #4525 ) ;
#815 = AXIS2_PLACEMENT_3D ( 'NONE', #1673, #2020, #2481 ) ;
#816 = VECTOR ( 'NONE', #1265, 1000.000000000000114 ) ;
#817 = CARTESIAN_POINT ( 'NONE',  ( 7.000000000000000000, 0.9000000000000000222, -6.983260773805000099 ) ) ;
#818 = DIRECTION ( 'NONE',  ( -0.04159435913982131167, 0.0000000000000000000, -0.9991345801681311700 ) ) ;
#819 = VECTOR ( 'NONE', #2666, 1000.000000000000000 ) ;
#820 = ORIENTED_EDGE ( 'NONE', *, *, #4272, .T. ) ;
#821 = VERTEX_POINT ( 'NONE', #426 ) ;
#822 = CARTESIAN_POINT ( 'NONE',  ( 2.700000000000000178, 3.299999999999999822, -6.000000000000000000 ) ) ;
#823 = DIRECTION ( 'NONE',  ( 0.0000000000000000000, -1.000000000000000000, 0.0000000000000000000 ) ) ;
#824 = CARTESIAN_POINT ( 'NONE',  ( 4.599999999999999645, 10.20000000000000107, -7.849999999999999645 ) ) ;
#825 = B_SPLINE_CURVE_WITH_KNOTS ( 'NONE', 3,
 ( #2575, #4394, #2555, #4010, #2170, #1855 ),
 .UNSPECIFIED., .F., .F.,
 ( 4, 2, 4 ),
 ( 0.0000000000000000000, 0.5000000000000000000, 1.000000000000000000 ),
 .UNSPECIFIED. ) ;
#826 = ORIENTED_EDGE ( 'NONE', *, *, #996, .F. ) ;
#827 = VERTEX_POINT ( 'NONE', #3008 ) ;
#828 = CIRCLE ( 'NONE', #3550, 0.6000000000000000888 ) ;
#829 = CARTESIAN_POINT ( 'NONE',  ( 9.000000000000000000, 7.000000000000000000, -4.549999999999999822 ) ) ;
#830 = CARTESIAN_POINT ( 'NONE',  ( 5.399999999999999467, 11.09999999999994635, -1.056799533319269235 ) ) ;
#831 = FACE_BOUND ( 'NONE', #81, .T. ) ;
#832 = ADVANCED_FACE ( 'NONE', ( #2645 ), #4099, .F. ) ;
#833 = ORIENTED_EDGE ( 'NONE', *, *, #1604, .T. ) ;
#834 = EDGE_LOOP ( 'NONE', ( #1863, #876, #2797, #2035 ) ) ;
#835 = DIRECTION ( 'NONE',  ( 0.0000000000000000000, 0.0000000000000000000, -1.000000000000000000 ) ) ;
#836 = DIRECTION ( 'NONE',  ( 0.0000000000000000000, 0.0000000000000000000, -1.000000000000000000 ) ) ;
#837 = EDGE_LOOP ( 'NONE', ( #1076, #2287, #4809, #1926 ) ) ;
#838 = CARTESIAN_POINT ( 'NONE',  ( 4.599999999999999645, 11.09999999999999964, -7.849999999999999645 ) ) ;
#839 = CARTESIAN_POINT ( 'NONE',  ( 5.000000000000000000, 1.165000000000000036, -2.500000000000000000 ) ) ;
#840 = CARTESIAN_POINT ( 'NONE',  ( 7.247194768637999829, 6.641250457333000234, -9.475000000000001421 ) ) ;
#841 = CARTESIAN_POINT ( 'NONE',  ( 1.300000000000000044, 0.0000000000000000000, 0.0000000000000000000 ) ) ;
#842 = EDGE_CURVE ( 'NONE', #4448, #3805, #1921, .T. ) ;
#843 = ORIENTED_EDGE ( 'NONE', *, *, #1988, .T. ) ;
#844 = ORIENTED_EDGE ( 'NONE', *, *, #1247, .F. ) ;
#845 = CARTESIAN_POINT ( 'NONE',  ( 6.009999999999999787, 11.09999999999999964, -2.149999999999999911 ) ) ;
#846 = CARTESIAN_POINT ( 'NONE',  ( 5.000000000000000000, 11.67679491923999890, -0.5000000000000000000 ) ) ;
#847 = EDGE_CURVE ( 'NONE', #4148, #1698, #1498, .T. ) ;
#848 = CARTESIAN_POINT ( 'NONE',  ( 2.449999999999999734, 12.50000000000000000, -7.055376129207999725 ) ) ;
#849 = EDGE_CURVE ( 'NONE', #3132, #1216, #1524, .T. ) ;
#850 = VERTEX_POINT ( 'NONE', #3715 ) ;
#851 = VERTEX_POINT ( 'NONE', #397 ) ;
#852 = CARTESIAN_POINT ( 'NONE',  ( 7.270263667275999708, 4.479374771332999217, -8.525000000000000355 ) ) ;
#853 = CARTESIAN_POINT ( 'NONE',  ( 5.400000000000000355, 11.09999999999999964, -8.799846144742000220 ) ) ;
#854 = LINE ( 'NONE', #2045, #816 ) ;
#855 = ORIENTED_EDGE ( 'NONE', *, *, #3980, .F. ) ;
#856 = ADVANCED_FACE ( 'NONE', ( #4463 ), #1892, .F. ) ;
#857 = EDGE_CURVE ( 'NONE', #1172, #3036, #3438, .T. ) ;
#858 = CARTESIAN_POINT ( 'NONE',  ( 9.000000000000000000, 0.9000000000000000222, -9.549999999999998934 ) ) ;
#859 = DIRECTION ( 'NONE',  ( -0.09324284527829096447, 0.8993422818777098149, 0.4271875838919043100 ) ) ;
#860 = VERTEX_POINT ( 'NONE', #840 ) ;
#861 = DIRECTION ( 'NONE',  ( 0.0000000000000000000, 0.0000000000000000000, -1.000000000000000000 ) ) ;
#862 = CARTESIAN_POINT ( 'NONE',  ( 5.000000000000000000, 12.05000000000000071, -9.400000000000000355 ) ) ;
#863 = CARTESIAN_POINT ( 'NONE',  ( 7.481628429746999487, 4.380099984049999229, -6.474999999999999645 ) ) ;
#864 = ORIENTED_EDGE ( 'NONE', *, *, #94, .F. ) ;
#865 = ORIENTED_EDGE ( 'NONE', *, *, #3463, .T. ) ;
#866 = CARTESIAN_POINT ( 'NONE',  ( 6.009999999999999787, 11.09999999999999964, -7.150000000000000355 ) ) ;
#867 = DIRECTION ( 'NONE',  ( 0.0000000000000000000, 1.000000000000000000, 0.0000000000000000000 ) ) ;
#868 = CARTESIAN_POINT ( 'NONE',  ( 5.000000000000000000, 12.50000000000000000, -7.500000000000000000 ) ) ;
#869 = EDGE_LOOP ( 'NONE', ( #2118, #2472, #4593, #2629, #3211, #471 ) ) ;
#870 = EDGE_CURVE ( 'NONE', #1153, #1852, #273, .T. ) ;
#871 = ORIENTED_EDGE ( 'NONE', *, *, #3019, .F. ) ;
#872 = ORIENTED_EDGE ( 'NONE', *, *, #2231, .T. ) ;
#873 = DIRECTION ( 'NONE',  ( 0.0000000000000000000, 1.000000000000000000, 0.0000000000000000000 ) ) ;
#874 = ADVANCED_FACE ( 'NONE', ( #107 ), #4486, .F. ) ;
#875 = DIRECTION ( 'NONE',  ( 0.9946682856919404347, 0.1031261433326021298, 0.0000000000000000000 ) ) ;
#876 = ORIENTED_EDGE ( 'NONE', *, *, #4440, .T. ) ;
#877 = CIRCLE ( 'NONE', #2366, 0.3999999999999999112 ) ;
#878 = CARTESIAN_POINT ( 'NONE',  ( 2.660000000000000142, 0.0000000000000000000, -9.279999999999999361 ) ) ;
#879 = VECTOR ( 'NONE', #4002, 1000.000000000000114 ) ;
#880 = CYLINDRICAL_SURFACE ( 'NONE', #3832, 0.5000000000000004441 ) ;
#881 = EDGE_CURVE ( 'NONE', #3950, #4328, #3693, .T. ) ;
#882 = VECTOR ( 'NONE', #4031, 1000.000000000000000 ) ;
#883 = VECTOR ( 'NONE', #2803, 1000.000000000000000 ) ;
#884 = ORIENTED_EDGE ( 'NONE', *, *, #3439, .F. ) ;
#885 = FACE_BOUND ( 'NONE', #3830, .T. ) ;
#886 = CARTESIAN_POINT ( 'NONE',  ( 4.009999999999999787, 11.09999999999999964, -7.849999999999999645 ) ) ;
#887 = CARTESIAN_POINT ( 'NONE',  ( 1.554282626315000027, 12.50000000000000000, -3.500000000000000000 ) ) ;
#888 = CARTESIAN_POINT ( 'NONE',  ( 7.000000000000000000, 6.731521040106000164, -9.475000000000001421 ) ) ;
#889 = AXIS2_PLACEMENT_3D ( 'NONE', #1577, #4126, #3426 ) ;
#890 = AXIS2_PLACEMENT_3D ( 'NONE', #4110, #391, #3408 ) ;
#891 = EDGE_CURVE ( 'NONE', #589, #4427, #4562, .T. ) ;
#892 = ORIENTED_EDGE ( 'NONE', *, *, #2128, .F. ) ;
#893 = VERTEX_POINT ( 'NONE', #1175 ) ;
#894 = VECTOR ( 'NONE', #3699, 1000.000000000000000 ) ;
#895 = FACE_OUTER_BOUND ( 'NONE', #1649, .T. ) ;
#896 = DATE_AND_TIME ( #141, #1068 ) ;
#897 = FACE_OUTER_BOUND ( 'NONE', #4738, .T. ) ;
#898 = VECTOR ( 'NONE', #1033, 1000.000000000000114 ) ;
#899 = EDGE_LOOP ( 'NONE', ( #204, #3737, #2297, #384 ) ) ;
#900 = ORIENTED_EDGE ( 'NONE', *, *, #309, .T. ) ;
#901 = VECTOR ( 'NONE', #2186, 1000.000000000000000 ) ;
#902 = LINE ( 'NONE', #2851, #109 ) ;
#903 = CARTESIAN_POINT ( 'NONE',  ( 6.009999999999999787, 11.09999999999999964, -7.150000000000000355 ) ) ;
#904 = CARTESIAN_POINT ( 'NONE',  ( 3.792503112120999997, 3.754916655155000171, 5.629617361047000834 ) ) ;
#905 = ADVANCED_FACE ( 'NONE', ( #2312 ), #3781, .F. ) ;
#906 = EDGE_CURVE ( 'NONE', #2732, #991, #584, .T. ) ;
#907 = CIRCLE ( 'NONE', #2003, 0.1999999999999997335 ) ;
#908 = ORIENTED_EDGE ( 'NONE', *, *, #760, .F. ) ;
#909 = B_SPLINE_CURVE_WITH_KNOTS ( 'NONE', 3,
 ( #1971, #794, #1947, #2723, #775, #2674 ),
 .UNSPECIFIED., .F., .F.,
 ( 4, 2, 4 ),
 ( 0.0000000000000000000, 0.5000000000000000000, 1.000000000000000000 ),
 .UNSPECIFIED. ) ;
#910 = DIRECTION ( 'NONE',  ( 0.0000000000000000000, -1.000000000000000000, 0.0000000000000000000 ) ) ;
#912 = DIRECTION ( 'NONE',  ( 0.7533627281953213517, 0.6576052005315213833, 0.0000000000000000000 ) ) ;
#911 = CONICAL_SURFACE ( 'NONE', #3628, 1.949999999999999956, 0.2617993877991000029 ) ;
#913 = ADVANCED_FACE ( 'NONE', ( #3349 ), #1639, .F. ) ;
#914 = ORIENTED_EDGE ( 'NONE', *, *, #4082, .T. ) ;
#915 = LINE ( 'NONE', #4582, #1574 ) ;
#916 = CARTESIAN_POINT ( 'NONE',  ( 6.009999999999999787, 11.09999999999999964, -7.849999999999999645 ) ) ;
#917 = CARTESIAN_POINT ( 'NONE',  ( 9.000000000000000000, 7.000000000000000000, -9.549999999999998934 ) ) ;
#918 = VERTEX_POINT ( 'NONE', #3151 ) ;
#919 = ORIENTED_EDGE ( 'NONE', *, *, #3001, .F. ) ;
#920 = CARTESIAN_POINT ( 'NONE',  ( 7.000000000000000000, 0.9000000000000000222, -6.983260773805000099 ) ) ;
#921 = CARTESIAN_POINT ( 'NONE',  ( 4.599999999999999645, 10.20000000000000107, -2.149999999999999911 ) ) ;
#922 = EDGE_CURVE ( 'NONE', #2891, #1575, #2358, .T. ) ;
#923 = ORIENTED_EDGE ( 'NONE', *, *, #849, .F. ) ;
#924 = ORIENTED_EDGE ( 'NONE', *, *, #2571, .F. ) ;
#925 = CARTESIAN_POINT ( 'NONE',  ( 5.000000000000000000, 12.30000000000000071, -5.599999999999999645 ) ) ;
#926 = FACE_OUTER_BOUND ( 'NONE', #4146, .T. ) ;
#927 = FACE_OUTER_BOUND ( 'NONE', #4013, .T. ) ;
#928 = ORIENTED_EDGE ( 'NONE', *, *, #1223, .T. ) ;
#929 = FACE_OUTER_BOUND ( 'NONE', #960, .T. ) ;
#930 = PLANE ( 'NONE',  #1833 ) ;
#931 = EDGE_CURVE ( 'NONE', #758, #984, #35, .T. ) ;
#932 = ORIENTED_EDGE ( 'NONE', *, *, #467, .F. ) ;
#933 = CARTESIAN_POINT ( 'NONE',  ( 5.000000000000000000, 0.9000000000000000222, -3.000000000000000000 ) ) ;
#934 = CARTESIAN_POINT ( 'NONE',  ( 7.000000000000000000, 0.9000000000000000222, -0.4500000000000000111 ) ) ;
#935 = EDGE_CURVE ( 'NONE', #2714, #2891, #4006, .T. ) ;
#936 = DIRECTION ( 'NONE',  ( -0.0000000000000000000, 1.000000000000000000, 0.0000000000000000000 ) ) ;
#937 = ORIENTED_EDGE ( 'NONE', *, *, #4493, .T. ) ;
#938 = EDGE_LOOP ( 'NONE', ( #3886, #1504, #2889, #4081 ) ) ;
#939 = CARTESIAN_POINT ( 'NONE',  ( 5.396862696660000402, 0.9000000000000000222, -7.049999999999999822 ) ) ;
#940 = DIRECTION ( 'NONE',  ( 0.9991345801681310590, 0.0000000000000000000, -0.04159435913982130473 ) ) ;
#941 = ADVANCED_FACE ( 'NONE', ( #593 ), #954, .T. ) ;
#942 = EDGE_LOOP ( 'NONE', ( #3720, #2680, #1615, #1883 ) ) ;
#943 = VERTEX_POINT ( 'NONE', #3100 ) ;
#944 = CARTESIAN_POINT ( 'NONE',  ( 5.000000000000000000, 12.05000000000000071, -5.599999999999999645 ) ) ;
#945 = CARTESIAN_POINT ( 'NONE',  ( 5.000000000000000000, 10.50000000000000000, -7.500000000000000000 ) ) ;
#946 = DIRECTION ( 'NONE',  ( 0.0000000000000000000, 0.0000000000000000000, -1.000000000000000000 ) ) ;
#947 = VERTEX_POINT ( 'NONE', #498 ) ;
#948 = VERTEX_POINT ( 'NONE', #2386 ) ;
#949 = CARTESIAN_POINT ( 'NONE',  ( 5.000000000000000000, 12.40000000000000036, -2.500000000000000000 ) ) ;
#950 = DIRECTION ( 'NONE',  ( 0.1746912246208018327, -0.9846232660467071351, 0.0000000000000000000 ) ) ;
#951 = ORIENTED_EDGE ( 'NONE', *, *, #1297, .F. ) ;
#952 = VECTOR ( 'NONE', #622, 1000.000000000000000 ) ;
#953 = CARTESIAN_POINT ( 'NONE',  ( 3.862379601969000209, 3.361067348736000326, -6.474999999999999645 ) ) ;
#954 = CYLINDRICAL_SURFACE ( 'NONE', #2841, 0.4000000000000001887 ) ;
#955 = CARTESIAN_POINT ( 'NONE',  ( 7.469197324414999173, 4.500000000000000000, -8.525000000000000355 ) ) ;
#956 = CIRCLE ( 'NONE', #3603, 1.959999999999999298 ) ;
#957 = AXIS2_PLACEMENT_3D ( 'NONE', #2265, #475, #3030 ) ;
#958 = ORIENTED_EDGE ( 'NONE', *, *, #2824, .F. ) ;
#959 = EDGE_CURVE ( 'NONE', #2572, #2110, #1993, .T. ) ;
#960 = EDGE_LOOP ( 'NONE', ( #2346, #1048, #355, #3659, #3687, #865 ) ) ;
#961 = CARTESIAN_POINT ( 'NONE',  ( 9.000000000000000000, 7.000000000000000000, -9.549999999999998934 ) ) ;
#962 = COORDINATED_UNIVERSAL_TIME_OFFSET ( 3, 0, .BEHIND. ) ;
#963 = DIRECTION ( 'NONE',  ( 0.0000000000000000000, 0.0000000000000000000, -1.000000000000000000 ) ) ;
#964 = CIRCLE ( 'NONE', #265, 1.959999999999999298 ) ;
#965 = VERTEX_POINT ( 'NONE', #3489 ) ;
#966 = VERTEX_POINT ( 'NONE', #3824 ) ;
#967 = DIRECTION ( 'NONE',  ( -1.000000000000000000, 0.0000000000000000000, 0.0000000000000000000 ) ) ;
#968 = AXIS2_PLACEMENT_3D ( 'NONE', #4735, #3691, #359 ) ;
#969 = DIRECTION ( 'NONE',  ( 0.0000000000000000000, 0.0000000000000000000, -1.000000000000000000 ) ) ;
#970 = ORIENTED_EDGE ( 'NONE', *, *, #3295, .T. ) ;
#971 = VECTOR ( 'NONE', #3322, 1000.000000000000000 ) ;
#972 = VERTEX_POINT ( 'NONE', #1619 ) ;
#973 = DIRECTION ( 'NONE',  ( 0.0000000000000000000, -1.000000000000000000, 0.0000000000000000000 ) ) ;
#974 = LINE ( 'NONE', #2829, #640 ) ;
#975 = DIRECTION ( 'NONE',  ( 0.9904149304455928116, -0.1381240947497989757, 0.0000000000000000000 ) ) ;
#976 = AXIS2_PLACEMENT_3D ( 'NONE', #2331, #4480, #3390 ) ;
#977 = EDGE_CURVE ( 'NONE', #2110, #1084, #172, .T. ) ;
#978 = ORIENTED_EDGE ( 'NONE', *, *, #1529, .F. ) ;
#979 = SPHERICAL_SURFACE ( 'NONE', #4058, 0.5000000000000000000 ) ;
#980 = AXIS2_PLACEMENT_3D ( 'NONE', #4037, #1786, #1043 ) ;
#981 = PLANE ( 'NONE',  #197 ) ;
#982 = CARTESIAN_POINT ( 'NONE',  ( 1.554282626315000027, 7.000000000000000000, -2.500000000000000000 ) ) ;
#983 = EDGE_LOOP ( 'NONE', ( #2156, #176, #4687, #2281, #1276, #1014 ) ) ;
#984 = VERTEX_POINT ( 'NONE', #862 ) ;
#985 = DIRECTION ( 'NONE',  ( 1.000000000000000000, 0.0000000000000000000, 0.0000000000000000000 ) ) ;
#986 = DIRECTION ( 'NONE',  ( -1.000000000000000000, 0.0000000000000000000, 0.0000000000000000000 ) ) ;
#987 = EDGE_CURVE ( 'NONE', #3204, #2477, #3467, .T. ) ;
#988 = DIRECTION ( 'NONE',  ( 0.0000000000000000000, 0.0000000000000000000, -1.000000000000000000 ) ) ;
#989 = CARTESIAN_POINT ( 'NONE',  ( 2.449999999999999734, 12.50000000000000000, -2.055376129208000169 ) ) ;
#990 = PRODUCT_RELATED_PRODUCT_CATEGORY ( 'detail', '', ( #2890 ) ) ;
#991 = VERTEX_POINT ( 'NONE', #2015 ) ;
#992 = ORIENTED_EDGE ( 'NONE', *, *, #693, .F. ) ;
#993 = EDGE_CURVE ( 'NONE', #1177, #2173, #1714, .T. ) ;
#994 = LINE ( 'NONE', #4689, #1045 ) ;
#995 = CARTESIAN_POINT ( 'NONE',  ( 5.400000000000000355, 11.09999999999999964, -1.200153855258000002 ) ) ;
#996 = EDGE_CURVE ( 'NONE', #4056, #1650, #429, .T. ) ;
#997 = DIRECTION ( 'NONE',  ( 0.0000000000000000000, 1.000000000000000000, 0.0000000000000000000 ) ) ;
#998 = ORIENTED_EDGE ( 'NONE', *, *, #1648, .F. ) ;
#999 = VERTEX_POINT ( 'NONE', #3172 ) ;
#1000 = CARTESIAN_POINT ( 'NONE',  ( 7.270263667275999708, 4.479374771332999217, -1.474999999999999867 ) ) ;
#1001 = CARTESIAN_POINT ( 'NONE',  ( 2.399999999999999911, 9.000000000000000000, 0.5500000000000000444 ) ) ;
#1002 = CARTESIAN_POINT ( 'NONE',  ( 7.048261111498999476, 6.620625228667000428, -0.5250000000000000222 ) ) ;
#1003 = ORIENTED_EDGE ( 'NONE', *, *, #3025, .F. ) ;
#1004 = LINE ( 'NONE', #1079, #2740 ) ;
#1005 = FACE_OUTER_BOUND ( 'NONE', #4345, .T. ) ;
#1006 = DIRECTION ( 'NONE',  ( 0.0000000000000000000, -1.000000000000000000, 0.0000000000000000000 ) ) ;
#1007 = EDGE_CURVE ( 'NONE', #4587, #1575, #3923, .T. ) ;
#1008 = VERTEX_POINT ( 'NONE', #916 ) ;
#1009 = VERTEX_POINT ( 'NONE', #1278 ) ;
#1010 = CARTESIAN_POINT ( 'NONE',  ( 7.048261111498999476, 6.620625228667000428, -0.5250000000000000222 ) ) ;
#1011 = CARTESIAN_POINT ( 'NONE',  ( 5.399999999999973710, 10.67714561631171399, -4.418749592833837170 ) ) ;
#1012 = DIRECTION ( 'NONE',  ( 0.0000000000000000000, 0.0000000000000000000, -1.000000000000000000 ) ) ;
#1013 = DIRECTION ( 'NONE',  ( -0.8969047134125298637, 0.0000000000000000000, -0.4422238517520144518 ) ) ;
#1014 = ORIENTED_EDGE ( 'NONE', *, *, #4353, .F. ) ;
#1015 = EDGE_LOOP ( 'NONE', ( #1905, #752, #2750, #2687, #924, #4488, #1536, #4571, #884, #2002, #4553, #2221 ) ) ;
#1016 = CYLINDRICAL_SURFACE ( 'NONE', #29, 1.900000000000000577 ) ;
#1017 = CARTESIAN_POINT ( 'NONE',  ( 2.800870738470000010, 3.691274969103000014, -3.524999999999999911 ) ) ;
#1018 = CARTESIAN_POINT ( 'NONE',  ( 2.449999999999999734, 7.000000000000000000, -2.055376129208000169 ) ) ;
#1019 = VERTEX_POINT ( 'NONE', #2766 ) ;
#1020 = ORIENTED_EDGE ( 'NONE', *, *, #2608, .T. ) ;
#1021 = EDGE_CURVE ( 'NONE', #2839, #3419, #4631, .T. ) ;
#1022 = DIRECTION ( 'NONE',  ( 0.0000000000000000000, 1.000000000000000000, 0.0000000000000000000 ) ) ;
#1023 = CYLINDRICAL_SURFACE ( 'NONE', #4286, 1.900000000000000133 ) ;
#1024 = DIRECTION ( 'NONE',  ( 1.000000000000000000, 0.0000000000000000000, 0.0000000000000000000 ) ) ;
#1025 = LINE ( 'NONE', #590, #1657 ) ;
#1026 = CARTESIAN_POINT ( 'NONE',  ( 5.000000000000000000, 9.500000000000000000, -7.500000000000000000 ) ) ;
#1027 = CARTESIAN_POINT ( 'NONE',  ( 5.396862696660000402, 0.0000000000000000000, -7.950000000000000178 ) ) ;
#1028 = VECTOR ( 'NONE', #940, 1000.000000000000114 ) ;
#1029 = EDGE_LOOP ( 'NONE', ( #826, #4270 ) ) ;
#1030 = VERTEX_POINT ( 'NONE', #1302 ) ;
#1031 = DIRECTION ( 'NONE',  ( 0.0000000000000000000, 1.000000000000000000, 0.0000000000000000000 ) ) ;
#1032 = CARTESIAN_POINT ( 'NONE',  ( 5.400000000000002132, 11.09999999999994813, -3.943200466680763405 ) ) ;
#1033 = DIRECTION ( 'NONE',  ( 0.09324284527829096447, -0.8993422818777098149, 0.4271875838919043100 ) ) ;
#1034 = FACE_OUTER_BOUND ( 'NONE', #1376, .T. ) ;
#1035 = AXIS2_PLACEMENT_3D ( 'NONE', #2574, #4733, #1423 ) ;
#1036 = VECTOR ( 'NONE', #3756, 1000.000000000000000 ) ;
#1037 = EDGE_CURVE ( 'NONE', #2404, #1162, #4547, .T. ) ;
#1038 = EDGE_LOOP ( 'NONE', ( #290, #2083, #4732, #2408 ) ) ;
#1039 = VECTOR ( 'NONE', #2615, 1000.000000000000000 ) ;
#1040 = ORIENTED_EDGE ( 'NONE', *, *, #1954, .F. ) ;
#1041 = VECTOR ( 'NONE', #1687, 1000.000000000000000 ) ;
#1042 = FACE_OUTER_BOUND ( 'NONE', #4597, .T. ) ;
#1043 = DIRECTION ( 'NONE',  ( 0.0000000000000000000, -1.000000000000000000, 0.0000000000000000000 ) ) ;
#1044 = CARTESIAN_POINT ( 'NONE',  ( 6.009999999999999787, 11.09999999999999964, -7.849999999999999645 ) ) ;
#1045 = VECTOR ( 'NONE', #2434, 1000.000000000000000 ) ;
#1046 = CIRCLE ( 'NONE', #3220, 0.1999999999999999278 ) ;
#1047 = VERTEX_POINT ( 'NONE', #934 ) ;
#1048 = ORIENTED_EDGE ( 'NONE', *, *, #2460, .F. ) ;
#1049 = CIRCLE ( 'NONE', #3764, 1.959999999999999964 ) ;
#1050 = VECTOR ( 'NONE', #2169, 1000.000000000000000 ) ;
#1051 = EDGE_CURVE ( 'NONE', #3805, #893, #3768, .T. ) ;
#1052 = DIRECTION ( 'NONE',  ( 0.9991345801681310590, 0.0000000000000000000, -0.04159435913982130473 ) ) ;
#1053 = LINE ( 'NONE', #1002, #1280 ) ;
#1054 = AXIS2_PLACEMENT_3D ( 'NONE', #2406, #135, #1252 ) ;
#1055 = LINE ( 'NONE', #2935, #1148 ) ;
#1056 = CIRCLE ( 'NONE', #4396, 2.000000000000000000 ) ;
#1057 = CARTESIAN_POINT ( 'NONE',  ( 2.773245919519999880, 3.493191983014000357, -6.474999999999999645 ) ) ;
#1058 = DIRECTION ( 'NONE',  ( 0.0000000000000000000, 0.0000000000000000000, -1.000000000000000000 ) ) ;
#1059 = EDGE_CURVE ( 'NONE', #4514, #226, #4652, .T. ) ;
#1060 = B_SPLINE_CURVE_WITH_KNOTS ( 'NONE', 3,
 ( #1087, #677, #4418, #1748, #3958, #4364 ),
 .UNSPECIFIED., .F., .F.,
 ( 4, 2, 4 ),
 ( 0.0000000000000000000, 0.5000000000000000000, 1.000000000000000000 ),
 .UNSPECIFIED. ) ;
#1061 = ORIENTED_EDGE ( 'NONE', *, *, #1152, .F. ) ;
#1062 = AXIS2_PLACEMENT_3D ( 'NONE', #485, #515, #124 ) ;
#1063 = ORIENTED_EDGE ( 'NONE', *, *, #1750, .F. ) ;
#1064 = DIRECTION ( 'NONE',  ( -0.0000000000000000000, 1.000000000000000000, 0.0000000000000000000 ) ) ;
#1065 = LINE ( 'NONE', #2554, #882 ) ;
#1066 = PLANE ( 'NONE',  #968 ) ;
#1067 = DIRECTION ( 'NONE',  ( -0.04159435913982131167, 0.0000000000000000000, 0.9991345801681311700 ) ) ;
#1068 = LOCAL_TIME ( 0, 32, 55.00000000000000000, #160 ) ;
#1069 = ORIENTED_EDGE ( 'NONE', *, *, #2141, .F. ) ;
#1070 = ORIENTED_EDGE ( 'NONE', *, *, #11, .F. ) ;
#1071 = EDGE_CURVE ( 'NONE', #1716, #947, #4283, .T. ) ;
#1072 = DIRECTION ( 'NONE',  ( 0.0000000000000000000, 0.0000000000000000000, 1.000000000000000000 ) ) ;
#1073 = LINE ( 'NONE', #4793, #3775 ) ;
#1074 = LINE ( 'NONE', #605, #662 ) ;
#1075 = ORIENTED_EDGE ( 'NONE', *, *, #3439, .T. ) ;
#1076 = ORIENTED_EDGE ( 'NONE', *, *, #1703, .F. ) ;
#1077 = CARTESIAN_POINT ( 'NONE',  ( 5.396862696660000402, 0.9000000000000000222, -2.949999999999999734 ) ) ;
#1078 = CARTESIAN_POINT ( 'NONE',  ( 3.792503112120999997, 3.754916655155000171, -3.524999999999999911 ) ) ;
#1079 = CARTESIAN_POINT ( 'NONE',  ( 4.599999999999999645, 10.20000000000000107, -2.850000000000000089 ) ) ;
#1080 = DIRECTION ( 'NONE',  ( 0.0000000000000000000, 1.000000000000000000, 0.0000000000000000000 ) ) ;
#1081 = CARTESIAN_POINT ( 'NONE',  ( 9.000000000000000000, 8.000000000000000000, 0.0000000000000000000 ) ) ;
#1082 = ADVANCED_FACE ( 'NONE', ( #2497 ), #3681, .T. ) ;
#1083 = ORIENTED_EDGE ( 'NONE', *, *, #2849, .F. ) ;
#1084 = VERTEX_POINT ( 'NONE', #3973 ) ;
#1085 = EDGE_CURVE ( 'NONE', #3945, #758, #713, .T. ) ;
#1086 = CARTESIAN_POINT ( 'NONE',  ( 1.554282626315000027, 12.50000000000000000, -2.500000000000000000 ) ) ;
#1087 = CARTESIAN_POINT ( 'NONE',  ( 4.599999999999999645, 11.09999999999999964, -8.799846144742000220 ) ) ;
#1088 = DIRECTION ( 'NONE',  ( 0.0000000000000000000, 0.0000000000000000000, -1.000000000000000000 ) ) ;
#1089 = EDGE_LOOP ( 'NONE', ( #1918, #4715, #4034, #3865, #3810, #2757, #37, #1467 ) ) ;
#1090 = VERTEX_POINT ( 'NONE', #2209 ) ;
#1091 = LINE ( 'NONE', #4762, #2920 ) ;
#1092 = DIRECTION ( 'NONE',  ( 0.0000000000000000000, 1.000000000000000000, 0.0000000000000000000 ) ) ;
#1093 = EDGE_CURVE ( 'NONE', #3256, #4185, #744, .T. ) ;
#1094 = CARTESIAN_POINT ( 'NONE',  ( 5.000000000000000000, 9.500000000000000000, -5.540000000000000036 ) ) ;
#1095 = ORIENTED_EDGE ( 'NONE', *, *, #4301, .T. ) ;
#1096 = ORIENTED_EDGE ( 'NONE', *, *, #4695, .F. ) ;
#1097 = DIRECTION ( 'NONE',  ( 0.0000000000000000000, 0.0000000000000000000, -1.000000000000000000 ) ) ;
#1098 = DIRECTION ( 'NONE',  ( 1.000000000000000000, 0.0000000000000000000, 0.0000000000000000000 ) ) ;
#1099 = EDGE_CURVE ( 'NONE', #4057, #1389, #1794, .T. ) ;
#1100 = CARTESIAN_POINT ( 'NONE',  ( 9.000000000000000000, 0.9000000000000000222, -4.549999999999999822 ) ) ;
#1101 = DIRECTION ( 'NONE',  ( 0.2065583488874099816, -0.9784342842035468335, 0.0000000000000000000 ) ) ;
#1102 = ORIENTED_EDGE ( 'NONE', *, *, #4243, .T. ) ;
#1103 = DIRECTION ( 'NONE',  ( 1.000000000000000000, 0.0000000000000000000, 0.0000000000000000000 ) ) ;
#1104 = LINE ( 'NONE', #886, #2212 ) ;
#1105 = FACE_OUTER_BOUND ( 'NONE', #938, .T. ) ;
#1106 = CARTESIAN_POINT ( 'NONE',  ( 4.599999999999999645, 10.20000000000000107, -4.418749592834000595 ) ) ;
#1107 = VECTOR ( 'NONE', #4658, 1000.000000000000000 ) ;
#1108 = EDGE_CURVE ( 'NONE', #562, #3519, #4358, .T. ) ;
#1109 = ORIENTED_EDGE ( 'NONE', *, *, #1207, .T. ) ;
#1110 = ORIENTED_EDGE ( 'NONE', *, *, #2314, .F. ) ;
#1111 = CIRCLE ( 'NONE', #4528, 1.000000000000000222 ) ;
#1112 = DIRECTION ( 'NONE',  ( 0.0000000000000000000, 1.000000000000000000, 0.0000000000000000000 ) ) ;
#1113 = CYLINDRICAL_SURFACE ( 'NONE', #2856, 2.000000000000000444 ) ;
#1114 = LINE ( 'NONE', #4446, #269 ) ;
#1115 = EDGE_CURVE ( 'NONE', #3785, #1811, #3248, .T. ) ;
#1116 = VECTOR ( 'NONE', #3487, 1000.000000000000000 ) ;
#1117 = VECTOR ( 'NONE', #3483, 1000.000000000000000 ) ;
#1118 = EDGE_LOOP ( 'NONE', ( #2334, #111, #1061, #1960, #2922, #2693, #304, #3059 ) ) ;
#1119 = ORIENTED_EDGE ( 'NONE', *, *, #1413, .T. ) ;
#1120 = DIRECTION ( 'NONE',  ( 0.0000000000000000000, 0.0000000000000000000, -1.000000000000000000 ) ) ;
#1121 = VECTOR ( 'NONE', #967, 1000.000000000000000 ) ;
#1122 = EDGE_CURVE ( 'NONE', #2173, #2818, #1374, .T. ) ;
#1123 = AXIS2_PLACEMENT_3D ( 'NONE', #4823, #4160, #4477 ) ;
#1124 = DIRECTION ( 'NONE',  ( 0.0000000000000000000, -1.000000000000000000, 0.0000000000000000000 ) ) ;
#1125 = AXIS2_PLACEMENT_3D ( 'NONE', #4817, #1072, #291 ) ;
#1126 = VECTOR ( 'NONE', #2292, 1000.000000000000000 ) ;
#1127 = ADVANCED_FACE ( 'NONE', ( #4001 ), #4024, .F. ) ;
#1128 = LINE ( 'NONE', #2306, #41 ) ;
#1129 = CARTESIAN_POINT ( 'NONE',  ( 5.000000000000000000, 12.34999999999999964, -2.500000000000000000 ) ) ;
#1130 = VECTOR ( 'NONE', #154, 1000.000000000000227 ) ;
#1131 = VECTOR ( 'NONE', #2475, 1000.000000000000000 ) ;
#1132 = ORIENTED_EDGE ( 'NONE', *, *, #2403, .T. ) ;
#1133 = CARTESIAN_POINT ( 'NONE',  ( 7.118699360395000397, 4.141924873508000537, -1.474999999999999867 ) ) ;
#1134 = CARTESIAN_POINT ( 'NONE',  ( 2.800870738470000010, 3.691274969103000014, -3.524999999999999911 ) ) ;
#1135 = PLANE ( 'NONE',  #356 ) ;
#1136 = DIRECTION ( 'NONE',  ( -1.000000000000000000, 0.0000000000000000000, 0.0000000000000000000 ) ) ;
#1137 = ORIENTED_EDGE ( 'NONE', *, *, #2719, .T. ) ;
#1138 = EDGE_LOOP ( 'NONE', ( #2453, #2079, #4125, #2700 ) ) ;
#1139 = CARTESIAN_POINT ( 'NONE',  ( 3.827441357045000103, 3.557992001945999405, -1.474999999999999867 ) ) ;
#1140 = DIRECTION ( 'NONE',  ( 0.0000000000000000000, 1.000000000000000000, 0.0000000000000000000 ) ) ;
#1141 = AXIS2_PLACEMENT_3D ( 'NONE', #682, #3648, #4568 ) ;
#1142 = DIRECTION ( 'NONE',  ( 0.0000000000000000000, -1.000000000000000000, 0.0000000000000000000 ) ) ;
#1143 = ORIENTED_EDGE ( 'NONE', *, *, #535, .T. ) ;
#1144 = ADVANCED_FACE ( 'NONE', ( #2163 ), #981, .T. ) ;
#1145 = ORIENTED_EDGE ( 'NONE', *, *, #2875, .F. ) ;
#1146 = CARTESIAN_POINT ( 'NONE',  ( 4.009999999999999787, 11.09999999999999964, -7.150000000000000355 ) ) ;
#1147 = EDGE_CURVE ( 'NONE', #947, #1694, #3848, .T. ) ;
#1148 = VECTOR ( 'NONE', #3562, 1000.000000000000000 ) ;
#1149 = CARTESIAN_POINT ( 'NONE',  ( 5.000000000000000000, 10.50000000000000000, -2.500000000000000000 ) ) ;
#1150 = CARTESIAN_POINT ( 'NONE',  ( 5.000000000000000000, 9.500000000000000000, -0.5400000000000000355 ) ) ;
#1151 = DIRECTION ( 'NONE',  ( 0.0000000000000000000, 1.000000000000000000, 0.0000000000000000000 ) ) ;
#1152 = EDGE_CURVE ( 'NONE', #295, #63, #4750, .T. ) ;
#1153 = VERTEX_POINT ( 'NONE', #301 ) ;
#1154 = CARTESIAN_POINT ( 'NONE',  ( 9.000000000000000000, 0.9000000000000000222, -0.4500000000000000111 ) ) ;
#1155 = CARTESIAN_POINT ( 'NONE',  ( 5.000000000000000000, 10.20000000000000107, -9.459999999999999076 ) ) ;
#1156 = CARTESIAN_POINT ( 'NONE',  ( 7.048261111498999476, 6.620625228667000428, -5.525000000000000355 ) ) ;
#1157 = FACE_OUTER_BOUND ( 'NONE', #3228, .T. ) ;
#1158 = ORIENTED_EDGE ( 'NONE', *, *, #2995, .F. ) ;
#1159 = ORIENTED_EDGE ( 'NONE', *, *, #857, .T. ) ;
#1160 = DIRECTION ( 'NONE',  ( 0.0000000000000000000, 0.0000000000000000000, 1.000000000000000000 ) ) ;
#1161 = CARTESIAN_POINT ( 'NONE',  ( 4.599999999999999645, 10.20000000000000107, -5.581250407166001182 ) ) ;
#1162 = VERTEX_POINT ( 'NONE', #614 ) ;
#1163 = ORIENTED_EDGE ( 'NONE', *, *, #490, .T. ) ;
#1164 = DIRECTION ( 'NONE',  ( 1.000000000000000000, 0.0000000000000000000, 0.0000000000000000000 ) ) ;
#1165 = CARTESIAN_POINT ( 'NONE',  ( 7.153637605319000059, 3.945000220299000215, -1.474999999999999867 ) ) ;
#1166 = DIRECTION ( 'NONE',  ( 0.9946682856919403237, 0.1031261433326042809, 0.0000000000000000000 ) ) ;
#1167 = ADVANCED_FACE ( 'NONE', ( #691 ), #2548, .T. ) ;
#1168 = ADVANCED_FACE ( 'NONE', ( #1005 ), #3267, .T. ) ;
#1169 = VERTEX_POINT ( 'NONE', #1057 ) ;
#1170 = LINE ( 'NONE', #2592, #2928 ) ;
#1171 = LINE ( 'NONE', #4481, #3139 ) ;
#1172 = VERTEX_POINT ( 'NONE', #244 ) ;
#1173 = CARTESIAN_POINT ( 'NONE',  ( 0.0000000000000000000, 10.20000000000000107, -2.500000000000000000 ) ) ;
#1174 = DIRECTION ( 'NONE',  ( 0.0000000000000000000, 0.0000000000000000000, -1.000000000000000000 ) ) ;
#1175 = CARTESIAN_POINT ( 'NONE',  ( 1.554282626315000027, 7.000000000000000000, -8.500000000000000000 ) ) ;
#1176 = PLANE ( 'NONE',  #254 ) ;
#1177 = VERTEX_POINT ( 'NONE', #3657 ) ;
#1178 = VERTEX_POINT ( 'NONE', #1817 ) ;
#1179 = DIRECTION ( 'NONE',  ( 0.0000000000000000000, 1.000000000000000000, 0.0000000000000000000 ) ) ;
#1180 = CARTESIAN_POINT ( 'NONE',  ( 6.009999999999999787, 10.20000000000000107, -7.849999999999999645 ) ) ;
#1181 = DIRECTION ( 'NONE',  ( 0.0000000000000000000, 0.0000000000000000000, -1.000000000000000000 ) ) ;
#1182 = ADVANCED_FACE ( 'NONE', ( #3291 ), #4778, .T. ) ;
#1183 = VECTOR ( 'NONE', #1320, 1000.000000000000000 ) ;
#1184 = ORIENTED_EDGE ( 'NONE', *, *, #1494, .F. ) ;
#1185 = ORIENTED_EDGE ( 'NONE', *, *, #786, .T. ) ;
#1186 = VECTOR ( 'NONE', #4801, 1000.000000000000000 ) ;
#1187 = DIRECTION ( 'NONE',  ( 1.000000000000000000, 0.0000000000000000000, 0.0000000000000000000 ) ) ;
#1188 = DIRECTION ( 'NONE',  ( 0.0000000000000000000, 0.0000000000000000000, -1.000000000000000000 ) ) ;
#1189 = AXIS2_PLACEMENT_3D ( 'NONE', #497, #3508, #1592 ) ;
#1190 = CARTESIAN_POINT ( 'NONE',  ( 1.294999999999999929, 9.000000000000000000, -10.00000000000000000 ) ) ;
#1191 = VECTOR ( 'NONE', #3361, 1000.000000000000000 ) ;
#1192 = AXIS2_PLACEMENT_3D ( 'NONE', #3007, #1564, #1174 ) ;
#1193 = ORIENTED_EDGE ( 'NONE', *, *, #1201, .T. ) ;
#1194 = AXIS2_PLACEMENT_3D ( 'NONE', #250, #3298, #1353 ) ;
#1195 = EDGE_CURVE ( 'NONE', #1177, #797, #4071, .T. ) ;
#1196 = AXIS2_PLACEMENT_3D ( 'NONE', #1636, #169, #3115 ) ;
#1197 = CARTESIAN_POINT ( 'NONE',  ( 4.599999999999999645, 10.50000000000000000, -0.5812504071661999117 ) ) ;
#1198 = DIRECTION ( 'NONE',  ( 0.0000000000000000000, 0.0000000000000000000, -1.000000000000000000 ) ) ;
#1199 = AXIS2_PLACEMENT_3D ( 'NONE', #2347, #1240, #2637 ) ;
#1200 = AXIS2_PLACEMENT_3D ( 'NONE', #1654, #4551, #1313 ) ;
#1201 = EDGE_CURVE ( 'NONE', #4373, #2551, #4161, .T. ) ;
#1202 = EDGE_LOOP ( 'NONE', ( #2328, #2061, #138, #88 ) ) ;
#1203 = DIRECTION ( 'NONE',  ( 0.0000000000000000000, 0.0000000000000000000, -1.000000000000000000 ) ) ;
#1204 = CARTESIAN_POINT ( 'NONE',  ( 3.862379601969000209, 3.361067348736000326, -3.524999999999999911 ) ) ;
#1205 = AXIS2_PLACEMENT_3D ( 'NONE', #3547, #3882, #3200 ) ;
#1206 = DIRECTION ( 'NONE',  ( -0.0000000000000000000, 1.000000000000000000, 0.0000000000000000000 ) ) ;
#1207 = EDGE_CURVE ( 'NONE', #1554, #1300, #1400, .T. ) ;
#1208 = DIRECTION ( 'NONE',  ( 0.0000000000000000000, 1.000000000000000000, 0.0000000000000000000 ) ) ;
#1209 = VECTOR ( 'NONE', #789, 1000.000000000000000 ) ;
#1210 = ORIENTED_EDGE ( 'NONE', *, *, #4243, .F. ) ;
#1211 = ORIENTED_EDGE ( 'NONE', *, *, #518, .F. ) ;
#1212 = CARTESIAN_POINT ( 'NONE',  ( 4.009999999999999787, 10.20000000000000107, -2.850000000000000089 ) ) ;
#1213 = LINE ( 'NONE', #2702, #2399 ) ;
#1214 = AXIS2_PLACEMENT_3D ( 'NONE', #2106, #323, #668 ) ;
#1215 = DIRECTION ( 'NONE',  ( 1.000000000000000000, 0.0000000000000000000, 0.0000000000000000000 ) ) ;
#1216 = VERTEX_POINT ( 'NONE', #2618 ) ;
#1217 = EDGE_CURVE ( 'NONE', #4041, #3630, #2689, .T. ) ;
#1218 = EDGE_LOOP ( 'NONE', ( #4303, #4678, #3282, #923 ) ) ;
#1219 = AXIS2_PLACEMENT_3D ( 'NONE', #945, #603, #2073 ) ;
#1220 = CARTESIAN_POINT ( 'NONE',  ( 7.375946048512000530, 4.429737377691999711, -1.474999999999999867 ) ) ;
#1221 = LINE ( 'NONE', #2708, #3707 ) ;
#1222 = LOCAL_TIME ( 0, 32, 55.00000000000000000, #151 ) ;
#1223 = EDGE_CURVE ( 'NONE', #2345, #2018, #1128, .T. ) ;
#1224 = ORIENTED_EDGE ( 'NONE', *, *, #2579, .F. ) ;
#1225 = DIRECTION ( 'NONE',  ( 1.000000000000000000, 0.0000000000000000000, 0.0000000000000000000 ) ) ;
#1226 = CARTESIAN_POINT ( 'NONE',  ( 5.000000000000000000, -3.899999999999999911, -8.000000000000000000 ) ) ;
#1227 = ORIENTED_EDGE ( 'NONE', *, *, #1781, .T. ) ;
#1228 = DIRECTION ( 'NONE',  ( 0.0000000000000000000, 0.0000000000000000000, -1.000000000000000000 ) ) ;
#1229 = DIRECTION ( 'NONE',  ( 0.0000000000000000000, 1.000000000000000000, 0.0000000000000000000 ) ) ;
#1230 = LINE ( 'NONE', #1922, #2909 ) ;
#1231 = EDGE_CURVE ( 'NONE', #1694, #4448, #4805, .T. ) ;
#1232 = ORIENTED_EDGE ( 'NONE', *, *, #1781, .F. ) ;
#1233 = EDGE_CURVE ( 'NONE', #1678, #3838, #51, .T. ) ;
#1234 = ORIENTED_EDGE ( 'NONE', *, *, #503, .T. ) ;
#1235 = DIRECTION ( 'NONE',  ( 0.0000000000000000000, 1.000000000000000000, 0.0000000000000000000 ) ) ;
#1236 = DIRECTION ( 'NONE',  ( 0.2040816326531012248, 0.0000000000000000000, 0.9789538738948043717 ) ) ;
#1237 = CARTESIAN_POINT ( 'NONE',  ( 1.554282626314999805, 7.000000000000000000, -6.500000000000000000 ) ) ;
#1238 = EDGE_LOOP ( 'NONE', ( #4119, #3759, #2635, #4558 ) ) ;
#1239 = VERTEX_POINT ( 'NONE', #1150 ) ;
#1240 = DIRECTION ( 'NONE',  ( 0.0000000000000000000, 1.000000000000000000, 0.0000000000000000000 ) ) ;
#1241 = EDGE_CURVE ( 'NONE', #1244, #4083, #3153, .T. ) ;
#1242 = CARTESIAN_POINT ( 'NONE',  ( 5.400000000000000355, 11.09999999999999964, -0.5400000000000000355 ) ) ;
#1243 = CARTESIAN_POINT ( 'NONE',  ( 7.083761115470999847, 4.338849526717000415, -8.525000000000000355 ) ) ;
#1244 = VERTEX_POINT ( 'NONE', #4432 ) ;
#1245 = DIRECTION ( 'NONE',  ( 0.0000000000000000000, 1.000000000000000000, 0.0000000000000000000 ) ) ;
#1246 = FACE_OUTER_BOUND ( 'NONE', #1669, .T. ) ;
#1247 = EDGE_CURVE ( 'NONE', #753, #3950, #1170, .T. ) ;
#1248 = DATE_TIME_ROLE ( 'classification_date' ) ;
#1249 = VERTEX_POINT ( 'NONE', #742 ) ;
#1250 = LINE ( 'NONE', #1367, #257 ) ;
#1251 = DIRECTION ( 'NONE',  ( 0.0000000000000000000, 1.000000000000000000, 0.0000000000000000000 ) ) ;
#1252 = DIRECTION ( 'NONE',  ( 0.0000000000000000000, 0.0000000000000000000, 1.000000000000000000 ) ) ;
#1253 = DIRECTION ( 'NONE',  ( 0.0000000000000000000, -1.000000000000000000, 0.0000000000000000000 ) ) ;
#1254 = VERTEX_POINT ( 'NONE', #1913 ) ;
#1255 = ORIENTED_EDGE ( 'NONE', *, *, #1604, .F. ) ;
#1256 = LINE ( 'NONE', #2744, #4702 ) ;
#1257 = CALENDAR_DATE ( 2020, 20, 2 ) ;
#1258 = DIRECTION ( 'NONE',  ( -0.9946682856919401017, -0.1031261433326042115, 0.0000000000000000000 ) ) ;
#1259 = EDGE_CURVE ( 'NONE', #1951, #4474, #2277, .T. ) ;
#1260 = ORIENTED_EDGE ( 'NONE', *, *, #2349, .T. ) ;
#1261 = VERTEX_POINT ( 'NONE', #3002 ) ;
#1262 = DIRECTION ( 'NONE',  ( 0.0000000000000000000, 1.000000000000000000, 0.0000000000000000000 ) ) ;
#1263 = DIRECTION ( 'NONE',  ( 0.0000000000000000000, 0.0000000000000000000, -1.000000000000000000 ) ) ;
#1264 = EDGE_CURVE ( 'NONE', #3176, #466, #2071, .T. ) ;
#1265 = DIRECTION ( 'NONE',  ( 0.4422238517520144518, 0.0000000000000000000, -0.8969047134125298637 ) ) ;
#1266 = AXIS2_PLACEMENT_3D ( 'NONE', #3056, #1999, #3422 ) ;
#1267 = ORIENTED_EDGE ( 'NONE', *, *, #1646, .T. ) ;
#1268 = VECTOR ( 'NONE', #3252, 1000.000000000000000 ) ;
#1269 = DIRECTION ( 'NONE',  ( 0.0000000000000000000, -1.000000000000000000, 0.0000000000000000000 ) ) ;
#1270 = CIRCLE ( 'NONE', #3366, 2.000000000000000000 ) ;
#1271 = FACE_OUTER_BOUND ( 'NONE', #2295, .T. ) ;
#1272 = AXIS2_PLACEMENT_3D ( 'NONE', #4785, #2263, #3734 ) ;
#1273 = VECTOR ( 'NONE', #3232, 1000.000000000000000 ) ;
#1274 = AXIS2_PLACEMENT_3D ( 'NONE', #1915, #2641, #1540 ) ;
#1275 = EDGE_CURVE ( 'NONE', #4790, #2572, #3312, .T. ) ;
#1276 = ORIENTED_EDGE ( 'NONE', *, *, #2100, .F. ) ;
#1277 = LINE ( 'NONE', #1618, #4134 ) ;
#1278 = CARTESIAN_POINT ( 'NONE',  ( 7.261839464882999806, 6.500000000000000000, -9.475000000000001421 ) ) ;
#1279 = PLANE ( 'NONE',  #4068 ) ;
#1280 = VECTOR ( 'NONE', #4308, 1000.000000000000000 ) ;
#1281 = ORIENTED_EDGE ( 'NONE', *, *, #4111, .T. ) ;
#1282 = AXIS2_PLACEMENT_3D ( 'NONE', #3807, #3012, #4468 ) ;
#1283 = ORIENTED_EDGE ( 'NONE', *, *, #3350, .F. ) ;
#1284 = AXIS2_PLACEMENT_3D ( 'NONE', #2153, #706, #969 ) ;
#1285 = CARTESIAN_POINT ( 'NONE',  ( 7.083761115470999847, 4.338849526717000415, -8.525000000000000355 ) ) ;
#1286 = CARTESIAN_POINT ( 'NONE',  ( 5.000000000000000000, 9.500000000000000000, -0.5400000000000000355 ) ) ;
#1287 = AXIS2_PLACEMENT_3D ( 'NONE', #2894, #286, #3329 ) ;
#1288 = ORIENTED_EDGE ( 'NONE', *, *, #1217, .T. ) ;
#1289 = ORIENTED_EDGE ( 'NONE', *, *, #1775, .F. ) ;
#1290 = CARTESIAN_POINT ( 'NONE',  ( 7.118699360395000397, 4.141924873508000537, -8.525000000000000355 ) ) ;
#1291 = CARTESIAN_POINT ( 'NONE',  ( 6.009999999999999787, 11.09999999999999964, -7.849999999999999645 ) ) ;
#1292 = CARTESIAN_POINT ( 'NONE',  ( 5.000000000000000000, 0.0000000000000000000, -7.500000000000000000 ) ) ;
#1293 = EDGE_CURVE ( 'NONE', #2266, #3277, #4094, .T. ) ;
#1294 = VERTEX_POINT ( 'NONE', #2239 ) ;
#1295 = AXIS2_PLACEMENT_3D ( 'NONE', #1291, #3239, #3889 ) ;
#1296 = VERTEX_POINT ( 'NONE', #2975 ) ;
#1297 = EDGE_CURVE ( 'NONE', #311, #943, #3710, .T. ) ;
#1298 = DIRECTION ( 'NONE',  ( 0.0000000000000000000, -1.000000000000000000, 0.0000000000000000000 ) ) ;
#1299 = DIRECTION ( 'NONE',  ( -0.0000000000000000000, 1.000000000000000000, 0.0000000000000000000 ) ) ;
#1300 = VERTEX_POINT ( 'NONE', #4455 ) ;
#1301 = LINE ( 'NONE', #3076, #2047 ) ;
#1302 = CARTESIAN_POINT ( 'NONE',  ( 7.000000000000000000, 6.731521040106000164, -5.525000000000000355 ) ) ;
#1303 = EDGE_CURVE ( 'NONE', #4167, #1906, #2956, .T. ) ;
#1304 = DIRECTION ( 'NONE',  ( 0.0000000000000000000, 0.0000000000000000000, 1.000000000000000000 ) ) ;
#1305 = ORIENTED_EDGE ( 'NONE', *, *, #1872, .T. ) ;
#1306 = ORIENTED_EDGE ( 'NONE', *, *, #4708, .T. ) ;
#1307 = CARTESIAN_POINT ( 'NONE',  ( 5.000000000000000000, 12.30000000000000071, -2.500000000000000000 ) ) ;
#1308 = LINE ( 'NONE', #989, #952 ) ;
#1309 = EDGE_LOOP ( 'NONE', ( #2699, #3971, #3694, #2129, #274, #4103 ) ) ;
#1310 = ORIENTED_EDGE ( 'NONE', *, *, #3477, .F. ) ;
#1311 = CARTESIAN_POINT ( 'NONE',  ( 5.400000000000000355, 11.09999999999999964, -5.540000000000000036 ) ) ;
#1312 = CARTESIAN_POINT ( 'NONE',  ( 7.000000000000000000, 0.9000000000000000222, -8.016739226194998125 ) ) ;
#1313 = DIRECTION ( 'NONE',  ( -0.1381240947498970917, -0.9904149304455791558, 0.0000000000000000000 ) ) ;
#1314 = ORIENTED_EDGE ( 'NONE', *, *, #3402, .T. ) ;
#1315 = ORIENTED_EDGE ( 'NONE', *, *, #2257, .F. ) ;
#1316 = DIRECTION ( 'NONE',  ( 0.0000000000000000000, 0.0000000000000000000, -1.000000000000000000 ) ) ;
#1317 = CARTESIAN_POINT ( 'NONE',  ( 2.305000000000000160, 0.0000000000000000000, -10.00000000000000000 ) ) ;
#1318 = ADVANCED_FACE ( 'NONE', ( #3410 ), #468, .F. ) ;
#1319 = EDGE_LOOP ( 'NONE', ( #1736, #1232, #1289, #3021 ) ) ;
#1320 = DIRECTION ( 'NONE',  ( 0.9846232660466353037, 0.1746912246212065367, 0.0000000000000000000 ) ) ;
#1321 = CARTESIAN_POINT ( 'NONE',  ( 4.599999999999999645, 11.09999999999999964, -2.850000000000000089 ) ) ;
#1322 = CARTESIAN_POINT ( 'NONE',  ( 9.000000000000000000, 0.0000000000000000000, 0.0000000000000000000 ) ) ;
#1323 = ORIENTED_EDGE ( 'NONE', *, *, #2193, .T. ) ;
#1324 = ORIENTED_EDGE ( 'NONE', *, *, #3843, .T. ) ;
#1325 = LINE ( 'NONE', #159, #2303 ) ;
#1326 = PERSON_AND_ORGANIZATION ( #502, #4797 ) ;
#1327 = DIRECTION ( 'NONE',  ( 0.0000000000000000000, 1.000000000000000000, 0.0000000000000000000 ) ) ;
#1328 = EDGE_LOOP ( 'NONE', ( #2243, #4820, #2390, #872 ) ) ;
#1329 = ORIENTED_EDGE ( 'NONE', *, *, #3929, .F. ) ;
#1330 = EDGE_CURVE ( 'NONE', #3915, #2439, #1056, .T. ) ;
#1331 = DIRECTION ( 'NONE',  ( 1.000000000000000000, 0.0000000000000000000, 0.0000000000000000000 ) ) ;
#1332 = FACE_OUTER_BOUND ( 'NONE', #559, .T. ) ;
#1333 = CARTESIAN_POINT ( 'NONE',  ( 3.827441357045000103, 3.557992001945999405, -3.524999999999999911 ) ) ;
#1334 = ORIENTED_EDGE ( 'NONE', *, *, #1841, .F. ) ;
#1335 = ORIENTED_EDGE ( 'NONE', *, *, #4536, .T. ) ;
#1336 = DIRECTION ( 'NONE',  ( 0.0000000000000000000, 1.000000000000000000, 0.0000000000000000000 ) ) ;
#1337 = DIRECTION ( 'NONE',  ( 0.0000000000000000000, 1.000000000000000000, 0.0000000000000000000 ) ) ;
#1338 = DIRECTION ( 'NONE',  ( 0.0000000000000000000, 0.0000000000000000000, -1.000000000000000000 ) ) ;
#1339 = AXIS2_PLACEMENT_3D ( 'NONE', #3863, #1749, #3904 ) ;
#1340 = EDGE_CURVE ( 'NONE', #3130, #2495, #3846, .T. ) ;
#1341 = VERTEX_POINT ( 'NONE', #3505 ) ;
#1342 = VECTOR ( 'NONE', #3510, 1000.000000000000000 ) ;
#1343 = CC_DESIGN_PERSON_AND_ORGANIZATION_ASSIGNMENT ( #3495, #1645, ( #2627 ) ) ;
#1344 = DIRECTION ( 'NONE',  ( 0.0000000000000000000, 0.0000000000000000000, -1.000000000000000000 ) ) ;
#1345 = DIRECTION ( 'NONE',  ( -0.9946682856919401017, -0.1031261433326042115, 0.0000000000000000000 ) ) ;
#1346 = DIRECTION ( 'NONE',  ( 0.0000000000000000000, 0.0000000000000000000, -1.000000000000000000 ) ) ;
#1347 = VECTOR ( 'NONE', #608, 1000.000000000000000 ) ;
#1348 = CIRCLE ( 'NONE', #1274, 1.360000000000000764 ) ;
#1349 = EDGE_CURVE ( 'NONE', #2426, #4425, #519, .T. ) ;
#1350 = EDGE_LOOP ( 'NONE', ( #2613, #2771, #1437, #4441 ) ) ;
#1351 = VERTEX_POINT ( 'NONE', #2029 ) ;
#1352 = ADVANCED_FACE ( 'NONE', ( #129 ), #1586, .T. ) ;
#1353 = DIRECTION ( 'NONE',  ( 0.0000000000000000000, 0.0000000000000000000, 1.000000000000000000 ) ) ;
#1354 = TOROIDAL_SURFACE ( 'NONE', #2832, 1.360000000000000098, 0.5999999999999999778 ) ;
#1355 = VECTOR ( 'NONE', #1198, 1000.000000000000000 ) ;
#1356 = LINE ( 'NONE', #2845, #3690 ) ;
#1357 = CARTESIAN_POINT ( 'NONE',  ( 5.400000000000000355, 11.09999999999999964, -0.5400000000000000355 ) ) ;
#1358 = VECTOR ( 'NONE', #2589, 1000.000000000000000 ) ;
#1359 = EDGE_LOOP ( 'NONE', ( #1404, #3491, #3413, #540, #2776 ) ) ;
#1360 = EDGE_LOOP ( 'NONE', ( #3866, #1850, #4545, #4138, #3261 ) ) ;
#1361 = CARTESIAN_POINT ( 'NONE',  ( 5.000000000000000000, 12.50000000000000000, -2.500000000000000000 ) ) ;
#1362 = DIRECTION ( 'NONE',  ( 0.0000000000000000000, 1.000000000000000000, 0.0000000000000000000 ) ) ;
#1363 = CARTESIAN_POINT ( 'NONE',  ( 7.118699360395000397, 4.141924873508000537, -3.524999999999999911 ) ) ;
#1364 = ADVANCED_FACE ( 'NONE', ( #1635 ), #2401, .T. ) ;
#1365 = ORIENTED_EDGE ( 'NONE', *, *, #3459, .T. ) ;
#1366 = ORIENTED_EDGE ( 'NONE', *, *, #1936, .T. ) ;
#1367 = CARTESIAN_POINT ( 'NONE',  ( 2.773245919519999880, 3.493191983014000357, -6.474999999999999645 ) ) ;
#1368 = CARTESIAN_POINT ( 'NONE',  ( 6.529663727179999988, 6.899999999999999467, -9.475000000000001421 ) ) ;
#1369 = DIRECTION ( 'NONE',  ( 0.0000000000000000000, 0.0000000000000000000, -1.000000000000000000 ) ) ;
#1370 = CIRCLE ( 'NONE', #4473, 1.500000000000000000 ) ;
#1371 = EDGE_LOOP ( 'NONE', ( #606, #1003, #236, #3154, #331 ) ) ;
#1372 = DIRECTION ( 'NONE',  ( 0.0000000000000000000, 1.000000000000000000, 0.0000000000000000000 ) ) ;
#1373 = VECTOR ( 'NONE', #2730, 1000.000000000000000 ) ;
#1374 = LINE ( 'NONE', #2886, #1131 ) ;
#1375 = CARTESIAN_POINT ( 'NONE',  ( 4.009999999999999787, 11.09999999999999964, -2.149999999999999911 ) ) ;
#1376 = EDGE_LOOP ( 'NONE', ( #1774, #820, #3175, #3622 ) ) ;
#1377 = EDGE_LOOP ( 'NONE', ( #3182, #2418, #4472, #1822, #2201, #3471, #1477, #684, #3458, #3650, #4753, #3935, #1569, #3384, #87, #4798, #266, #833, #3545, #1820 ) ) ;
#1378 = LINE ( 'NONE', #768, #2756 ) ;
#1379 = CARTESIAN_POINT ( 'NONE',  ( 5.399888761754238153, 11.05036736535329034, -4.096872072667749443 ) ) ;
#1380 = CARTESIAN_POINT ( 'NONE',  ( 7.000000000000000000, 7.000000000000000000, -4.549999999999999822 ) ) ;
#1381 = CARTESIAN_POINT ( 'NONE',  ( 3.862379601969000209, 3.361067348736000326, -8.525000000000000355 ) ) ;
#1382 = ADVANCED_FACE ( 'NONE', ( #929 ), #3143, .F. ) ;
#1383 = ORIENTED_EDGE ( 'NONE', *, *, #1085, .F. ) ;
#1384 = ORIENTED_EDGE ( 'NONE', *, *, #1988, .F. ) ;
#1385 = DIRECTION ( 'NONE',  ( -0.4363252738282897836, 0.0000000000000000000, 0.8997890060556795744 ) ) ;
#1386 = CARTESIAN_POINT ( 'NONE',  ( 7.261839464882999806, 6.500000000000000000, -4.474999999999999645 ) ) ;
#1387 = LINE ( 'NONE', #3574, #4230 ) ;
#1388 = ORIENTED_EDGE ( 'NONE', *, *, #2000, .T. ) ;
#1389 = VERTEX_POINT ( 'NONE', #2379 ) ;
#1390 = LINE ( 'NONE', #105, #3445 ) ;
#1391 = CARTESIAN_POINT ( 'NONE',  ( 2.449999999999999734, 12.50000000000000000, -2.055376129208000169 ) ) ;
#1392 = CARTESIAN_POINT ( 'NONE',  ( 4.009999999999999787, 10.20000000000000107, -7.150000000000000355 ) ) ;
#1393 = DIRECTION ( 'NONE',  ( 0.0000000000000000000, 0.0000000000000000000, -1.000000000000000000 ) ) ;
#1394 = EDGE_CURVE ( 'NONE', #1172, #326, #149, .T. ) ;
#1395 = DIRECTION ( 'NONE',  ( 0.0000000000000000000, 1.000000000000000000, 0.0000000000000000000 ) ) ;
#1396 = DIRECTION ( 'NONE',  ( -1.000000000000000000, 0.0000000000000000000, 0.0000000000000000000 ) ) ;
#1397 = ORIENTED_EDGE ( 'NONE', *, *, #2375, .F. ) ;
#1398 = ORIENTED_EDGE ( 'NONE', *, *, #2276, .T. ) ;
#1399 = CARTESIAN_POINT ( 'NONE',  ( 4.009999999999999787, 10.20000000000000107, -7.849999999999999645 ) ) ;
#1400 = B_SPLINE_CURVE_WITH_KNOTS ( 'NONE', 3,
 ( #1197, #4500, #764, #784, #2259, #1937 ),
 .UNSPECIFIED., .F., .F.,
 ( 4, 2, 4 ),
 ( 0.0000000000000000000, 0.5000000000000000000, 1.000000000000000000 ),
 .UNSPECIFIED. ) ;
#1401 = CARTESIAN_POINT ( 'NONE',  ( 7.000000000000000000, 3.299999999999999822, -2.500000000000000000 ) ) ;
#1402 = CARTESIAN_POINT ( 'NONE',  ( 7.083761115470999847, 4.338849526717000415, 5.634657043732000048 ) ) ;
#1403 = DIRECTION ( 'NONE',  ( 0.0000000000000000000, -1.000000000000000000, 0.0000000000000000000 ) ) ;
#1404 = ORIENTED_EDGE ( 'NONE', *, *, #3518, .F. ) ;
#1405 = EDGE_CURVE ( 'NONE', #2732, #3817, #2419, .T. ) ;
#1406 = ORIENTED_EDGE ( 'NONE', *, *, #2184, .T. ) ;
#1407 = FACE_OUTER_BOUND ( 'NONE', #4035, .T. ) ;
#1408 = CARTESIAN_POINT ( 'NONE',  ( 1.199999999999999956, 0.0000000000000000000, 0.5500000000000000444 ) ) ;
#1409 = CARTESIAN_POINT ( 'NONE',  ( 1.554282626315000027, 7.000000000000000000, -7.500000000000000000 ) ) ;
#1410 = VERTEX_POINT ( 'NONE', #4598 ) ;
#1411 = ORIENTED_EDGE ( 'NONE', *, *, #4172, .F. ) ;
#1412 = FACE_OUTER_BOUND ( 'NONE', #4616, .T. ) ;
#1413 = EDGE_CURVE ( 'NONE', #242, #4108, #3892, .T. ) ;
#1414 = CARTESIAN_POINT ( 'NONE',  ( 7.118699360395000397, 4.141924873508000537, -6.474999999999999645 ) ) ;
#1415 = CARTESIAN_POINT ( 'NONE',  ( 7.000000000000000000, 0.9000000000000000222, -4.549999999999999822 ) ) ;
#1416 = DIRECTION ( 'NONE',  ( 0.0000000000000000000, 0.7071067811865975328, -0.7071067811864976127 ) ) ;
#1417 = DIRECTION ( 'NONE',  ( 0.8957173736854308066, 0.0000000000000000000, -0.4446238707920146527 ) ) ;
#1418 = DIRECTION ( 'NONE',  ( 0.09324284527829096447, -0.8993422818777098149, 0.4271875838919043100 ) ) ;
#1419 = ADVANCED_FACE ( 'NONE', ( #4236 ), #437, .F. ) ;
#1420 = EDGE_CURVE ( 'NONE', #4190, #4302, #3871, .T. ) ;
#1421 = ORIENTED_EDGE ( 'NONE', *, *, #2940, .F. ) ;
#1422 = ORIENTED_EDGE ( 'NONE', *, *, #3441, .T. ) ;
#1423 = DIRECTION ( 'NONE',  ( 0.0000000000000000000, 0.0000000000000000000, -1.000000000000000000 ) ) ;
#1424 = LINE ( 'NONE', #285, #4773 ) ;
#1425 = CARTESIAN_POINT ( 'NONE',  ( 7.282694772608999223, 4.359474755383999423, -3.524999999999999911 ) ) ;
#1426 = FACE_OUTER_BOUND ( 'NONE', #4196, .T. ) ;
#1427 = VECTOR ( 'NONE', #4575, 1000.000000000000000 ) ;
#1428 = VECTOR ( 'NONE', #1801, 1000.000000000000000 ) ;
#1429 = VERTEX_POINT ( 'NONE', #2049 ) ;
#1430 = CIRCLE ( 'NONE', #101, 2.000000000000000000 ) ;
#1431 = ORIENTED_EDGE ( 'NONE', *, *, #2710, .F. ) ;
#1432 = VECTOR ( 'NONE', #4433, 1000.000000000000000 ) ;
#1433 = DIRECTION ( 'NONE',  ( 0.0000000000000000000, 1.000000000000000000, 0.0000000000000000000 ) ) ;
#1434 = LINE ( 'NONE', #1861, #4714 ) ;
#1435 = DIRECTION ( 'NONE',  ( 0.0000000000000000000, 1.000000000000000000, 0.0000000000000000000 ) ) ;
#1436 = VECTOR ( 'NONE', #975, 1000.000000000000000 ) ;
#1437 = ORIENTED_EDGE ( 'NONE', *, *, #4789, .F. ) ;
#1438 = VERTEX_POINT ( 'NONE', #3534 ) ;
#1439 = AXIS2_PLACEMENT_3D ( 'NONE', #508, #2429, #2812 ) ;
#1440 = VECTOR ( 'NONE', #1759, 1000.000000000000000 ) ;
#1441 = CARTESIAN_POINT ( 'NONE',  ( 4.599999999999999645, 11.09999999999999964, -7.150000000000000355 ) ) ;
#1442 = DIRECTION ( 'NONE',  ( 0.0000000000000000000, -1.000000000000000000, 0.0000000000000000000 ) ) ;
#1443 = EDGE_CURVE ( 'NONE', #1650, #4056, #1370, .T. ) ;
#1444 = CARTESIAN_POINT ( 'NONE',  ( 7.000000000000000000, 6.970537156019000591, -4.474999999999999645 ) ) ;
#1445 = VECTOR ( 'NONE', #2871, 1000.000000000000000 ) ;
#1446 = APPLICATION_CONTEXT ( 'configuration controlled 3d designs of mechanical parts and assemblies' ) ;
#1447 = EDGE_CURVE ( 'NONE', #4265, #3430, #4399, .T. ) ;
#1448 = LINE ( 'NONE', #1738, #2008 ) ;
#1449 = AXIS2_PLACEMENT_3D ( 'NONE', #4729, #4311, #276 ) ;
#1450 = DIRECTION ( 'NONE',  ( 0.0000000000000000000, 0.9659258262890755287, -0.2588190451024934280 ) ) ;
#1451 = LINE ( 'NONE', #3249, #1432 ) ;
#1452 = ORIENTED_EDGE ( 'NONE', *, *, #1108, .F. ) ;
#1453 = VERTEX_POINT ( 'NONE', #878 ) ;
#1454 = EDGE_CURVE ( 'NONE', #3945, #3409, #3094, .T. ) ;
#1455 = FACE_OUTER_BOUND ( 'NONE', #192, .T. ) ;
#1456 = CARTESIAN_POINT ( 'NONE',  ( 3.862379601969000209, 3.361067348736000326, -1.474999999999999867 ) ) ;
#1457 = DIRECTION ( 'NONE',  ( -1.000000000000000000, 0.0000000000000000000, 0.0000000000000000000 ) ) ;
#1458 = PLANE ( 'NONE',  #4137 ) ;
#1459 = AXIS2_PLACEMENT_3D ( 'NONE', #3421, #4151, #3834 ) ;
#1460 = EDGE_LOOP ( 'NONE', ( #2923, #2138, #2558, #3251 ) ) ;
#1461 = EDGE_LOOP ( 'NONE', ( #3614, #2705, #3325, #407 ) ) ;
#1462 = ADVANCED_FACE ( 'NONE', ( #97 ), #4578, .F. ) ;
#1463 = CARTESIAN_POINT ( 'NONE',  ( 5.400000000000000355, 11.09999999999999964, -2.149999999999999911 ) ) ;
#1464 = CARTESIAN_POINT ( 'NONE',  ( 6.009999999999999787, 11.09999999999999964, -2.149999999999999911 ) ) ;
#1465 = ADVANCED_FACE ( 'NONE', ( #4187 ), #3460, .F. ) ;
#1466 = FACE_OUTER_BOUND ( 'NONE', #2735, .T. ) ;
#1467 = ORIENTED_EDGE ( 'NONE', *, *, #2769, .T. ) ;
#1468 = ORIENTED_EDGE ( 'NONE', *, *, #1585, .F. ) ;
#1469 = PLANE ( 'NONE',  #415 ) ;
#1470 = FACE_OUTER_BOUND ( 'NONE', #1543, .T. ) ;
#1471 = DIRECTION ( 'NONE',  ( 0.0000000000000000000, 0.0000000000000000000, 1.000000000000000000 ) ) ;
#1472 = DIRECTION ( 'NONE',  ( 0.0000000000000000000, 0.0000000000000000000, -1.000000000000000000 ) ) ;
#1473 = DIRECTION ( 'NONE',  ( 0.0000000000000000000, 0.0000000000000000000, -1.000000000000000000 ) ) ;
#1474 = EDGE_CURVE ( 'NONE', #4124, #3751, #3245, .T. ) ;
#1475 = LINE ( 'NONE', #2866, #2054 ) ;
#1476 = EDGE_LOOP ( 'NONE', ( #1365, #4645, #3159, #4180 ) ) ;
#1477 = ORIENTED_EDGE ( 'NONE', *, *, #1217, .F. ) ;
#1478 = PLANE ( 'NONE',  #1827 ) ;
#1479 = DIRECTION ( 'NONE',  ( 0.0000000000000000000, -1.000000000000000000, 0.0000000000000000000 ) ) ;
#1480 = CARTESIAN_POINT ( 'NONE',  ( 3.862379601969000209, 3.361067348736000326, -6.474999999999999645 ) ) ;
#1481 = EDGE_CURVE ( 'NONE', #3908, #2848, #4725, .T. ) ;
#1482 = CARTESIAN_POINT ( 'NONE',  ( 5.000000000000000000, -3.899999999999999911, -2.000000000000000000 ) ) ;
#1483 = VERTEX_POINT ( 'NONE', #3215 ) ;
#1484 = ORIENTED_EDGE ( 'NONE', *, *, #2016, .T. ) ;
#1485 = DIRECTION ( 'NONE',  ( 0.0000000000000000000, 1.000000000000000000, 0.0000000000000000000 ) ) ;
#1486 = CARTESIAN_POINT ( 'NONE',  ( 5.000000000000000000, 10.20000000000000107, -2.500000000000000000 ) ) ;
#1487 = ORIENTED_EDGE ( 'NONE', *, *, #246, .F. ) ;
#1488 = EDGE_CURVE ( 'NONE', #680, #1084, #3717, .T. ) ;
#1489 = ORIENTED_EDGE ( 'NONE', *, *, #4070, .F. ) ;
#1490 = CARTESIAN_POINT ( 'NONE',  ( 5.400000000000000355, 11.09999999999999964, -3.799846144742000220 ) ) ;
#1491 = CARTESIAN_POINT ( 'NONE',  ( 7.270263667275999708, 4.479374771332999217, -6.474999999999999645 ) ) ;
#1492 = DIRECTION ( 'NONE',  ( 0.0000000000000000000, 0.0000000000000000000, -1.000000000000000000 ) ) ;
#1493 = CARTESIAN_POINT ( 'NONE',  ( 5.000000000000000000, 12.30000000000000071, -9.400000000000000355 ) ) ;
#1494 = EDGE_CURVE ( 'NONE', #965, #1527, #2859, .T. ) ;
#1495 = VERTEX_POINT ( 'NONE', #2493 ) ;
#1496 = FACE_OUTER_BOUND ( 'NONE', #3236, .T. ) ;
#1497 = CARTESIAN_POINT ( 'NONE',  ( 0.0000000000000000000, 0.0000000000000000000, -10.00000000000000000 ) ) ;
#1498 = LINE ( 'NONE', #474, #1209 ) ;
#1499 = LINE ( 'NONE', #2982, #4296 ) ;
#1500 = ADVANCED_FACE ( 'NONE', ( #3969, #633, #218 ), #3189, .T. ) ;
#1501 = AXIS2_PLACEMENT_3D ( 'NONE', #868, #3035, #1097 ) ;
#1502 = VERTEX_POINT ( 'NONE', #3263 ) ;
#1503 = EDGE_CURVE ( 'NONE', #1754, #1296, #2741, .T. ) ;
#1504 = ORIENTED_EDGE ( 'NONE', *, *, #3885, .T. ) ;
#1505 = AXIS2_PLACEMENT_3D ( 'NONE', #2963, #2895, #3303 ) ;
#1506 = SPHERICAL_SURFACE ( 'NONE', #2062, 0.5000000000000000000 ) ;
#1507 = DIRECTION ( 'NONE',  ( 1.000000000000000000, 0.0000000000000000000, 0.0000000000000000000 ) ) ;
#1508 = CARTESIAN_POINT ( 'NONE',  ( 3.792503112120999997, 3.754916655155000171, 10.62961736105000021 ) ) ;
#1509 = AXIS2_PLACEMENT_3D ( 'NONE', #4065, #3340, #1884 ) ;
#1510 = VECTOR ( 'NONE', #3004, 1000.000000000000000 ) ;
#1511 = VERTEX_POINT ( 'NONE', #4700 ) ;
#1512 = ORIENTED_EDGE ( 'NONE', *, *, #535, .F. ) ;
#1513 = DIRECTION ( 'NONE',  ( 0.0000000000000000000, -1.000000000000000000, 0.0000000000000000000 ) ) ;
#1514 = AXIS2_PLACEMENT_3D ( 'NONE', #1149, #3727, #1955 ) ;
#1515 = DIRECTION ( 'NONE',  ( 0.3766813640976892086, 0.9263428900474726113, 0.0000000000000000000 ) ) ;
#1516 = AXIS2_PLACEMENT_3D ( 'NONE', #4150, #1179, #3833 ) ;
#1517 = AXIS2_PLACEMENT_3D ( 'NONE', #2488, #315, #2821 ) ;
#1518 = DIRECTION ( 'NONE',  ( 0.0000000000000000000, 1.000000000000000000, 0.0000000000000000000 ) ) ;
#1519 = CYLINDRICAL_SURFACE ( 'NONE', #1904, 0.4000000000000000222 ) ;
#1520 = AXIS2_PLACEMENT_3D ( 'NONE', #3022, #1886, #1560 ) ;
#1521 = EDGE_LOOP ( 'NONE', ( #767, #2147 ) ) ;
#1522 = DIRECTION ( 'NONE',  ( -0.1031261433326042115, 0.9946682856919401017, 0.0000000000000000000 ) ) ;
#1523 = DIRECTION ( 'NONE',  ( 0.0000000000000000000, 0.0000000000000000000, -1.000000000000000000 ) ) ;
#1524 = LINE ( 'NONE', #4117, #2691 ) ;
#1525 = DIRECTION ( 'NONE',  ( -1.000000000000000000, 0.0000000000000000000, 0.0000000000000000000 ) ) ;
#1526 = VECTOR ( 'NONE', #3963, 1000.000000000000000 ) ;
#1527 = VERTEX_POINT ( 'NONE', #1764 ) ;
#1528 = ORIENTED_EDGE ( 'NONE', *, *, #3219, .T. ) ;
#1529 = EDGE_CURVE ( 'NONE', #3638, #2404, #974, .T. ) ;
#1530 = CARTESIAN_POINT ( 'NONE',  ( 5.000000000000000000, 12.50000000000000000, -2.500000000000000000 ) ) ;
#1531 = DIRECTION ( 'NONE',  ( 1.000000000000000000, 0.0000000000000000000, 0.0000000000000000000 ) ) ;
#1532 = VECTOR ( 'NONE', #1531, 1000.000000000000000 ) ;
#1533 = EDGE_CURVE ( 'NONE', #2001, #3237, #239, .T. ) ;
#1534 = CARTESIAN_POINT ( 'NONE',  ( 7.000000000000000000, 0.9000000000000000222, -1.983260773805000321 ) ) ;
#1535 = VERTEX_POINT ( 'NONE', #664 ) ;
#1536 = ORIENTED_EDGE ( 'NONE', *, *, #3205, .F. ) ;
#1537 = DIRECTION ( 'NONE',  ( 0.0000000000000000000, 0.0000000000000000000, -1.000000000000000000 ) ) ;
#1538 = CARTESIAN_POINT ( 'NONE',  ( 6.849327454361000100, 6.599999999999999645, -5.525000000000000355 ) ) ;
#1539 = DIRECTION ( 'NONE',  ( 0.0000000000000000000, -1.000000000000000000, 0.0000000000000000000 ) ) ;
#1540 = DIRECTION ( 'NONE',  ( -0.2941176470588075520, 0.0000000000000000000, -0.9557692240748237866 ) ) ;
#1541 = CALENDAR_DATE ( 2020, 20, 2 ) ;
#1542 = ADVANCED_FACE ( 'NONE', ( #271 ), #3947, .T. ) ;
#1543 = EDGE_LOOP ( 'NONE', ( #1211, #4640, #3976, #2069, #4087 ) ) ;
#1544 = DIRECTION ( 'NONE',  ( 0.0000000000000000000, 1.000000000000000000, 0.0000000000000000000 ) ) ;
#1545 = CARTESIAN_POINT ( 'NONE',  ( 6.009999999999999787, 10.20000000000000107, -7.849999999999999645 ) ) ;
#1546 = DIRECTION ( 'NONE',  ( -1.000000000000000000, 0.0000000000000000000, 0.0000000000000000000 ) ) ;
#1547 = DIRECTION ( 'NONE',  ( -0.9991345801681311700, 0.0000000000000000000, 0.04159435913982131167 ) ) ;
#1548 = ORIENTED_EDGE ( 'NONE', *, *, #2875, .T. ) ;
#1549 = ORIENTED_EDGE ( 'NONE', *, *, #43, .F. ) ;
#1550 = DIRECTION ( 'NONE',  ( 0.0000000000000000000, 1.000000000000000000, 0.0000000000000000000 ) ) ;
#1551 = FACE_OUTER_BOUND ( 'NONE', #3377, .T. ) ;
#1552 = ADVANCED_FACE ( 'NONE', ( #2158 ), #1023, .F. ) ;
#1553 = ORIENTED_EDGE ( 'NONE', *, *, #3828, .T. ) ;
#1554 = VERTEX_POINT ( 'NONE', #610 ) ;
#1555 = DIRECTION ( 'NONE',  ( 0.9904149304455929226, -0.1381240947497990035, 0.0000000000000000000 ) ) ;
#1556 = CARTESIAN_POINT ( 'NONE',  ( 7.000000000000000000, 6.731521040106000164, -5.525000000000000355 ) ) ;
#1557 = CARTESIAN_POINT ( 'NONE',  ( 0.0000000000000000000, 9.500000000000000000, -7.500000000000000000 ) ) ;
#1558 = ORIENTED_EDGE ( 'NONE', *, *, #4619, .T. ) ;
#1559 = EDGE_CURVE ( 'NONE', #4474, #4175, #3981, .T. ) ;
#1560 = DIRECTION ( 'NONE',  ( 0.6614378277661205896, 0.0000000000000000000, 0.7500000000000238698 ) ) ;
#1561 = DIRECTION ( 'NONE',  ( -0.1031261433326042115, 0.9946682856919401017, 0.0000000000000000000 ) ) ;
#1562 = ORIENTED_EDGE ( 'NONE', *, *, #3580, .T. ) ;
#1563 = CARTESIAN_POINT ( 'NONE',  ( 5.000000000000000000, 10.20000000000000107, -7.500000000000000000 ) ) ;
#1564 = DIRECTION ( 'NONE',  ( 0.0000000000000000000, 1.000000000000000000, 0.0000000000000000000 ) ) ;
#1565 = CARTESIAN_POINT ( 'NONE',  ( 2.449999999999999734, 7.000000000000000000, -7.055376129207999725 ) ) ;
#1566 = CARTESIAN_POINT ( 'NONE',  ( 3.737253474221000182, 3.358750682977000412, -1.474999999999999867 ) ) ;
#1567 = EDGE_CURVE ( 'NONE', #4339, #4427, #298, .T. ) ;
#1568 = ORIENTED_EDGE ( 'NONE', *, *, #2901, .T. ) ;
#1569 = ORIENTED_EDGE ( 'NONE', *, *, #4742, .F. ) ;
#1570 = PLANE ( 'NONE',  #2761 ) ;
#1571 = CARTESIAN_POINT ( 'NONE',  ( 5.000000000000000000, 10.50000000000000000, -7.500000000000000000 ) ) ;
#1572 = DIRECTION ( 'NONE',  ( 1.000000000000000000, 0.0000000000000000000, 0.0000000000000000000 ) ) ;
#1573 = AXIS2_PLACEMENT_3D ( 'NONE', #2470, #4354, #1337 ) ;
#1574 = VECTOR ( 'NONE', #3171, 1000.000000000000114 ) ;
#1575 = VERTEX_POINT ( 'NONE', #2102 ) ;
#1576 = ORIENTED_EDGE ( 'NONE', *, *, #2563, .T. ) ;
#1577 = CARTESIAN_POINT ( 'NONE',  ( 1.554282626315000027, 7.000000000000000000, -7.500000000000000000 ) ) ;
#1578 = DIRECTION ( 'NONE',  ( 0.0000000000000000000, 0.0000000000000000000, -1.000000000000000000 ) ) ;
#1579 = CYLINDRICAL_SURFACE ( 'NONE', #3365, 0.4000000000000001332 ) ;
#1580 = VECTOR ( 'NONE', #1617, 1000.000000000000114 ) ;
#1581 = AXIS2_PLACEMENT_3D ( 'NONE', #1322, #3855, #615 ) ;
#1582 = ORIENTED_EDGE ( 'NONE', *, *, #3333, .T. ) ;
#1583 = AXIS2_PLACEMENT_3D ( 'NONE', #1220, #2274, #799 ) ;
#1584 = AXIS2_PLACEMENT_3D ( 'NONE', #277, #4385, #3323 ) ;
#1585 = EDGE_CURVE ( 'NONE', #4655, #156, #1790, .T. ) ;
#1586 = PLANE ( 'NONE',  #2692 ) ;
#1587 = CARTESIAN_POINT ( 'NONE',  ( 9.000000000000000000, 8.000000000000000000, -10.00000000000000000 ) ) ;
#1588 = EDGE_CURVE ( 'NONE', #1429, #972, #4061, .T. ) ;
#1589 = AXIS2_PLACEMENT_3D ( 'NONE', #4656, #4290, #180 ) ;
#1590 = EDGE_LOOP ( 'NONE', ( #2942, #2440, #2834, #1383 ) ) ;
#1591 = CARTESIAN_POINT ( 'NONE',  ( 7.000000000000000000, 0.0000000000000000000, -7.500000000000000000 ) ) ;
#1592 = DIRECTION ( 'NONE',  ( 0.0000000000000000000, 0.0000000000000000000, 1.000000000000000000 ) ) ;
#1593 = AXIS2_PLACEMENT_3D ( 'NONE', #2057, #2788, #4263 ) ;
#1594 = DIRECTION ( 'NONE',  ( 0.0000000000000000000, 0.0000000000000000000, -1.000000000000000000 ) ) ;
#1595 = DIRECTION ( 'NONE',  ( 1.000000000000000000, 0.0000000000000000000, 0.0000000000000000000 ) ) ;
#1596 = EDGE_CURVE ( 'NONE', #758, #984, #4674, .T. ) ;
#1597 = ORIENTED_EDGE ( 'NONE', *, *, #4360, .T. ) ;
#1598 = ORIENTED_EDGE ( 'NONE', *, *, #4716, .F. ) ;
#1599 = DIRECTION ( 'NONE',  ( 0.0000000000000000000, 0.0000000000000000000, -1.000000000000000000 ) ) ;
#1600 = CARTESIAN_POINT ( 'NONE',  ( 0.0000000000000000000, 11.09999999999999964, -7.500000000000000000 ) ) ;
#1601 = AXIS2_PLACEMENT_3D ( 'NONE', #1957, #910, #3168 ) ;
#1602 = DIRECTION ( 'NONE',  ( 0.0000000000000000000, 0.0000000000000000000, 1.000000000000000000 ) ) ;
#1603 = ORIENTED_EDGE ( 'NONE', *, *, #1680, .F. ) ;
#1604 = EDGE_CURVE ( 'NONE', #4781, #3130, #3285, .T. ) ;
#1605 = ORIENTED_EDGE ( 'NONE', *, *, #4649, .T. ) ;
#1606 = CIRCLE ( 'NONE', #1768, 0.4000000000000002998 ) ;
#1607 = ADVANCED_FACE ( 'NONE', ( #4543 ), #1972, .F. ) ;
#1608 = DIRECTION ( 'NONE',  ( 0.0000000000000000000, 0.0000000000000000000, 1.000000000000000000 ) ) ;
#1609 = FACE_OUTER_BOUND ( 'NONE', #1360, .T. ) ;
#1610 = LINE ( 'NONE', #2350, #3916 ) ;
#1611 = CC_DESIGN_APPROVAL ( #3872, ( #695 ) ) ;
#1612 = ORIENTED_EDGE ( 'NONE', *, *, #1108, .T. ) ;
#1613 = DIRECTION ( 'NONE',  ( 0.0000000000000000000, 1.000000000000000000, 0.0000000000000000000 ) ) ;
#1614 = DIRECTION ( 'NONE',  ( -1.000000000000000000, 0.0000000000000000000, 0.0000000000000000000 ) ) ;
#1615 = ORIENTED_EDGE ( 'NONE', *, *, #2344, .F. ) ;
#1616 = EDGE_CURVE ( 'NONE', #3492, #2019, #3448, .T. ) ;
#1617 = DIRECTION ( 'NONE',  ( -0.9946682856919401017, -0.1031261433326042115, 0.0000000000000000000 ) ) ;
#1618 = CARTESIAN_POINT ( 'NONE',  ( 7.469197324414999173, 4.500000000000000000, -6.474999999999999645 ) ) ;
#1619 = CARTESIAN_POINT ( 'NONE',  ( 4.599999999999999645, 10.50000000000000000, -5.581250407166001182 ) ) ;
#1620 = CARTESIAN_POINT ( 'NONE',  ( 2.299999999999999822, 0.0000000000000000000, 0.0000000000000000000 ) ) ;
#1621 = ADVANCED_FACE ( 'NONE', ( #3315 ), #3435, .T. ) ;
#1622 = ORIENTED_EDGE ( 'NONE', *, *, #2579, .T. ) ;
#1623 = ORIENTED_EDGE ( 'NONE', *, *, #2074, .T. ) ;
#1624 = ADVANCED_FACE ( 'NONE', ( #4429 ), #3675, .T. ) ;
#1625 = CARTESIAN_POINT ( 'NONE',  ( 3.764878293170999868, 3.556833669066000070, -6.474999999999999645 ) ) ;
#1626 = DATE_AND_TIME ( #3106, #3777 ) ;
#1627 = CARTESIAN_POINT ( 'NONE',  ( 7.481628429746999487, 4.380099984049999229, -8.525000000000000355 ) ) ;
#1628 = EDGE_LOOP ( 'NONE', ( #482, #4202, #2189, #2117, #2786 ) ) ;
#1629 = ORIENTED_EDGE ( 'NONE', *, *, #2325, .T. ) ;
#1630 = CARTESIAN_POINT ( 'NONE',  ( 2.787058328994999723, 3.592233476057999919, -2.500000000000000000 ) ) ;
#1631 = CARTESIAN_POINT ( 'NONE',  ( 5.000000000000000000, 12.50000000000000000, -5.500000000000000000 ) ) ;
#1632 = CARTESIAN_POINT ( 'NONE',  ( 2.773245919519999880, 3.493191983014000357, -8.525000000000000355 ) ) ;
#1633 = EDGE_CURVE ( 'NONE', #2551, #4373, #3747, .T. ) ;
#1634 = ORIENTED_EDGE ( 'NONE', *, *, #3899, .F. ) ;
#1635 = FACE_OUTER_BOUND ( 'NONE', #3375, .T. ) ;
#1636 = CARTESIAN_POINT ( 'NONE',  ( 5.000000000000000000, 9.500000000000000000, -2.500000000000000000 ) ) ;
#1637 = ORIENTED_EDGE ( 'NONE', *, *, #3123, .T. ) ;
#1638 = CARTESIAN_POINT ( 'NONE',  ( 5.396862696660000402, 0.9000000000000000222, -2.949999999999999734 ) ) ;
#1639 = PLANE ( 'NONE',  #4233 ) ;
#1640 = DIRECTION ( 'NONE',  ( 0.0000000000000000000, 0.0000000000000000000, -1.000000000000000000 ) ) ;
#1641 = CC_DESIGN_DATE_AND_TIME_ASSIGNMENT ( #1626, #4657, ( #695 ) ) ;
#1642 = EDGE_LOOP ( 'NONE', ( #2748, #2978, #544, #167 ) ) ;
#1643 = ORIENTED_EDGE ( 'NONE', *, *, #3266, .T. ) ;
#1644 = DIRECTION ( 'NONE',  ( 1.000000000000000000, 0.0000000000000000000, 0.0000000000000000000 ) ) ;
#1645 = PERSON_AND_ORGANIZATION_ROLE ( 'classification_officer' ) ;
#1646 = EDGE_CURVE ( 'NONE', #1495, #4057, #2704, .T. ) ;
#1647 = DIRECTION ( 'NONE',  ( -0.0000000000000000000, 1.000000000000000000, 0.0000000000000000000 ) ) ;
#1648 = EDGE_CURVE ( 'NONE', #2179, #2110, #3517, .T. ) ;
#1649 = EDGE_LOOP ( 'NONE', ( #1858, #1840, #3297, #1930 ) ) ;
#1650 = VERTEX_POINT ( 'NONE', #4569 ) ;
#1651 = VECTOR ( 'NONE', #1442, 1000.000000000000000 ) ;
#1652 = LINE ( 'NONE', #2485, #1121 ) ;
#1653 = DIRECTION ( 'NONE',  ( 0.2941176470588076075, 0.0000000000000000000, 0.9557692240748237866 ) ) ;
#1654 = CARTESIAN_POINT ( 'NONE',  ( 3.792503112120999997, 3.754916655155000171, -6.474999999999999645 ) ) ;
#1655 = VECTOR ( 'NONE', #3201, 1000.000000000000000 ) ;
#1656 = ORIENTED_EDGE ( 'NONE', *, *, #3353, .T. ) ;
#1657 = VECTOR ( 'NONE', #2885, 1000.000000000000000 ) ;
#1658 = VECTOR ( 'NONE', #166, 1000.000000000000000 ) ;
#1659 = CARTESIAN_POINT ( 'NONE',  ( 7.375946048512000530, 4.429737377691999711, -8.525000000000000355 ) ) ;
#1660 = AXIS2_PLACEMENT_3D ( 'NONE', #4216, #1253, #4632 ) ;
#1661 = CARTESIAN_POINT ( 'NONE',  ( 3.792503112120999997, 3.754916655155000171, 10.62961736105000021 ) ) ;
#1662 = AXIS2_PLACEMENT_3D ( 'NONE', #1086, #3661, #1718 ) ;
#1663 = VECTOR ( 'NONE', #447, 1000.000000000000114 ) ;
#1664 = VERTEX_POINT ( 'NONE', #824 ) ;
#1665 = CARTESIAN_POINT ( 'NONE',  ( 4.599999999999999645, 10.20000000000000107, -4.418749592834000595 ) ) ;
#1666 = DIRECTION ( 'NONE',  ( -0.1031261433326042115, 0.9946682856919401017, 0.0000000000000000000 ) ) ;
#1667 = LINE ( 'NONE', #2476, #4372 ) ;
#1668 = CIRCLE ( 'NONE', #4540, 2.000000000000000000 ) ;
#1669 = EDGE_LOOP ( 'NONE', ( #2489, #2896, #325, #4815 ) ) ;
#1670 = VECTOR ( 'NONE', #1599, 1000.000000000000000 ) ;
#1671 = ORIENTED_EDGE ( 'NONE', *, *, #131, .F. ) ;
#1672 = AXIS2_PLACEMENT_3D ( 'NONE', #1409, #997, #4349 ) ;
#1673 = CARTESIAN_POINT ( 'NONE',  ( 5.000000000000000000, 12.50000000000000000, -7.500000000000000000 ) ) ;
#1674 = PERSON_AND_ORGANIZATION_ROLE ( 'creator' ) ;
#1675 = DIRECTION ( 'NONE',  ( 0.9904149304455928116, -0.1381240947497989757, 0.0000000000000000000 ) ) ;
#1676 = AXIS2_PLACEMENT_3D ( 'NONE', #1402, #1012, #3642 ) ;
#1677 = ORIENTED_EDGE ( 'NONE', *, *, #2492, .T. ) ;
#1678 = VERTEX_POINT ( 'NONE', #2953 ) ;
#1679 = VECTOR ( 'NONE', #1769, 1000.000000000000114 ) ;
#1680 = EDGE_CURVE ( 'NONE', #4277, #4005, #1843, .T. ) ;
#1681 = CYLINDRICAL_SURFACE ( 'NONE', #3841, 1.500000000000000000 ) ;
#1682 = ORIENTED_EDGE ( 'NONE', *, *, #1394, .T. ) ;
#1683 = AXIS2_PLACEMENT_3D ( 'NONE', #626, #1362, #1653 ) ;
#1684 = ORIENTED_EDGE ( 'NONE', *, *, #213, .F. ) ;
#1685 = CARTESIAN_POINT ( 'NONE',  ( 6.849327454361000100, 6.599999999999999645, 13.50553634719999962 ) ) ;
#1687 = DIRECTION ( 'NONE',  ( -1.000000000000000000, 0.0000000000000000000, 0.0000000000000000000 ) ) ;
#1686 = AXIS2_PLACEMENT_3D ( 'NONE', #3034, #3084, #1900 ) ;
#1688 = VERTEX_POINT ( 'NONE', #3085 ) ;
#1689 = CARTESIAN_POINT ( 'NONE',  ( 7.000000000000000000, 3.299999999999999822, -1.000000000000000000 ) ) ;
#1690 = DIRECTION ( 'NONE',  ( 0.8957173736854308066, 0.0000000000000000000, -0.4446238707920146527 ) ) ;
#1691 = LINE ( 'NONE', #3468, #1342 ) ;
#1692 = EDGE_CURVE ( 'NONE', #4005, #549, #2205, .T. ) ;
#1693 = ORIENTED_EDGE ( 'NONE', *, *, #2114, .F. ) ;
#1694 = VERTEX_POINT ( 'NONE', #848 ) ;
#1695 = DIRECTION ( 'NONE',  ( 0.0000000000000000000, 1.000000000000000000, 0.0000000000000000000 ) ) ;
#1696 = APPROVAL_ROLE ( '' ) ;
#1697 = CARTESIAN_POINT ( 'NONE',  ( 1.554282626315000027, 12.50000000000000000, -7.500000000000000000 ) ) ;
#1698 = VERTEX_POINT ( 'NONE', #2236 ) ;
#1699 = VERTEX_POINT ( 'NONE', #1490 ) ;
#1700 = CARTESIAN_POINT ( 'NONE',  ( 4.009999999999999787, 11.09999999999999964, -7.150000000000000355 ) ) ;
#1701 = CARTESIAN_POINT ( 'NONE',  ( 4.009999999999999787, 11.09999999999999964, -7.150000000000000355 ) ) ;
#1702 = CARTESIAN_POINT ( 'NONE',  ( 3.827441357045000103, 3.557992001945999405, -1.474999999999999867 ) ) ;
#1703 = EDGE_CURVE ( 'NONE', #2042, #2855, #480, .T. ) ;
#1704 = CC_DESIGN_PERSON_AND_ORGANIZATION_ASSIGNMENT ( #2745, #1674, ( #2703 ) ) ;
#1705 = ORIENTED_EDGE ( 'NONE', *, *, #724, .T. ) ;
#1706 = ORIENTED_EDGE ( 'NONE', *, *, #2617, .T. ) ;
#1707 = CARTESIAN_POINT ( 'NONE',  ( 1.554282626315000027, 12.50000000000000000, -7.500000000000000000 ) ) ;
#1708 = CARTESIAN_POINT ( 'NONE',  ( 5.000000000000000000, 12.30000000000000071, -2.500000000000000000 ) ) ;
#1709 = ADVANCED_FACE ( 'NONE', ( #1470 ), #2364, .F. ) ;
#1710 = DIRECTION ( 'NONE',  ( -0.04159435913982131167, 0.0000000000000000000, -0.9991345801681311700 ) ) ;
#1711 = EDGE_CURVE ( 'NONE', #999, #534, #142, .T. ) ;
#1712 = ORIENTED_EDGE ( 'NONE', *, *, #592, .F. ) ;
#1713 = CARTESIAN_POINT ( 'NONE',  ( 5.000000000000000000, 12.30000000000000071, -4.400000000000000355 ) ) ;
#1714 = LINE ( 'NONE', #3563, #4465 ) ;
#1715 = FACE_OUTER_BOUND ( 'NONE', #1882, .T. ) ;
#1716 = VERTEX_POINT ( 'NONE', #1237 ) ;
#1717 = ORIENTED_EDGE ( 'NONE', *, *, #2577, .F. ) ;
#1718 = DIRECTION ( 'NONE',  ( 0.8957173736854308066, 0.0000000000000000000, -0.4446238707920150968 ) ) ;
#1719 = CARTESIAN_POINT ( 'NONE',  ( 5.400000000000000355, 11.09999999999999964, -2.850000000000000089 ) ) ;
#1720 = CARTESIAN_POINT ( 'NONE',  ( 5.000000000000000000, -3.899999999999999911, -2.500000000000000000 ) ) ;
#1721 = EDGE_CURVE ( 'NONE', #2007, #3666, #4132, .T. ) ;
#1722 = ORIENTED_EDGE ( 'NONE', *, *, #3849, .T. ) ;
#1723 = ORIENTED_EDGE ( 'NONE', *, *, #4727, .T. ) ;
#1724 = B_SPLINE_CURVE_WITH_KNOTS ( 'NONE', 3,
 ( #2893, #1011, #3689, #1379, #1032, #4756 ),
 .UNSPECIFIED., .F., .F.,
 ( 4, 2, 4 ),
 ( 0.0000000000000000000, 0.5000000000000000000, 1.000000000000000000 ),
 .UNSPECIFIED. ) ;
#1725 = CARTESIAN_POINT ( 'NONE',  ( 3.862379601969000209, 3.361067348736000326, -1.474999999999999867 ) ) ;
#1726 = DIRECTION ( 'NONE',  ( -1.000000000000000000, 0.0000000000000000000, 0.0000000000000000000 ) ) ;
#1727 = CARTESIAN_POINT ( 'NONE',  ( 7.000000000000000000, 0.9000000000000000222, -3.016739226194999901 ) ) ;
#1728 = ORIENTED_EDGE ( 'NONE', *, *, #3684, .F. ) ;
#1729 = ORIENTED_EDGE ( 'NONE', *, *, #128, .F. ) ;
#1730 = VECTOR ( 'NONE', #3559, 1000.000000000000000 ) ;
#1731 = CARTESIAN_POINT ( 'NONE',  ( 9.000000000000000000, 0.9000000000000000222, -5.450000000000000178 ) ) ;
#1732 = DIRECTION ( 'NONE',  ( 0.0000000000000000000, -1.000000000000000000, 0.0000000000000000000 ) ) ;
#1733 = FACE_OUTER_BOUND ( 'NONE', #1218, .T. ) ;
#1734 = AXIS2_PLACEMENT_3D ( 'NONE', #161, #1647, #4612 ) ;
#1735 = EDGE_CURVE ( 'NONE', #918, #1254, #458, .T. ) ;
#1736 = ORIENTED_EDGE ( 'NONE', *, *, #128, .T. ) ;
#1737 = VECTOR ( 'NONE', #3544, 1000.000000000000000 ) ;
#1738 = CARTESIAN_POINT ( 'NONE',  ( 9.000000000000000000, 8.000000000000000000, -10.00000000000000000 ) ) ;
#1739 = DIRECTION ( 'NONE',  ( 0.0000000000000000000, -1.000000000000000000, 0.0000000000000000000 ) ) ;
#1740 = EDGE_CURVE ( 'NONE', #2323, #1090, #2365, .T. ) ;
#1741 = DIRECTION ( 'NONE',  ( 0.0000000000000000000, 0.0000000000000000000, -1.000000000000000000 ) ) ;
#1742 = AXIS2_PLACEMENT_3D ( 'NONE', #1707, #4667, #3578 ) ;
#1743 = VERTEX_POINT ( 'NONE', #2321 ) ;
#1744 = EDGE_LOOP ( 'NONE', ( #3332, #3921, #3243, #3051 ) ) ;
#1745 = CYLINDRICAL_SURFACE ( 'NONE', #1035, 1.000000000000000000 ) ;
#1746 = AXIS2_PLACEMENT_3D ( 'NONE', #3939, #2416, #2043 ) ;
#1747 = CIRCLE ( 'NONE', #2989, 1.499999999999999556 ) ;
#1748 = CARTESIAN_POINT ( 'NONE',  ( 4.600485447233377378, 10.83964185394132507, -9.336196539387854543 ) ) ;
#1749 = DIRECTION ( 'NONE',  ( 0.0000000000000000000, 1.000000000000000000, 0.0000000000000000000 ) ) ;
#1750 = EDGE_CURVE ( 'NONE', #1239, #1535, #3905, .T. ) ;
#1751 = VECTOR ( 'NONE', #2948, 1000.000000000000000 ) ;
#1752 = AXIS2_PLACEMENT_3D ( 'NONE', #4743, #3280, #3556 ) ;
#1753 = ORIENTED_EDGE ( 'NONE', *, *, #2128, .T. ) ;
#1754 = VERTEX_POINT ( 'NONE', #3235 ) ;
#1755 = MANIFOLD_SOLID_BREP ( 'BR002.stp', #4147 ) ;
#1756 = DIRECTION ( 'NONE',  ( 0.0000000000000000000, 0.0000000000000000000, -1.000000000000000000 ) ) ;
#1757 = DIRECTION ( 'NONE',  ( 0.0000000000000000000, 0.0000000000000000000, -1.000000000000000000 ) ) ;
#1758 = VECTOR ( 'NONE', #2717, 1000.000000000000000 ) ;
#1759 = DIRECTION ( 'NONE',  ( 0.0000000000000000000, 0.0000000000000000000, -1.000000000000000000 ) ) ;
#1760 = ORIENTED_EDGE ( 'NONE', *, *, #2355, .T. ) ;
#1761 = EDGE_CURVE ( 'NONE', #1239, #624, #2774, .T. ) ;
#1762 = ORIENTED_EDGE ( 'NONE', *, *, #1596, .T. ) ;
#1763 = CARTESIAN_POINT ( 'NONE',  ( 1.199999999999999956, 0.0000000000000000000, 0.6999999999999999556 ) ) ;
#1764 = CARTESIAN_POINT ( 'NONE',  ( 3.764878293170999868, 3.556833669066000070, -8.525000000000000355 ) ) ;
#1765 = LINE ( 'NONE', #1392, #2136 ) ;
#1766 = AXIS2_PLACEMENT_3D ( 'NONE', #1571, #1140, #1236 ) ;
#1767 = LINE ( 'NONE', #2522, #2620 ) ;
#1768 = AXIS2_PLACEMENT_3D ( 'NONE', #2835, #4310, #3840 ) ;
#1769 = DIRECTION ( 'NONE',  ( 0.4422238517520144518, 0.0000000000000000000, 0.8969047134125298637 ) ) ;
#1770 = DIRECTION ( 'NONE',  ( -0.09324284527829096447, 0.8993422818777098149, 0.4271875838919043100 ) ) ;
#1771 = EDGE_CURVE ( 'NONE', #2001, #4587, #1308, .T. ) ;
#1772 = EDGE_CURVE ( 'NONE', #3529, #2286, #181, .T. ) ;
#1773 = CIRCLE ( 'NONE', #1459, 0.5000000000000000000 ) ;
#1774 = ORIENTED_EDGE ( 'NONE', *, *, #3930, .F. ) ;
#1775 = EDGE_CURVE ( 'NONE', #4056, #3666, #4682, .T. ) ;
#1776 = ORIENTED_EDGE ( 'NONE', *, *, #4548, .T. ) ;
#1777 = CARTESIAN_POINT ( 'NONE',  ( 4.599999999999999645, 10.50000000000000000, -4.418749592834000595 ) ) ;
#1778 = DIRECTION ( 'NONE',  ( 0.0000000000000000000, 1.000000000000000000, 0.0000000000000000000 ) ) ;
#1779 = DIRECTION ( 'NONE',  ( -0.1031261433326042115, 0.9946682856919401017, 0.0000000000000000000 ) ) ;
#1780 = DIRECTION ( 'NONE',  ( 0.1746912246212065645, -0.9846232660466353037, 0.0000000000000000000 ) ) ;
#1781 = EDGE_CURVE ( 'NONE', #3666, #2007, #247, .T. ) ;
#1782 = ORIENTED_EDGE ( 'NONE', *, *, #3191, .F. ) ;
#1783 = EDGE_CURVE ( 'NONE', #1351, #1554, #3287, .T. ) ;
#1784 = ORIENTED_EDGE ( 'NONE', *, *, #4548, .F. ) ;
#1785 = CARTESIAN_POINT ( 'NONE',  ( 7.282694772608999223, 4.359474755383999423, -1.474999999999999867 ) ) ;
#1786 = DIRECTION ( 'NONE',  ( 0.0000000000000000000, 0.0000000000000000000, -1.000000000000000000 ) ) ;
#1787 = DIRECTION ( 'NONE',  ( 0.9846232660466353037, 0.1746912246212065367, 0.0000000000000000000 ) ) ;
#1788 = ORIENTED_EDGE ( 'NONE', *, *, #1481, .F. ) ;
#1789 = ORIENTED_EDGE ( 'NONE', *, *, #2754, .F. ) ;
#1790 = LINE ( 'NONE', #1414, #2815 ) ;
#1791 = FACE_OUTER_BOUND ( 'NONE', #4051, .T. ) ;
#1792 = EDGE_CURVE ( 'NONE', #2455, #562, #4319, .T. ) ;
#1793 = DIRECTION ( 'NONE',  ( 0.0000000000000000000, 0.0000000000000000000, -1.000000000000000000 ) ) ;
#1794 = LINE ( 'NONE', #351, #901 ) ;
#1795 = DIRECTION ( 'NONE',  ( -1.000000000000000000, 0.0000000000000000000, 0.0000000000000000000 ) ) ;
#1796 = EDGE_LOOP ( 'NONE', ( #1643, #3955, #3821, #3806 ) ) ;
#1797 = ORIENTED_EDGE ( 'NONE', *, *, #190, .F. ) ;
#1798 = CARTESIAN_POINT ( 'NONE',  ( 2.449999999999999734, 12.50000000000000000, -7.055376129207999725 ) ) ;
#1799 = CARTESIAN_POINT ( 'NONE',  ( 2.399999999999999911, 0.0000000000000000000, 0.6999999999999999556 ) ) ;
#1800 = DIRECTION ( 'NONE',  ( 0.0000000000000000000, -1.000000000000000000, 0.0000000000000000000 ) ) ;
#1801 = DIRECTION ( 'NONE',  ( 0.0000000000000000000, 0.0000000000000000000, -1.000000000000000000 ) ) ;
#1802 = APPROVAL ( #3096, 'UNSPECIFIED' ) ;
#1803 = ORIENTED_EDGE ( 'NONE', *, *, #2070, .T. ) ;
#1804 = VERTEX_POINT ( 'NONE', #532 ) ;
#1805 = EDGE_CURVE ( 'NONE', #4201, #504, #2115, .T. ) ;
#1806 = DIRECTION ( 'NONE',  ( 0.0000000000000000000, 0.0000000000000000000, 1.000000000000000000 ) ) ;
#1807 = LINE ( 'NONE', #4401, #3080 ) ;
#1808 = EDGE_CURVE ( 'NONE', #3393, #3751, #2794, .T. ) ;
#1809 = DIRECTION ( 'NONE',  ( 0.0000000000000000000, 0.0000000000000000000, -1.000000000000000000 ) ) ;
#1810 = ORIENTED_EDGE ( 'NONE', *, *, #4589, .F. ) ;
#1811 = VERTEX_POINT ( 'NONE', #253 ) ;
#1812 = CARTESIAN_POINT ( 'NONE',  ( 7.469197324414999173, 4.500000000000000000, -1.474999999999999867 ) ) ;
#1813 = DIRECTION ( 'NONE',  ( 0.0000000000000000000, 1.000000000000000000, 0.0000000000000000000 ) ) ;
#1814 = DIRECTION ( 'NONE',  ( 0.0000000000000000000, 0.0000000000000000000, 1.000000000000000000 ) ) ;
#1815 = EDGE_CURVE ( 'NONE', #4427, #773, #3179, .T. ) ;
#1816 = CARTESIAN_POINT ( 'NONE',  ( 5.000000000000000000, 12.40000000000000036, -0.5000000000000000000 ) ) ;
#1817 = CARTESIAN_POINT ( 'NONE',  ( 4.009999999999999787, 10.20000000000000107, -7.150000000000000355 ) ) ;
#1818 = CARTESIAN_POINT ( 'NONE',  ( 7.261839464882999806, 6.500000000000000000, -0.5250000000000000222 ) ) ;
#1819 = VECTOR ( 'NONE', #2431, 1000.000000000000000 ) ;
#1820 = ORIENTED_EDGE ( 'NONE', *, *, #4235, .T. ) ;
#1821 = EDGE_CURVE ( 'NONE', #3965, #1030, #4713, .T. ) ;
#1822 = ORIENTED_EDGE ( 'NONE', *, *, #1223, .F. ) ;
#1823 = PLANE ( 'NONE',  #1194 ) ;
#1824 = FACE_OUTER_BOUND ( 'NONE', #1476, .T. ) ;
#1825 = LINE ( 'NONE', #3302, #4389 ) ;
#1826 = DIRECTION ( 'NONE',  ( -1.000000000000000000, 0.0000000000000000000, 0.0000000000000000000 ) ) ;
#1827 = AXIS2_PLACEMENT_3D ( 'NONE', #1173, #396, #3394 ) ;
#1828 = VECTOR ( 'NONE', #287, 1000.000000000000000 ) ;
#1829 = AXIS2_PLACEMENT_3D ( 'NONE', #769, #4116, #2644 ) ;
#1830 = ORIENTED_EDGE ( 'NONE', *, *, #3196, .T. ) ;
#1831 = CIRCLE ( 'NONE', #419, 2.000000000000000000 ) ;
#1832 = ORIENTED_EDGE ( 'NONE', *, *, #340, .T. ) ;
#1833 = AXIS2_PLACEMENT_3D ( 'NONE', #2402, #1299, #150 ) ;
#1834 = CARTESIAN_POINT ( 'NONE',  ( 6.009999999999999787, 10.20000000000000107, -2.850000000000000089 ) ) ;
#1835 = LINE ( 'NONE', #1386, #2934 ) ;
#1836 = CYLINDRICAL_SURFACE ( 'NONE', #4462, 0.1499999999999999667 ) ;
#1837 = AXIS2_PLACEMENT_3D ( 'NONE', #4109, #1608, #1164 ) ;
#1838 = AXIS2_PLACEMENT_3D ( 'NONE', #4023, #689, #299 ) ;
#1839 = ORIENTED_EDGE ( 'NONE', *, *, #3001, .T. ) ;
#1840 = ORIENTED_EDGE ( 'NONE', *, *, #2931, .F. ) ;
#1841 = EDGE_CURVE ( 'NONE', #1935, #1951, #4522, .T. ) ;
#1842 = CIRCLE ( 'NONE', #1516, 1.360000000000000320 ) ;
#1843 = LINE ( 'NONE', #117, #2747 ) ;
#1844 = CARTESIAN_POINT ( 'NONE',  ( 5.000000000000000000, 9.500000000000000000, -7.500000000000000000 ) ) ;
#1845 = VECTOR ( 'NONE', #1666, 1000.000000000000114 ) ;
#1846 = DIRECTION ( 'NONE',  ( 0.0000000000000000000, -1.000000000000000000, 0.0000000000000000000 ) ) ;
#1847 = VECTOR ( 'NONE', #417, 1000.000000000000114 ) ;
#1848 = DIRECTION ( 'NONE',  ( 0.0000000000000000000, 0.0000000000000000000, -1.000000000000000000 ) ) ;
#1849 = DIRECTION ( 'NONE',  ( 1.000000000000000000, 0.0000000000000000000, 0.0000000000000000000 ) ) ;
#1850 = ORIENTED_EDGE ( 'NONE', *, *, #3376, .T. ) ;
#1851 = CIRCLE ( 'NONE', #1062, 0.5999999999999997558 ) ;
#1852 = VERTEX_POINT ( 'NONE', #2066 ) ;
#1853 = CARTESIAN_POINT ( 'NONE',  ( 2.399999999999999911, 0.0000000000000000000, 0.6999999999999999556 ) ) ;
#1854 = LINE ( 'NONE', #3233, #3907 ) ;
#1855 = CARTESIAN_POINT ( 'NONE',  ( 5.400000000000000355, 11.09999999999999964, -8.799846144742000220 ) ) ;
#1856 = CARTESIAN_POINT ( 'NONE',  ( 4.599999999999999645, 11.09999999999999964, -4.460000000000000853 ) ) ;
#1857 = ADVANCED_FACE ( 'NONE', ( #2746 ), #3549, .F. ) ;
#1858 = ORIENTED_EDGE ( 'NONE', *, *, #94, .T. ) ;
#1859 = ORIENTED_EDGE ( 'NONE', *, *, #2726, .F. ) ;
#1860 = DIRECTION ( 'NONE',  ( 1.000000000000000000, 0.0000000000000000000, 0.0000000000000000000 ) ) ;
#1861 = CARTESIAN_POINT ( 'NONE',  ( 1.294999999999999929, 9.000000000000000000, -10.00000000000000000 ) ) ;
#1862 = CARTESIAN_POINT ( 'NONE',  ( 5.000000000000000000, 12.30000000000000071, -9.400000000000000355 ) ) ;
#1863 = ORIENTED_EDGE ( 'NONE', *, *, #1115, .T. ) ;
#1864 = EDGE_LOOP ( 'NONE', ( #701, #679, #489, #1553 ) ) ;
#1865 = EDGE_CURVE ( 'NONE', #4057, #2019, #4250, .T. ) ;
#1866 = ADVANCED_FACE ( 'NONE', ( #207 ), #3569, .F. ) ;
#1867 = DIRECTION ( 'NONE',  ( 1.000000000000000000, 0.0000000000000000000, 0.0000000000000000000 ) ) ;
#1868 = DIRECTION ( 'NONE',  ( 0.0000000000000000000, 0.0000000000000000000, 1.000000000000000000 ) ) ;
#1869 = ADVANCED_FACE ( 'NONE', ( #897, #2091, #2458, #3496, #3933 ), #2846, .T. ) ;
#1870 = DIRECTION ( 'NONE',  ( 0.0000000000000000000, 0.0000000000000000000, 1.000000000000000000 ) ) ;
#1871 = CARTESIAN_POINT ( 'NONE',  ( 7.000000000000000000, 3.299999999999999822, -7.500000000000000000 ) ) ;
#1872 = EDGE_CURVE ( 'NONE', #2825, #3277, #3884, .T. ) ;
#1873 = ORIENTED_EDGE ( 'NONE', *, *, #2710, .T. ) ;
#1874 = DIRECTION ( 'NONE',  ( 0.1381240947497989757, 0.9904149304455928116, 0.0000000000000000000 ) ) ;
#1875 = DIRECTION ( 'NONE',  ( 0.2040816326531011693, 0.0000000000000000000, -0.9789538738948043717 ) ) ;
#1876 = DIRECTION ( 'NONE',  ( 0.0000000000000000000, 0.0000000000000000000, -1.000000000000000000 ) ) ;
#1877 = ORIENTED_EDGE ( 'NONE', *, *, #2204, .T. ) ;
#1878 = ORIENTED_EDGE ( 'NONE', *, *, #1059, .T. ) ;
#1879 = DIRECTION ( 'NONE',  ( 1.000000000000000000, 0.0000000000000000000, 0.0000000000000000000 ) ) ;
#1880 = DIRECTION ( 'NONE',  ( 0.0000000000000000000, 0.9659258262890755287, -0.2588190451024934280 ) ) ;
#1881 = LINE ( 'NONE', #4819, #1912 ) ;
#1882 = EDGE_LOOP ( 'NONE', ( #3570, #1334, #1582, #601 ) ) ;
#1883 = ORIENTED_EDGE ( 'NONE', *, *, #3820, .F. ) ;
#1884 = DIRECTION ( 'NONE',  ( 0.0000000000000000000, 0.0000000000000000000, -1.000000000000000000 ) ) ;
#1885 = LINE ( 'NONE', #2999, #1358 ) ;
#1886 = DIRECTION ( 'NONE',  ( 0.0000000000000000000, -1.000000000000000000, 0.0000000000000000000 ) ) ;
#1887 = FACE_OUTER_BOUND ( 'NONE', #869, .T. ) ;
#1888 = ORIENTED_EDGE ( 'NONE', *, *, #3486, .F. ) ;
#1889 = ADVANCED_FACE ( 'NONE', ( #1426 ), #2872, .F. ) ;
#1890 = LINE ( 'NONE', #27, #3993 ) ;
#1891 = DIRECTION ( 'NONE',  ( 0.0000000000000000000, 1.000000000000000000, 0.0000000000000000000 ) ) ;
#1892 = PLANE ( 'NONE',  #2765 ) ;
#1893 = DIRECTION ( 'NONE',  ( 0.0000000000000000000, 0.0000000000000000000, -1.000000000000000000 ) ) ;
#1894 = AXIS2_PLACEMENT_3D ( 'NONE', #3788, #1948, #2393 ) ;
#1895 = ORIENTED_EDGE ( 'NONE', *, *, #4289, .T. ) ;
#1896 = VECTOR ( 'NONE', #525, 1000.000000000000000 ) ;
#1897 = ORIENTED_EDGE ( 'NONE', *, *, #2563, .F. ) ;
#1898 = CIRCLE ( 'NONE', #3750, 0.5000000000000004441 ) ;
#1899 = DIRECTION ( 'NONE',  ( 0.0000000000000000000, 1.000000000000000000, 0.0000000000000000000 ) ) ;
#1900 = DIRECTION ( 'NONE',  ( -0.2065583488874099816, 0.9784342842035468335, 0.0000000000000000000 ) ) ;
#1901 = AXIS2_PLACEMENT_3D ( 'NONE', #3801, #1891, #56 ) ;
#1902 = LINE ( 'NONE', #42, #2921 ) ;
#1903 = AXIS2_PLACEMENT_3D ( 'NONE', #4213, #3244, #1961 ) ;
#1904 = AXIS2_PLACEMENT_3D ( 'NONE', #4556, #3023, #4113 ) ;
#1905 = ORIENTED_EDGE ( 'NONE', *, *, #3930, .T. ) ;
#1906 = VERTEX_POINT ( 'NONE', #2505 ) ;
#1907 = CARTESIAN_POINT ( 'NONE',  ( 7.469197324414999173, 4.500000000000000000, -1.474999999999999867 ) ) ;
#1908 = CIRCLE ( 'NONE', #1199, 2.000000000000000000 ) ;
#1909 = AXIS2_PLACEMENT_3D ( 'NONE', #665, #1814, #1024 ) ;
#1910 = DIRECTION ( 'NONE',  ( 1.000000000000000000, 0.0000000000000000000, 0.0000000000000000000 ) ) ;
#1911 = EDGE_CURVE ( 'NONE', #2777, #295, #4365, .T. ) ;
#1912 = VECTOR ( 'NONE', #2200, 1000.000000000000114 ) ;
#1913 = CARTESIAN_POINT ( 'NONE',  ( 7.270263667275999708, 4.479374771332999217, -6.474999999999999645 ) ) ;
#1914 = B_SPLINE_CURVE_WITH_KNOTS ( 'NONE', 3,
 ( #3327, #4503, #2597, #813, #3368, #3027 ),
 .UNSPECIFIED., .F., .F.,
 ( 4, 2, 4 ),
 ( 0.0000000000000000000, 0.5000000000000000000, 1.000000000000000000 ),
 .UNSPECIFIED. ) ;
#1915 = CARTESIAN_POINT ( 'NONE',  ( 5.000000000000000000, 11.09999999999999964, -2.500000000000000000 ) ) ;
#1916 = VECTOR ( 'NONE', #1229, 1000.000000000000000 ) ;
#1917 = VECTOR ( 'NONE', #1345, 1000.000000000000114 ) ;
#1918 = ORIENTED_EDGE ( 'NONE', *, *, #127, .F. ) ;
#1919 = CARTESIAN_POINT ( 'NONE',  ( 5.000000000000000000, 12.50000000000000000, -4.500000000000000000 ) ) ;
#1920 = PLANE ( 'NONE',  #2441 ) ;
#1921 = LINE ( 'NONE', #1565, #3541 ) ;
#1922 = CARTESIAN_POINT ( 'NONE',  ( 5.400000000000000355, 11.09999999999999964, -7.150000000000000355 ) ) ;
#1923 = EDGE_CURVE ( 'NONE', #4173, #2903, #3979, .T. ) ;
#1924 = VECTOR ( 'NONE', #2026, 1000.000000000000000 ) ;
#1925 = EDGE_LOOP ( 'NONE', ( #2, #3738 ) ) ;
#1926 = ORIENTED_EDGE ( 'NONE', *, *, #3670, .F. ) ;
#1927 = FACE_OUTER_BOUND ( 'NONE', #778, .T. ) ;
#1928 = DIRECTION ( 'NONE',  ( 0.0000000000000000000, 0.0000000000000000000, -1.000000000000000000 ) ) ;
#1929 = EDGE_CURVE ( 'NONE', #732, #2042, #4758, .T. ) ;
#1930 = ORIENTED_EDGE ( 'NONE', *, *, #4142, .T. ) ;
#1931 = ORIENTED_EDGE ( 'NONE', *, *, #628, .F. ) ;
#1932 = ORIENTED_EDGE ( 'NONE', *, *, #3353, .F. ) ;
#1933 = CARTESIAN_POINT ( 'NONE',  ( 5.000000000000000000, 12.34999999999999964, -7.500000000000000000 ) ) ;
#1934 = DIRECTION ( 'NONE',  ( -1.000000000000000000, 0.0000000000000000000, 0.0000000000000000000 ) ) ;
#1935 = VERTEX_POINT ( 'NONE', #4054 ) ;
#1936 = EDGE_CURVE ( 'NONE', #4427, #4537, #4395, .T. ) ;
#1937 = CARTESIAN_POINT ( 'NONE',  ( 4.599999999999999645, 11.09999999999999964, -1.200153855258000002 ) ) ;
#1938 = FACE_OUTER_BOUND ( 'NONE', #4063, .T. ) ;
#1939 = EDGE_LOOP ( 'NONE', ( #513, #4783, #3269, #2465, #422, #4162 ) ) ;
#1940 = CARTESIAN_POINT ( 'NONE',  ( 5.000000000000000000, 10.20000000000000107, -5.540000000000000036 ) ) ;
#1941 = CARTESIAN_POINT ( 'NONE',  ( 5.400000000000000355, 10.50000000000000000, -0.5812504071661999117 ) ) ;
#1942 = LINE ( 'NONE', #57, #2614 ) ;
#1943 = FACE_OUTER_BOUND ( 'NONE', #4020, .T. ) ;
#1944 = ORIENTED_EDGE ( 'NONE', *, *, #3885, .F. ) ;
#1945 = VERTEX_POINT ( 'NONE', #2600 ) ;
#1946 = CYLINDRICAL_SURFACE ( 'NONE', #4461, 1.900000000000000133 ) ;
#1947 = CARTESIAN_POINT ( 'NONE',  ( 5.399888761754239042, 11.05036736535329389, -5.903127927332251446 ) ) ;
#1948 = DIRECTION ( 'NONE',  ( 0.0000000000000000000, 1.000000000000000000, 0.0000000000000000000 ) ) ;
#1949 = EDGE_LOOP ( 'NONE', ( #4251, #4539, #4677, #1810, #3086, #596, #2148, #3010 ) ) ;
#1950 = ADVANCED_FACE ( 'NONE', ( #4736 ), #648, .F. ) ;
#1951 = VERTEX_POINT ( 'NONE', #1482 ) ;
#1952 = DIRECTION ( 'NONE',  ( -0.9946682856919401017, -0.1031261433326042115, 0.0000000000000000000 ) ) ;
#1953 = CARTESIAN_POINT ( 'NONE',  ( 5.396862696660000402, 0.0000000000000000000, -7.950000000000000178 ) ) ;
#1954 = EDGE_CURVE ( 'NONE', #2770, #1804, #1898, .T. ) ;
#1955 = DIRECTION ( 'NONE',  ( 0.2040816326531012248, 0.0000000000000000000, 0.9789538738948043717 ) ) ;
#1956 = ORIENTED_EDGE ( 'NONE', *, *, #2960, .T. ) ;
#1957 = CARTESIAN_POINT ( 'NONE',  ( 5.000000000000000000, 11.86339745961999981, -7.500000000000000000 ) ) ;
#1958 = DIRECTION ( 'NONE',  ( -0.9904149304455928116, 0.1381240947497989757, 0.0000000000000000000 ) ) ;
#1959 = ADVANCED_FACE ( 'NONE', ( #700 ), #2192, .F. ) ;
#1960 = ORIENTED_EDGE ( 'NONE', *, *, #1911, .F. ) ;
#1961 = DIRECTION ( 'NONE',  ( 0.3766813640976892086, 0.9263428900474726113, 0.0000000000000000000 ) ) ;
#1962 = LINE ( 'NONE', #2385, #3048 ) ;
#1963 = CARTESIAN_POINT ( 'NONE',  ( 1.554282626315000027, 12.50000000000000000, -7.500000000000000000 ) ) ;
#1964 = FACE_OUTER_BOUND ( 'NONE', #4502, .T. ) ;
#1965 = EDGE_CURVE ( 'NONE', #2529, #4577, #3133, .T. ) ;
#1966 = ADVANCED_FACE ( 'NONE', ( #1034 ), #1458, .T. ) ;
#1967 = AXIS2_PLACEMENT_3D ( 'NONE', #688, #3653, #2181 ) ;
#1968 = EDGE_LOOP ( 'NONE', ( #4239, #162 ) ) ;
#1969 = EDGE_LOOP ( 'NONE', ( #4207, #892, #672, #1878 ) ) ;
#1970 = DIRECTION ( 'NONE',  ( 0.0000000000000000000, 1.000000000000000000, 0.0000000000000000000 ) ) ;
#1971 = CARTESIAN_POINT ( 'NONE',  ( 5.400000000000000355, 11.09999999999999964, -6.200153855257999780 ) ) ;
#1972 = PLANE ( 'NONE',  #1266 ) ;
#1973 = ORIENTED_EDGE ( 'NONE', *, *, #4090, .F. ) ;
#1974 = ORIENTED_EDGE ( 'NONE', *, *, #1567, .F. ) ;
#1975 = VECTOR ( 'NONE', #1893, 1000.000000000000000 ) ;
#1976 = CARTESIAN_POINT ( 'NONE',  ( 5.000000000000000000, 12.34999999999999964, -7.500000000000000000 ) ) ;
#1977 = FACE_OUTER_BOUND ( 'NONE', #2467, .T. ) ;
#1978 = CARTESIAN_POINT ( 'NONE',  ( 3.737253474221000182, 3.358750682977000412, -6.474999999999999645 ) ) ;
#1979 = VECTOR ( 'NONE', #4316, 1000.000000000000000 ) ;
#1980 = CIRCLE ( 'NONE', #2913, 1.000000000000000222 ) ;
#1981 = EDGE_CURVE ( 'NONE', #2266, #70, #3716, .T. ) ;
#1982 = EDGE_LOOP ( 'NONE', ( #3928, #703 ) ) ;
#1983 = AXIS2_PLACEMENT_3D ( 'NONE', #4594, #625, #186 ) ;
#1984 = DIRECTION ( 'NONE',  ( 0.0000000000000000000, 0.0000000000000000000, 1.000000000000000000 ) ) ;
#1985 = DIRECTION ( 'NONE',  ( 0.8957173736854308066, 0.0000000000000000000, -0.4446238707920146527 ) ) ;
#1986 = AXIS2_PLACEMENT_3D ( 'NONE', #1530, #1899, #2362 ) ;
#1987 = CIRCLE ( 'NONE', #1514, 1.959999999999999298 ) ;
#1988 = EDGE_CURVE ( 'NONE', #2427, #2267, #3330, .T. ) ;
#1989 = ORIENTED_EDGE ( 'NONE', *, *, #2097, .T. ) ;
#1990 = CARTESIAN_POINT ( 'NONE',  ( 5.000000000000000000, 1.165000000000000036, -7.500000000000000000 ) ) ;
#1991 = CARTESIAN_POINT ( 'NONE',  ( 6.849327454361000100, 6.599999999999999645, 13.50553634719999962 ) ) ;
#1992 = AXIS2_PLACEMENT_3D ( 'NONE', #770, #3803, #3735 ) ;
#1993 = LINE ( 'NONE', #4583, #1130 ) ;
#1994 = CARTESIAN_POINT ( 'NONE',  ( 9.000000000000000000, 7.000000000000000000, -4.549999999999999822 ) ) ;
#1995 = VERTEX_POINT ( 'NONE', #2576 ) ;
#1996 = ORIENTED_EDGE ( 'NONE', *, *, #3856, .T. ) ;
#1997 = LINE ( 'NONE', #3473, #4304 ) ;
#1998 = DIRECTION ( 'NONE',  ( 0.0000000000000000000, 1.000000000000000000, 0.0000000000000000000 ) ) ;
#1999 = DIRECTION ( 'NONE',  ( 0.0000000000000000000, -1.000000000000000000, 0.0000000000000000000 ) ) ;
#2000 = EDGE_CURVE ( 'NONE', #3950, #2603, #2944, .T. ) ;
#2001 = VERTEX_POINT ( 'NONE', #751 ) ;
#2002 = ORIENTED_EDGE ( 'NONE', *, *, #766, .F. ) ;
#2003 = AXIS2_PLACEMENT_3D ( 'NONE', #4618, #3697, #2198 ) ;
#2004 = DIRECTION ( 'NONE',  ( -0.0000000000000000000, 1.000000000000000000, 0.0000000000000000000 ) ) ;
#2005 = DIRECTION ( 'NONE',  ( 0.0000000000000000000, 1.000000000000000000, 0.0000000000000000000 ) ) ;
#2006 = CARTESIAN_POINT ( 'NONE',  ( 7.000000000000000000, 0.9000000000000000222, -3.016739226194999901 ) ) ;
#2007 = VERTEX_POINT ( 'NONE', #2171 ) ;
#2008 = VECTOR ( 'NONE', #3265, 1000.000000000000000 ) ;
#2009 = CARTESIAN_POINT ( 'NONE',  ( 6.529663727179999988, 6.899999999999999467, -0.5250000000000000222 ) ) ;
#2010 = CARTESIAN_POINT ( 'NONE',  ( 7.153637605319000059, 3.945000220299000215, -8.525000000000000355 ) ) ;
#2011 = ADVANCED_FACE ( 'NONE', ( #3643 ), #720, .F. ) ;
#2012 = ORIENTED_EDGE ( 'NONE', *, *, #4589, .T. ) ;
#2013 = CARTESIAN_POINT ( 'NONE',  ( 5.400000000000000355, 10.20000000000000107, -2.149999999999999911 ) ) ;
#2014 = FACE_OUTER_BOUND ( 'NONE', #1328, .T. ) ;
#2015 = CARTESIAN_POINT ( 'NONE',  ( 5.000000000000000000, 10.20000000000000107, -4.460000000000000853 ) ) ;
#2016 = EDGE_CURVE ( 'NONE', #1009, #860, #2247, .T. ) ;
#2017 = LINE ( 'NONE', #3490, #3679 ) ;
#2018 = VERTEX_POINT ( 'NONE', #3079 ) ;
#2019 = VERTEX_POINT ( 'NONE', #2646 ) ;
#2020 = DIRECTION ( 'NONE',  ( 0.0000000000000000000, 1.000000000000000000, 0.0000000000000000000 ) ) ;
#2021 = SECURITY_CLASSIFICATION_LEVEL ( 'unclassified' ) ;
#2022 = CARTESIAN_POINT ( 'NONE',  ( 7.000000000000000000, 6.970537156019000591, -5.525000000000000355 ) ) ;
#2023 = ORIENTED_EDGE ( 'NONE', *, *, #332, .F. ) ;
#2024 = ORIENTED_EDGE ( 'NONE', *, *, #293, .F. ) ;
#2025 = PLANE ( 'NONE',  #2300 ) ;
#2026 = DIRECTION ( 'NONE',  ( 1.000000000000000000, 0.0000000000000000000, 0.0000000000000000000 ) ) ;
#2027 = CARTESIAN_POINT ( 'NONE',  ( 7.083761115470999847, 4.338849526717000415, 10.63465704373000165 ) ) ;
#2028 = EDGE_LOOP ( 'NONE', ( #1487, #7, #864, #4227, #1956, #2658 ) ) ;
#2029 = CARTESIAN_POINT ( 'NONE',  ( 4.599999999999999645, 10.50000000000000000, -4.418749592834000595 ) ) ;
#2030 = DIRECTION ( 'NONE',  ( -0.9991345801681311700, 0.0000000000000000000, 0.04159435913982131167 ) ) ;
#2031 = ORIENTED_EDGE ( 'NONE', *, *, #408, .T. ) ;
#2032 = CARTESIAN_POINT ( 'NONE',  ( 7.261839464882999806, 6.500000000000000000, -4.474999999999999645 ) ) ;
#2033 = DIRECTION ( 'NONE',  ( 0.0000000000000000000, 0.0000000000000000000, 1.000000000000000000 ) ) ;
#2034 = DIRECTION ( 'NONE',  ( 0.8957173736854308066, 0.0000000000000000000, -0.4446238707920150968 ) ) ;
#2035 = ORIENTED_EDGE ( 'NONE', *, *, #4172, .T. ) ;
#2036 = EDGE_CURVE ( 'NONE', #1995, #3945, #1270, .T. ) ;
#2037 = ORIENTED_EDGE ( 'NONE', *, *, #2367, .T. ) ;
#2038 = CYLINDRICAL_SURFACE ( 'NONE', #815, 2.000000000000000000 ) ;
#2039 = APPROVAL_STATUS ( 'not_yet_approved' ) ;
#2040 = DIRECTION ( 'NONE',  ( 0.0000000000000000000, 0.0000000000000000000, -1.000000000000000000 ) ) ;
#2041 = EDGE_LOOP ( 'NONE', ( #2763, #409, #4338, #4769 ) ) ;
#2042 = VERTEX_POINT ( 'NONE', #3736 ) ;
#2043 = DIRECTION ( 'NONE',  ( 0.9946682856919404347, 0.1031261433326021298, 0.0000000000000000000 ) ) ;
#2044 = CARTESIAN_POINT ( 'NONE',  ( 1.554282626314999805, 12.50000000000000000, -1.500000000000000000 ) ) ;
#2045 = CARTESIAN_POINT ( 'NONE',  ( 0.9399999999999999467, 0.0000000000000000000, -9.279999999999999361 ) ) ;
#2046 = ORIENTED_EDGE ( 'NONE', *, *, #1303, .T. ) ;
#2047 = VECTOR ( 'NONE', #3895, 1000.000000000000000 ) ;
#2048 = AXIS2_PLACEMENT_3D ( 'NONE', #4299, #3185, #3240 ) ;
#2049 = CARTESIAN_POINT ( 'NONE',  ( 4.599999999999999645, 10.50000000000000000, -9.418749592834000595 ) ) ;
#2050 = AXIS2_PLACEMENT_3D ( 'NONE', #2535, #1067, #2556 ) ;
#2051 = LINE ( 'NONE', #521, #4535 ) ;
#2052 = EDGE_CURVE ( 'NONE', #2286, #369, #1230, .T. ) ;
#2053 = VECTOR ( 'NONE', #297, 1000.000000000000000 ) ;
#2054 = VECTOR ( 'NONE', #1418, 1000.000000000000114 ) ;
#2055 = EDGE_LOOP ( 'NONE', ( #2368, #3113, #4608, #3594 ) ) ;
#2056 = PLANE ( 'NONE',  #96 ) ;
#2057 = CARTESIAN_POINT ( 'NONE',  ( 5.000000000000000000, 11.09999999999999964, -7.500000000000000000 ) ) ;
#2058 = LINE ( 'NONE', #3152, #3598 ) ;
#2059 = AXIS2_PLACEMENT_3D ( 'NONE', #1361, #4253, #4617 ) ;
#2060 = AXIS2_PLACEMENT_3D ( 'NONE', #346, #3217, #2183 ) ;
#2061 = ORIENTED_EDGE ( 'NONE', *, *, #1488, .F. ) ;
#2062 = AXIS2_PLACEMENT_3D ( 'NONE', #2650, #4176, #2673 ) ;
#2063 = ORIENTED_EDGE ( 'NONE', *, *, #43, .T. ) ;
#2064 = ADVANCED_FACE ( 'NONE', ( #4507 ), #4171, .F. ) ;
#2065 = FACE_OUTER_BOUND ( 'NONE', #1590, .T. ) ;
#2066 = CARTESIAN_POINT ( 'NONE',  ( 1.554282626315000027, 12.50000000000000000, -8.500000000000000000 ) ) ;
#2067 = AXIS2_PLACEMENT_3D ( 'NONE', #452, #3029, #1594 ) ;
#2068 = EDGE_LOOP ( 'NONE', ( #1397, #2682, #2360, #436, #2249, #495, #3887, #3850 ) ) ;
#2069 = ORIENTED_EDGE ( 'NONE', *, *, #1099, .F. ) ;
#2070 = EDGE_CURVE ( 'NONE', #70, #3894, #2521, .T. ) ;
#2071 = CIRCLE ( 'NONE', #2768, 1.499999999999999556 ) ;
#2072 = DIRECTION ( 'NONE',  ( 0.0000000000000000000, 0.0000000000000000000, 1.000000000000000000 ) ) ;
#2073 = DIRECTION ( 'NONE',  ( 0.01942371415476928931, 0.0000000000000000000, -0.9998113418682714748 ) ) ;
#2074 = EDGE_CURVE ( 'NONE', #2273, #2261, #3782, .T. ) ;
#2075 = CYLINDRICAL_SURFACE ( 'NONE', #3533, 0.1999999999999999833 ) ;
#2076 = AXIS2_PLACEMENT_3D ( 'NONE', #858, #2353, #3818 ) ;
#2077 = ORIENTED_EDGE ( 'NONE', *, *, #906, .F. ) ;
#2078 = VECTOR ( 'NONE', #3090, 1000.000000000000000 ) ;
#2079 = ORIENTED_EDGE ( 'NONE', *, *, #1633, .T. ) ;
#2080 = CARTESIAN_POINT ( 'NONE',  ( 5.000000000000000000, 0.9000000000000000222, -2.500000000000000000 ) ) ;
#2081 = CARTESIAN_POINT ( 'NONE',  ( 5.396862696660000402, 0.0000000000000000000, -2.949999999999999734 ) ) ;
#2082 = ADVANCED_FACE ( 'NONE', ( #4118 ), #1176, .F. ) ;
#2083 = ORIENTED_EDGE ( 'NONE', *, *, #935, .F. ) ;
#2084 = DIRECTION ( 'NONE',  ( -1.000000000000000000, 0.0000000000000000000, 0.0000000000000000000 ) ) ;
#2085 = DIRECTION ( 'NONE',  ( 0.0000000000000000000, 0.0000000000000000000, -1.000000000000000000 ) ) ;
#2086 = CARTESIAN_POINT ( 'NONE',  ( 5.400000000000000355, 10.50000000000000000, -9.418749592834000595 ) ) ;
#2087 = ORIENTED_EDGE ( 'NONE', *, *, #3266, .F. ) ;
#2088 = ORIENTED_EDGE ( 'NONE', *, *, #2468, .T. ) ;
#2089 = CARTESIAN_POINT ( 'NONE',  ( 5.000000000000000000, 10.20000000000000107, -0.5400000000000000355 ) ) ;
#2090 = APPROVAL_DATE_TIME ( #3932, #421 ) ;
#2091 = FACE_BOUND ( 'NONE', #3338, .T. ) ;
#2092 = ORIENTED_EDGE ( 'NONE', *, *, #398, .F. ) ;
#2093 = ORIENTED_EDGE ( 'NONE', *, *, #2333, .F. ) ;
#2094 = PLANE ( 'NONE',  #2454 ) ;
#2095 = CARTESIAN_POINT ( 'NONE',  ( 2.299999999999999822, 9.000000000000000000, 0.0000000000000000000 ) ) ;
#2096 = CARTESIAN_POINT ( 'NONE',  ( 2.299999999999999822, 9.000000000000000000, 0.0000000000000000000 ) ) ;
#2097 = EDGE_CURVE ( 'NONE', #504, #1527, #2718, .T. ) ;
#2098 = ORIENTED_EDGE ( 'NONE', *, *, #3, .F. ) ;
#2099 = ORIENTED_EDGE ( 'NONE', *, *, #1559, .F. ) ;
#2100 = EDGE_CURVE ( 'NONE', #1008, #4190, #2337, .T. ) ;
#2101 = DIRECTION ( 'NONE',  ( 1.000000000000000000, 0.0000000000000000000, 0.0000000000000000000 ) ) ;
#2102 = CARTESIAN_POINT ( 'NONE',  ( 1.554282626315000027, 12.50000000000000000, -3.500000000000000000 ) ) ;
#2103 = FACE_OUTER_BOUND ( 'NONE', #4012, .T. ) ;
#2104 = ORIENTED_EDGE ( 'NONE', *, *, #213, .T. ) ;
#2105 = FACE_OUTER_BOUND ( 'NONE', #2927, .T. ) ;
#2106 = CARTESIAN_POINT ( 'NONE',  ( 4.599999999999999645, 11.09999999999999964, -9.459999999999999076 ) ) ;
#2107 = ADVANCED_FACE ( 'NONE', ( #1964 ), #2697, .F. ) ;
#2108 = CARTESIAN_POINT ( 'NONE',  ( 7.469197324414999173, 4.500000000000000000, -1.474999999999999867 ) ) ;
#2109 = VERTEX_POINT ( 'NONE', #79 ) ;
#2110 = VERTEX_POINT ( 'NONE', #2667 ) ;
#2111 = CARTESIAN_POINT ( 'NONE',  ( 7.000000000000000000, 7.000000000000000000, -0.4500000000000000111 ) ) ;
#2112 = CARTESIAN_POINT ( 'NONE',  ( 7.247194768637999829, 6.641250457333000234, -4.474999999999999645 ) ) ;
#2113 = FACE_OUTER_BOUND ( 'NONE', #2340, .T. ) ;
#2114 = EDGE_CURVE ( 'NONE', #4609, #2825, #4464, .T. ) ;
#2115 = LINE ( 'NONE', #4638, #410 ) ;
#2116 = ADVANCED_FACE ( 'NONE', ( #1943 ), #3417, .F. ) ;
#2117 = ORIENTED_EDGE ( 'NONE', *, *, #3796, .T. ) ;
#2118 = ORIENTED_EDGE ( 'NONE', *, *, #616, .F. ) ;
#2119 = LINE ( 'NONE', #2397, #500 ) ;
#2120 = LINE ( 'NONE', #262, #2698 ) ;
#2121 = CARTESIAN_POINT ( 'NONE',  ( 5.000000000000000000, 9.500000000000000000, -2.500000000000000000 ) ) ;
#2122 = EDGE_LOOP ( 'NONE', ( #1839, #282, #1020, #637 ) ) ;
#2123 = ORIENTED_EDGE ( 'NONE', *, *, #4301, .F. ) ;
#2124 = CARTESIAN_POINT ( 'NONE',  ( 7.261839464882999806, 6.500000000000000000, -0.5250000000000000222 ) ) ;
#2125 = CARTESIAN_POINT ( 'NONE',  ( 0.9399999999999999467, 9.000000000000000000, -9.279999999999999361 ) ) ;
#2126 = LINE ( 'NONE', #2567, #2229 ) ;
#2127 = VECTOR ( 'NONE', #1258, 1000.000000000000114 ) ;
#2128 = EDGE_CURVE ( 'NONE', #2903, #4252, #3009, .T. ) ;
#2129 = ORIENTED_EDGE ( 'NONE', *, *, #3515, .T. ) ;
#2130 = VECTOR ( 'NONE', #4343, 1000.000000000000114 ) ;
#2131 = DIRECTION ( 'NONE',  ( 0.0000000000000000000, -1.000000000000000000, 0.0000000000000000000 ) ) ;
#2132 = DIRECTION ( 'NONE',  ( 0.0000000000000000000, 0.0000000000000000000, -1.000000000000000000 ) ) ;
#2133 = DIRECTION ( 'NONE',  ( 1.000000000000000000, 0.0000000000000000000, 0.0000000000000000000 ) ) ;
#2134 = ADVANCED_FACE ( 'NONE', ( #1157 ), #2313, .F. ) ;
#2135 = CIRCLE ( 'NONE', #1662, 1.000000000000000222 ) ;
#2136 = VECTOR ( 'NONE', #2471, 1000.000000000000000 ) ;
#2137 = ORIENTED_EDGE ( 'NONE', *, *, #2639, .T. ) ;
#2138 = ORIENTED_EDGE ( 'NONE', *, *, #3316, .F. ) ;
#2139 = CARTESIAN_POINT ( 'NONE',  ( 4.600111238245761847, 11.05036736535329389, -4.096872072667752107 ) ) ;
#2140 = VECTOR ( 'NONE', #3769, 1000.000000000000000 ) ;
#2141 = EDGE_CURVE ( 'NONE', #2649, #999, #4194, .T. ) ;
#2142 = VECTOR ( 'NONE', #4206, 1000.000000000000114 ) ;
#2143 = LINE ( 'NONE', #1380, #1445 ) ;
#2144 = CARTESIAN_POINT ( 'NONE',  ( 3.799999999999999822, 3.350000000000000089, -4.474999999999999645 ) ) ;
#2145 = CIRCLE ( 'NONE', #3225, 1.000000000000000222 ) ;
#2146 = VECTOR ( 'NONE', #4062, 1000.000000000000000 ) ;
#2147 = ORIENTED_EDGE ( 'NONE', *, *, #1965, .F. ) ;
#2148 = ORIENTED_EDGE ( 'NONE', *, *, #283, .F. ) ;
#2149 = EDGE_CURVE ( 'NONE', #3630, #4421, #499, .T. ) ;
#2150 = PLANE ( 'NONE',  #3063 ) ;
#2151 = CARTESIAN_POINT ( 'NONE',  ( 5.000000000000000000, 12.50000000000000000, -2.500000000000000000 ) ) ;
#2152 = AXIS2_PLACEMENT_3D ( 'NONE', #2696, #4532, #4170 ) ;
#2153 = CARTESIAN_POINT ( 'NONE',  ( 5.000000000000000000, 12.40000000000000036, -2.500000000000000000 ) ) ;
#2154 = ORIENTED_EDGE ( 'NONE', *, *, #2235, .F. ) ;
#2155 = AXIS2_PLACEMENT_3D ( 'NONE', #4112, #3343, #1870 ) ;
#2156 = ORIENTED_EDGE ( 'NONE', *, *, #2052, .F. ) ;
#2157 = LINE ( 'NONE', #3652, #1191 ) ;
#2158 = FACE_OUTER_BOUND ( 'NONE', #721, .T. ) ;
#2159 = CARTESIAN_POINT ( 'NONE',  ( 3.827441357045000103, 3.557992001945999405, -6.474999999999999645 ) ) ;
#2160 = VECTOR ( 'NONE', #4668, 1000.000000000000114 ) ;
#2161 = VECTOR ( 'NONE', #457, 1000.000000000000000 ) ;
#2162 = DIRECTION ( 'NONE',  ( -0.04405420800635033440, 0.4249099417386031918, -0.9041630207925063223 ) ) ;
#2163 = FACE_OUTER_BOUND ( 'NONE', #834, .T. ) ;
#2164 = LINE ( 'NONE', #2525, #19 ) ;
#2165 = EDGE_CURVE ( 'NONE', #4367, #4650, #1499, .T. ) ;
#2166 = ORIENTED_EDGE ( 'NONE', *, *, #763, .T. ) ;
#2167 = ORIENTED_EDGE ( 'NONE', *, *, #2278, .F. ) ;
#2168 = EDGE_CURVE ( 'NONE', #534, #63, #771, .T. ) ;
#2169 = DIRECTION ( 'NONE',  ( 0.9904149304455928116, -0.1381240947497989757, 0.0000000000000000000 ) ) ;
#2170 = CARTESIAN_POINT ( 'NONE',  ( 5.400000000000002132, 11.09999999999994635, -8.943200466680764293 ) ) ;
#2171 = CARTESIAN_POINT ( 'NONE',  ( 2.700000000000000178, 3.299999999999999822, -4.000000000000000000 ) ) ;
#2172 = ORIENTED_EDGE ( 'NONE', *, *, #1616, .F. ) ;
#2173 = VERTEX_POINT ( 'NONE', #3897 ) ;
#2174 = DIRECTION ( 'NONE',  ( 0.0000000000000000000, 1.000000000000000000, 0.0000000000000000000 ) ) ;
#2175 = DIRECTION ( 'NONE',  ( 0.0000000000000000000, 0.0000000000000000000, 1.000000000000000000 ) ) ;
#2176 = ADVANCED_FACE ( 'NONE', ( #1715 ), #155, .T. ) ;
#2177 = CARTESIAN_POINT ( 'NONE',  ( 5.000000000000000000, 9.500000000000000000, -5.540000000000000036 ) ) ;
#2178 = ORIENTED_EDGE ( 'NONE', *, *, #2284, .T. ) ;
#2179 = VERTEX_POINT ( 'NONE', #202 ) ;
#2180 = DIRECTION ( 'NONE',  ( 0.0000000000000000000, 0.0000000000000000000, -1.000000000000000000 ) ) ;
#2181 = DIRECTION ( 'NONE',  ( -0.2040816326531012248, 0.0000000000000000000, -0.9789538738948043717 ) ) ;
#2182 = EDGE_CURVE ( 'NONE', #1177, #2316, #566, .T. ) ;
#2183 = DIRECTION ( 'NONE',  ( 0.0000000000000000000, 1.000000000000000000, 0.0000000000000000000 ) ) ;
#2184 = EDGE_CURVE ( 'NONE', #2324, #3237, #1111, .T. ) ;
#2185 = CARTESIAN_POINT ( 'NONE',  ( 5.000000000000000000, 0.9000000000000000222, -7.500000000000000000 ) ) ;
#2186 = DIRECTION ( 'NONE',  ( 0.0000000000000000000, 0.0000000000000000000, 1.000000000000000000 ) ) ;
#2187 = CARTESIAN_POINT ( 'NONE',  ( 7.083761115470999847, 4.338849526717000415, -3.524999999999999911 ) ) ;
#2188 = ORIENTED_EDGE ( 'NONE', *, *, #1413, .F. ) ;
#2189 = ORIENTED_EDGE ( 'NONE', *, *, #2182, .T. ) ;
#2190 = CARTESIAN_POINT ( 'NONE',  ( 7.000000000000000000, 6.970537156019000591, -0.5250000000000000222 ) ) ;
#2191 = DIRECTION ( 'NONE',  ( 0.0000000000000000000, 0.0000000000000000000, 1.000000000000000000 ) ) ;
#2192 = PLANE ( 'NONE',  #174 ) ;
#2193 = EDGE_CURVE ( 'NONE', #850, #965, #1667, .T. ) ;
#2194 = EDGE_CURVE ( 'NONE', #1249, #943, #2444, .T. ) ;
#2195 = EDGE_LOOP ( 'NONE', ( #432, #3616, #3990, #3906 ) ) ;
#2196 = VERTEX_POINT ( 'NONE', #888 ) ;
#2197 = CARTESIAN_POINT ( 'NONE',  ( 1.199999999999999956, 0.0000000000000000000, 0.5500000000000000444 ) ) ;
#2198 = DIRECTION ( 'NONE',  ( 0.9946682856919504268, 0.1031261433325068450, 0.0000000000000000000 ) ) ;
#2199 = PRODUCT_DEFINITION_SHAPE ( 'NONE', 'NONE',  #695 ) ;
#2200 = DIRECTION ( 'NONE',  ( -0.1031261433326042115, 0.9946682856919401017, 0.0000000000000000000 ) ) ;
#2201 = ORIENTED_EDGE ( 'NONE', *, *, #3708, .F. ) ;
#2202 = ORIENTED_EDGE ( 'NONE', *, *, #2947, .T. ) ;
#2203 = DIRECTION ( 'NONE',  ( 0.0000000000000000000, 0.0000000000000000000, 1.000000000000000000 ) ) ;
#2204 = EDGE_CURVE ( 'NONE', #773, #3504, #2017, .T. ) ;
#2205 = LINE ( 'NONE', #4590, #1186 ) ;
#2206 = DIRECTION ( 'NONE',  ( -0.2040816326531012248, 0.0000000000000000000, 0.9789538738948043717 ) ) ;
#2207 = LINE ( 'NONE', #1556, #4092 ) ;
#2208 = ADVANCED_FACE ( 'NONE', ( #4284 ), #3953, .T. ) ;
#2209 = CARTESIAN_POINT ( 'NONE',  ( 7.000000000000000000, 3.299999999999999822, -6.000000000000000000 ) ) ;
#2210 = VECTOR ( 'NONE', #4022, 1000.000000000000114 ) ;
#2211 = FACE_OUTER_BOUND ( 'NONE', #2272, .T. ) ;
#2212 = VECTOR ( 'NONE', #4561, 1000.000000000000000 ) ;
#2213 = AXIS2_PLACEMENT_3D ( 'NONE', #344, #3705, #4178 ) ;
#2214 = ORIENTED_EDGE ( 'NONE', *, *, #586, .F. ) ;
#2215 = EDGE_LOOP ( 'NONE', ( #2214, #2413, #1070, #3566 ) ) ;
#2216 = FACE_OUTER_BOUND ( 'NONE', #2670, .T. ) ;
#2217 = LINE ( 'NONE', #2504, #511 ) ;
#2218 = CARTESIAN_POINT ( 'NONE',  ( 4.599999999999999645, 11.09999999999999964, -9.459999999999999076 ) ) ;
#2219 = CIRCLE ( 'NONE', #805, 0.5000000000000000000 ) ;
#2220 = VECTOR ( 'NONE', #4584, 1000.000000000000114 ) ;
#2221 = ORIENTED_EDGE ( 'NONE', *, *, #4070, .T. ) ;
#2222 = ADVANCED_FACE ( 'NONE', ( #2387 ), #2425, .T. ) ;
#2223 = ORIENTED_EDGE ( 'NONE', *, *, #2726, .T. ) ;
#2224 = AXIS2_PLACEMENT_3D ( 'NONE', #785, #3044, #2690 ) ;
#2225 = DIRECTION ( 'NONE',  ( 0.0000000000000000000, 1.000000000000000000, 0.0000000000000000000 ) ) ;
#2226 = CARTESIAN_POINT ( 'NONE',  ( 2.449999999999999734, 12.50000000000000000, -2.944623870792000275 ) ) ;
#2227 = LINE ( 'NONE', #1094, #894 ) ;
#2228 = VECTOR ( 'NONE', #4104, 1000.000000000000000 ) ;
#2229 = VECTOR ( 'NONE', #4045, 1000.000000000000114 ) ;
#2230 = ORIENTED_EDGE ( 'NONE', *, *, #2325, .F. ) ;
#2231 = EDGE_CURVE ( 'NONE', #948, #3900, #2809, .T. ) ;
#2232 = ORIENTED_EDGE ( 'NONE', *, *, #4289, .F. ) ;
#2233 = AXIS2_PLACEMENT_3D ( 'NONE', #1026, #2523, #1848 ) ;
#2234 = CARTESIAN_POINT ( 'NONE',  ( 8.400000000000000355, 8.000000000000000000, 0.0000000000000000000 ) ) ;
#2235 = EDGE_CURVE ( 'NONE', #612, #4509, #3879, .T. ) ;
#2236 = CARTESIAN_POINT ( 'NONE',  ( 3.764878293170999868, 3.556833669066000070, -3.524999999999999911 ) ) ;
#2237 = FACE_OUTER_BOUND ( 'NONE', #3660, .T. ) ;
#2238 = VECTOR ( 'NONE', #4625, 1000.000000000000000 ) ;
#2239 = CARTESIAN_POINT ( 'NONE',  ( 7.048261111498999476, 6.620625228667000428, -4.474999999999999645 ) ) ;
#2240 = LINE ( 'NONE', #99, #1663 ) ;
#2241 = EDGE_CURVE ( 'NONE', #3954, #4744, #2058, .T. ) ;
#2242 = VECTOR ( 'NONE', #2949, 1000.000000000000000 ) ;
#2243 = ORIENTED_EDGE ( 'NONE', *, *, #2622, .T. ) ;
#2244 = CARTESIAN_POINT ( 'NONE',  ( 5.000000000000000000, 12.05000000000000071, -9.400000000000000355 ) ) ;
#2245 = CARTESIAN_POINT ( 'NONE',  ( 2.773245919519999880, 3.493191983014000357, -1.474999999999999867 ) ) ;
#2246 = DIRECTION ( 'NONE',  ( -1.000000000000000000, 0.0000000000000000000, 0.0000000000000000000 ) ) ;
#2247 = LINE ( 'NONE', #3351, #2130 ) ;
#2248 = ORIENTED_EDGE ( 'NONE', *, *, #3374, .T. ) ;
#2249 = ORIENTED_EDGE ( 'NONE', *, *, #1792, .T. ) ;
#2250 = FACE_OUTER_BOUND ( 'NONE', #1138, .T. ) ;
#2251 = LINE ( 'NONE', #3722, #2621 ) ;
#2252 = LINE ( 'NONE', #2609, #3383 ) ;
#2253 = EDGE_LOOP ( 'NONE', ( #1306, #1705, #95, #1723 ) ) ;
#2254 = ORIENTED_EDGE ( 'NONE', *, *, #64, .F. ) ;
#2255 = CARTESIAN_POINT ( 'NONE',  ( 2.449999999999999734, 7.000000000000000000, -7.944623870792000275 ) ) ;
#2256 = DIRECTION ( 'NONE',  ( -0.0000000000000000000, 1.000000000000000000, 0.0000000000000000000 ) ) ;
#2257 = EDGE_CURVE ( 'NONE', #715, #3588, #3120, .T. ) ;
#2258 = EDGE_CURVE ( 'NONE', #1090, #466, #1691, .T. ) ;
#2259 = CARTESIAN_POINT ( 'NONE',  ( 4.599999999999999645, 11.09999999999994458, -1.056799533319269679 ) ) ;
#2260 = PLANE ( 'NONE',  #4610 ) ;
#2261 = VERTEX_POINT ( 'NONE', #137 ) ;
#2262 = DIRECTION ( 'NONE',  ( 0.0000000000000000000, -1.000000000000000000, 0.0000000000000000000 ) ) ;
#2263 = DIRECTION ( 'NONE',  ( 1.000000000000000000, 0.0000000000000000000, 0.0000000000000000000 ) ) ;
#2264 = DIRECTION ( 'NONE',  ( 0.9946682856919402127, 0.1031261433326042254, 0.0000000000000000000 ) ) ;
#2265 = CARTESIAN_POINT ( 'NONE',  ( 9.000000000000000000, 0.9000000000000000222, -0.4500000000000000111 ) ) ;
#2266 = VERTEX_POINT ( 'NONE', #1620 ) ;
#2267 = VERTEX_POINT ( 'NONE', #2086 ) ;
#2268 = CARTESIAN_POINT ( 'NONE',  ( 9.000000000000000000, 0.0000000000000000000, -8.099999999999999645 ) ) ;
#2269 = DIRECTION ( 'NONE',  ( 0.0000000000000000000, 1.000000000000000000, 0.0000000000000000000 ) ) ;
#2270 = ADVANCED_FACE ( 'NONE', ( #4606 ), #1279, .T. ) ;
#2271 = DIRECTION ( 'NONE',  ( 0.0000000000000000000, 0.0000000000000000000, -1.000000000000000000 ) ) ;
#2272 = EDGE_LOOP ( 'NONE', ( #477, #937, #4361, #3791 ) ) ;
#2273 = VERTEX_POINT ( 'NONE', #2767 ) ;
#2274 = DIRECTION ( 'NONE',  ( 0.0000000000000000000, 0.0000000000000000000, -1.000000000000000000 ) ) ;
#2275 = FACE_OUTER_BOUND ( 'NONE', #837, .T. ) ;
#2276 = EDGE_CURVE ( 'NONE', #3588, #1244, #4312, .T. ) ;
#2277 = LINE ( 'NONE', #446, #4469 ) ;
#2278 = EDGE_CURVE ( 'NONE', #732, #1261, #3564, .T. ) ;
#2279 = CARTESIAN_POINT ( 'NONE',  ( 7.083761115470999847, 4.338849526717000415, 10.63465704373000165 ) ) ;
#2280 = DATE_AND_TIME ( #4136, #3709 ) ;
#2281 = ORIENTED_EDGE ( 'NONE', *, *, #1420, .F. ) ;
#2282 = DIRECTION ( 'NONE',  ( 0.0000000000000000000, -1.000000000000000000, 0.0000000000000000000 ) ) ;
#2283 = FACE_OUTER_BOUND ( 'NONE', #1118, .T. ) ;
#2284 = EDGE_CURVE ( 'NONE', #1341, #1261, #2911, .T. ) ;
#2285 = CARTESIAN_POINT ( 'NONE',  ( 5.396862696660000402, 0.0000000000000000000, -7.950000000000000178 ) ) ;
#2286 = VERTEX_POINT ( 'NONE', #3658 ) ;
#2287 = ORIENTED_EDGE ( 'NONE', *, *, #2901, .F. ) ;
#2288 = AXIS2_PLACEMENT_3D ( 'NONE', #235, #3209, #683 ) ;
#2289 = AXIS2_PLACEMENT_3D ( 'NONE', #1697, #1327, #963 ) ;
#2290 = PLANE ( 'NONE',  #2381 ) ;
#2291 = CARTESIAN_POINT ( 'NONE',  ( 9.000000000000000000, 0.9000000000000000222, -5.450000000000000178 ) ) ;
#2292 = DIRECTION ( 'NONE',  ( 0.0000000000000000000, 1.000000000000000000, 0.0000000000000000000 ) ) ;
#2293 = AXIS2_PLACEMENT_3D ( 'NONE', #3414, #788, #1203 ) ;
#2294 = VECTOR ( 'NONE', #3292, 1000.000000000000114 ) ;
#2295 = EDGE_LOOP ( 'NONE', ( #2232, #2573, #1489, #1623 ) ) ;
#2296 = EDGE_CURVE ( 'NONE', #4167, #3936, #4779, .T. ) ;
#2297 = ORIENTED_EDGE ( 'NONE', *, *, #3402, .F. ) ;
#2298 = PLANE ( 'NONE',  #1583 ) ;
#2299 = DIRECTION ( 'NONE',  ( 0.0000000000000000000, 1.000000000000000000, 0.0000000000000000000 ) ) ;
#2300 = AXIS2_PLACEMENT_3D ( 'NONE', #1311, #1331, #4273 ) ;
#2301 = CIRCLE ( 'NONE', #183, 0.3999999999999999112 ) ;
#2302 = DIRECTION ( 'NONE',  ( -0.1381240947498970917, -0.9904149304455791558, 0.0000000000000000000 ) ) ;
#2303 = VECTOR ( 'NONE', #3156, 1000.000000000000000 ) ;
#2304 = VECTOR ( 'NONE', #2464, 1000.000000000000114 ) ;
#2305 = ORIENTED_EDGE ( 'NONE', *, *, #481, .F. ) ;
#2306 = CARTESIAN_POINT ( 'NONE',  ( 9.000000000000000000, 0.9000000000000000222, -0.4500000000000000111 ) ) ;
#2307 = FACE_OUTER_BOUND ( 'NONE', #4513, .T. ) ;
#2308 = VECTOR ( 'NONE', #2191, 1000.000000000000000 ) ;
#2309 = ORIENTED_EDGE ( 'NONE', *, *, #4615, .F. ) ;
#2310 = DIRECTION ( 'NONE',  ( 0.0000000000000000000, 1.000000000000000000, 0.0000000000000000000 ) ) ;
#2311 = DIRECTION ( 'NONE',  ( -0.04405420800635032746, 0.4249099417386031918, 0.9041630207925063223 ) ) ;
#2312 = FACE_OUTER_BOUND ( 'NONE', #1038, .T. ) ;
#2313 = PLANE ( 'NONE',  #3210 ) ;
#2314 = EDGE_CURVE ( 'NONE', #4083, #2173, #3974, .T. ) ;
#2315 = AXIS2_PLACEMENT_3D ( 'NONE', #4325, #3501, #187 ) ;
#2316 = VERTEX_POINT ( 'NONE', #3268 ) ;
#2317 = EDGE_CURVE ( 'NONE', #483, #1019, #2164, .T. ) ;
#2318 = ORIENTED_EDGE ( 'NONE', *, *, #2854, .F. ) ;
#2319 = LINE ( 'NONE', #2990, #3455 ) ;
#2320 = LINE ( 'NONE', #3401, #3857 ) ;
#2321 = CARTESIAN_POINT ( 'NONE',  ( 0.9399999999999999467, 0.0000000000000000000, -9.279999999999999361 ) ) ;
#2322 = ORIENTED_EDGE ( 'NONE', *, *, #4353, .T. ) ;
#2323 = VERTEX_POINT ( 'NONE', #3612 ) ;
#2324 = VERTEX_POINT ( 'NONE', #324 ) ;
#2325 = EDGE_CURVE ( 'NONE', #1009, #534, #1475, .T. ) ;
#2326 = CARTESIAN_POINT ( 'NONE',  ( 5.400000000000007461, 10.67714561631174774, -0.5812504071661699356 ) ) ;
#2327 = CARTESIAN_POINT ( 'NONE',  ( 5.400000000000000355, 10.50000000000000000, -5.581250407166001182 ) ) ;
#2328 = ORIENTED_EDGE ( 'NONE', *, *, #4280, .F. ) ;
#2329 = ORIENTED_EDGE ( 'NONE', *, *, #2258, .T. ) ;
#2330 = ADVANCED_FACE ( 'NONE', ( #2211 ), #2594, .F. ) ;
#2331 = CARTESIAN_POINT ( 'NONE',  ( 5.000000000000000000, 11.67679491923999890, -2.500000000000000000 ) ) ;
#2332 = LINE ( 'NONE', #807, #1510 ) ;
#2333 = EDGE_CURVE ( 'NONE', #3672, #1249, #1451, .T. ) ;
#2334 = ORIENTED_EDGE ( 'NONE', *, *, #3565, .F. ) ;
#2335 = CARTESIAN_POINT ( 'NONE',  ( 4.599999999999999645, 10.20000000000000107, -9.418749592834000595 ) ) ;
#2336 = CARTESIAN_POINT ( 'NONE',  ( 7.321066342861999310, 3.989374771332999448, -9.475000000000001421 ) ) ;
#2337 = LINE ( 'NONE', #453, #338 ) ;
#2338 = VECTOR ( 'NONE', #3656, 1000.000000000000000 ) ;
#2339 = ORIENTED_EDGE ( 'NONE', *, *, #4055, .T. ) ;
#2340 = EDGE_LOOP ( 'NONE', ( #1110, #103, #3088, #1315, #4388, #4768, #1803, #2166, #623, #2915, #3600, #3944, #3305, #3011, #1224, #2087, #1324, #1255, #3743, #4814, #2596, #3404 ) ) ;
#2341 = CARTESIAN_POINT ( 'NONE',  ( 5.000000000000000000, 12.34999999999999964, -2.500000000000000000 ) ) ;
#2342 = DIRECTION ( 'NONE',  ( 0.0000000000000000000, 0.0000000000000000000, 1.000000000000000000 ) ) ;
#2343 = CARTESIAN_POINT ( 'NONE',  ( 5.000000000000000000, 10.50000000000000000, -7.500000000000000000 ) ) ;
#2344 = EDGE_CURVE ( 'NONE', #326, #2495, #3636, .T. ) ;
#2345 = VERTEX_POINT ( 'NONE', #4413 ) ;
#2346 = ORIENTED_EDGE ( 'NONE', *, *, #4566, .F. ) ;
#2347 = CARTESIAN_POINT ( 'NONE',  ( 5.000000000000000000, 9.500000000000000000, -2.500000000000000000 ) ) ;
#2348 = LINE ( 'NONE', #3407, #3158 ) ;
#2349 = EDGE_CURVE ( 'NONE', #3838, #3443, #4730, .T. ) ;
#2350 = CARTESIAN_POINT ( 'NONE',  ( 7.481628429746999487, 4.380099984049999229, -1.474999999999999867 ) ) ;
#2351 = ORIENTED_EDGE ( 'NONE', *, *, #4088, .F. ) ;
#2352 = EDGE_CURVE ( 'NONE', #3638, #3204, #4072, .T. ) ;
#2353 = DIRECTION ( 'NONE',  ( 0.0000000000000000000, 0.0000000000000000000, -1.000000000000000000 ) ) ;
#2354 = CARTESIAN_POINT ( 'NONE',  ( 7.481628429746999487, 4.380099984049999229, -6.474999999999999645 ) ) ;
#2355 = EDGE_CURVE ( 'NONE', #2818, #4041, #2887, .T. ) ;
#2356 = ORIENTED_EDGE ( 'NONE', *, *, #283, .T. ) ;
#2357 = CARTESIAN_POINT ( 'NONE',  ( 5.000000000000000000, 10.20000000000000107, -7.500000000000000000 ) ) ;
#2358 = LINE ( 'NONE', #887, #1916 ) ;
#2359 = DIRECTION ( 'NONE',  ( 0.0000000000000000000, 0.0000000000000000000, -1.000000000000000000 ) ) ;
#2360 = ORIENTED_EDGE ( 'NONE', *, *, #1233, .F. ) ;
#2361 = ORIENTED_EDGE ( 'NONE', *, *, #669, .F. ) ;
#2362 = DIRECTION ( 'NONE',  ( 0.0000000000000000000, 0.0000000000000000000, -1.000000000000000000 ) ) ;
#2363 = LINE ( 'NONE', #509, #4478 ) ;
#2364 = PLANE ( 'NONE',  #4449 ) ;
#2365 = CIRCLE ( 'NONE', #642, 1.499999999999999556 ) ;
#2366 = AXIS2_PLACEMENT_3D ( 'NONE', #4629, #2716, #4282 ) ;
#2367 = EDGE_CURVE ( 'NONE', #1935, #1951, #3683, .T. ) ;
#2368 = ORIENTED_EDGE ( 'NONE', *, *, #4524, .T. ) ;
#2369 = ORIENTED_EDGE ( 'NONE', *, *, #2968, .F. ) ;
#2370 = VECTOR ( 'NONE', #641, 1000.000000000000114 ) ;
#2371 = PLANE ( 'NONE',  #2987 ) ;
#2372 = CARTESIAN_POINT ( 'NONE',  ( 5.399514552766653708, 10.83964185394136415, -0.6638034606121782089 ) ) ;
#2373 = CARTESIAN_POINT ( 'NONE',  ( 5.400000000000000355, 10.20000000000000107, -0.5812504071661999117 ) ) ;
#2374 = VECTOR ( 'NONE', #2133, 1000.000000000000000 ) ;
#2375 = EDGE_CURVE ( 'NONE', #3443, #4107, #302, .T. ) ;
#2376 = ORIENTED_EDGE ( 'NONE', *, *, #1474, .T. ) ;
#2377 = EDGE_CURVE ( 'NONE', #2612, #4781, #2550, .T. ) ;
#2378 = AXIS2_PLACEMENT_3D ( 'NONE', #1538, #2954, #1166 ) ;
#2379 = CARTESIAN_POINT ( 'NONE',  ( 4.599999999999999645, 10.20000000000000107, -0.5812504071661999117 ) ) ;
#2380 = LINE ( 'NONE', #3847, #1117 ) ;
#2381 = AXIS2_PLACEMENT_3D ( 'NONE', #866, #1879, #1235 ) ;
#2382 = VECTOR ( 'NONE', #12, 1000.000000000000000 ) ;
#2383 = ORIENTED_EDGE ( 'NONE', *, *, #3994, .F. ) ;
#2384 = DIRECTION ( 'NONE',  ( 0.9846232660466353037, 0.1746912246212065367, 0.0000000000000000000 ) ) ;
#2385 = CARTESIAN_POINT ( 'NONE',  ( 7.000000000000000000, 0.9000000000000000222, -5.450000000000000178 ) ) ;
#2386 = CARTESIAN_POINT ( 'NONE',  ( 7.000000000000000000, 6.731521040106000164, -0.5250000000000000222 ) ) ;
#2387 = FACE_OUTER_BOUND ( 'NONE', #1377, .T. ) ;
#2388 = VECTOR ( 'NONE', #2836, 1000.000000000000114 ) ;
#2389 = VERTEX_POINT ( 'NONE', #692 ) ;
#2390 = ORIENTED_EDGE ( 'NONE', *, *, #4566, .T. ) ;
#2391 = DIRECTION ( 'NONE',  ( 0.0000000000000000000, 0.0000000000000000000, 1.000000000000000000 ) ) ;
#2392 = AXIS2_PLACEMENT_3D ( 'NONE', #949, #1613, #1984 ) ;
#2393 = DIRECTION ( 'NONE',  ( 0.0000000000000000000, 0.0000000000000000000, 1.000000000000000000 ) ) ;
#2394 = ORIENTED_EDGE ( 'NONE', *, *, #2590, .F. ) ;
#2395 = ORIENTED_EDGE ( 'NONE', *, *, #2168, .T. ) ;
#2396 =( GEOMETRIC_REPRESENTATION_CONTEXT ( 3 ) GLOBAL_UNCERTAINTY_ASSIGNED_CONTEXT ( ( #3674 ) ) GLOBAL_UNIT_ASSIGNED_CONTEXT ( ( #2991, #3125, #4291 ) ) REPRESENTATION_CONTEXT ( 'NONE', 'WORKASPACE' ) );
#2397 = CARTESIAN_POINT ( 'NONE',  ( 3.827441357045000103, 3.557992001945999405, -6.474999999999999645 ) ) ;
#2398 = LINE ( 'NONE', #3480, #2758 ) ;
#2399 = VECTOR ( 'NONE', #823, 1000.000000000000000 ) ;
#2400 = ORIENTED_EDGE ( 'NONE', *, *, #1772, .T. ) ;
#2401 = CYLINDRICAL_SURFACE ( 'NONE', #122, 0.4000000000000001887 ) ;
#2402 = CARTESIAN_POINT ( 'NONE',  ( 0.0000000000000000000, 11.09999999999999964, -7.500000000000000000 ) ) ;
#2403 = EDGE_CURVE ( 'NONE', #4529, #3181, #4454, .T. ) ;
#2404 = VERTEX_POINT ( 'NONE', #3682 ) ;
#2405 = CARTESIAN_POINT ( 'NONE',  ( 5.400000000000000355, 11.09999999999999964, -6.200153855257999780 ) ) ;
#2406 = CARTESIAN_POINT ( 'NONE',  ( 7.000000000000000000, 3.299999999999999822, -2.500000000000000000 ) ) ;
#2407 = DIRECTION ( 'NONE',  ( 0.1381240947497989757, 0.9904149304455928116, 0.0000000000000000000 ) ) ;
#2408 = ORIENTED_EDGE ( 'NONE', *, *, #1007, .T. ) ;
#2409 = ORIENTED_EDGE ( 'NONE', *, *, #522, .T. ) ;
#2410 = CARTESIAN_POINT ( 'NONE',  ( 2.773245919519999880, 3.493191983014000357, -6.474999999999999645 ) ) ;
#2411 = CARTESIAN_POINT ( 'NONE',  ( 0.0000000000000000000, 0.0000000000000000000, 0.0000000000000000000 ) ) ;
#2412 = DIRECTION ( 'NONE',  ( 0.0000000000000000000, 1.000000000000000000, 0.0000000000000000000 ) ) ;
#2413 = ORIENTED_EDGE ( 'NONE', *, *, #1051, .F. ) ;
#2414 = ORIENTED_EDGE ( 'NONE', *, *, #1559, .T. ) ;
#2415 = ADVANCED_FACE ( 'NONE', ( #714 ), #3586, .T. ) ;
#2416 = DIRECTION ( 'NONE',  ( 0.0000000000000000000, 0.0000000000000000000, 1.000000000000000000 ) ) ;
#2417 = DIRECTION ( 'NONE',  ( 0.0000000000000000000, 0.0000000000000000000, -1.000000000000000000 ) ) ;
#2418 = ORIENTED_EDGE ( 'NONE', *, *, #2257, .T. ) ;
#2419 = LINE ( 'NONE', #2759, #3701 ) ;
#2420 = CARTESIAN_POINT ( 'NONE',  ( 9.000000000000000000, 7.000000000000000000, -9.549999999999998934 ) ) ;
#2421 = EDGE_CURVE ( 'NONE', #3492, #1495, #4706, .T. ) ;
#2422 = EDGE_LOOP ( 'NONE', ( #1234, #3766, #13, #2188 ) ) ;
#2423 = FACE_OUTER_BOUND ( 'NONE', #1521, .T. ) ;
#2424 = DIRECTION ( 'NONE',  ( 0.0000000000000000000, 1.000000000000000000, 0.0000000000000000000 ) ) ;
#2425 = PLANE ( 'NONE',  #1581 ) ;
#2426 = VERTEX_POINT ( 'NONE', #2498 ) ;
#2427 = VERTEX_POINT ( 'NONE', #23 ) ;
#2428 = ADVANCED_FACE ( 'NONE', ( #2619 ), #1519, .T. ) ;
#2429 = DIRECTION ( 'NONE',  ( 0.0000000000000000000, -1.000000000000000000, 0.0000000000000000000 ) ) ;
#2430 = PERSON_AND_ORGANIZATION ( #502, #4797 ) ;
#2431 = DIRECTION ( 'NONE',  ( 0.0000000000000000000, -1.000000000000000000, 0.0000000000000000000 ) ) ;
#2432 = ORIENTED_EDGE ( 'NONE', *, *, #3874, .F. ) ;
#2433 = ORIENTED_EDGE ( 'NONE', *, *, #4403, .F. ) ;
#2434 = DIRECTION ( 'NONE',  ( 0.0000000000000000000, 0.0000000000000000000, 1.000000000000000000 ) ) ;
#2435 = CARTESIAN_POINT ( 'NONE',  ( 2.449999999999999734, 7.000000000000000000, -7.055376129207999725 ) ) ;
#2436 = DIRECTION ( 'NONE',  ( 0.0000000000000000000, 0.0000000000000000000, 1.000000000000000000 ) ) ;
#2437 = ADVANCED_FACE ( 'NONE', ( #4133 ), #4300, .F. ) ;
#2438 = AXIS2_PLACEMENT_3D ( 'NONE', #4822, #1602, #1572 ) ;
#2439 = VERTEX_POINT ( 'NONE', #743 ) ;
#2440 = ORIENTED_EDGE ( 'NONE', *, *, #3929, .T. ) ;
#2441 = AXIS2_PLACEMENT_3D ( 'NONE', #3395, #2311, #3780 ) ;
#2442 = AXIS2_PLACEMENT_3D ( 'NONE', #1563, #1544, #4139 ) ;
#2443 = CARTESIAN_POINT ( 'NONE',  ( 5.000000000000000000, 11.67679491923999890, -5.500000000000000000 ) ) ;
#2444 = CIRCLE ( 'NONE', #725, 0.1499999999999999667 ) ;
#2445 = DIRECTION ( 'NONE',  ( 0.0000000000000000000, -1.000000000000000000, 0.0000000000000000000 ) ) ;
#2446 = CIRCLE ( 'NONE', #3218, 2.000000000000000444 ) ;
#2447 = VECTOR ( 'NONE', #2784, 1000.000000000000000 ) ;
#2448 = EDGE_LOOP ( 'NONE', ( #4628, #59, #4546, #3354 ) ) ;
#2449 = CARTESIAN_POINT ( 'NONE',  ( 2.800870738470000010, 3.691274969103000014, -3.524999999999999911 ) ) ;
#2450 = CARTESIAN_POINT ( 'NONE',  ( 6.849327454361000100, 6.599999999999999645, 8.505536347202999892 ) ) ;
#2451 = DIRECTION ( 'NONE',  ( -0.9991345801681310590, 0.0000000000000000000, -0.04159435913982130473 ) ) ;
#2452 = VECTOR ( 'NONE', #3860, 1000.000000000000000 ) ;
#2453 = ORIENTED_EDGE ( 'NONE', *, *, #401, .F. ) ;
#2454 = AXIS2_PLACEMENT_3D ( 'NONE', #4036, #681, #1860 ) ;
#2455 = VERTEX_POINT ( 'NONE', #3798 ) ;
#2456 = DIRECTION ( 'NONE',  ( 0.9946682856919404347, 0.1031261433326021298, 0.0000000000000000000 ) ) ;
#2457 = ADVANCED_FACE ( 'NONE', ( #1938 ), #4501, .F. ) ;
#2458 = FACE_BOUND ( 'NONE', #2663, .T. ) ;
#2459 = VECTOR ( 'NONE', #1779, 1000.000000000000114 ) ;
#2460 = EDGE_CURVE ( 'NONE', #851, #3499, #3364, .T. ) ;
#2461 = EDGE_LOOP ( 'NONE', ( #2202, #618, #2688, #2653 ) ) ;
#2462 = ORIENTED_EDGE ( 'NONE', *, *, #3087, .T. ) ;
#2463 = FACE_OUTER_BOUND ( 'NONE', #2874, .T. ) ;
#2464 = DIRECTION ( 'NONE',  ( 0.4422238517520144518, 0.0000000000000000000, 0.8969047134125298637 ) ) ;
#2465 = ORIENTED_EDGE ( 'NONE', *, *, #3565, .T. ) ;
#2466 = VECTOR ( 'NONE', #1846, 1000.000000000000000 ) ;
#2467 = EDGE_LOOP ( 'NONE', ( #555, #3026, #36, #1119 ) ) ;
#2468 = EDGE_CURVE ( 'NONE', #3393, #2018, #2240, .T. ) ;
#2469 = CARTESIAN_POINT ( 'NONE',  ( 9.000000000000000000, 7.000000000000000000, -0.4500000000000000111 ) ) ;
#2470 = CARTESIAN_POINT ( 'NONE',  ( 7.000000000000000000, 0.0000000000000000000, -2.500000000000000000 ) ) ;
#2471 = DIRECTION ( 'NONE',  ( 1.000000000000000000, 0.0000000000000000000, 0.0000000000000000000 ) ) ;
#2472 = ORIENTED_EDGE ( 'NONE', *, *, #2194, .F. ) ;
#2473 = CARTESIAN_POINT ( 'NONE',  ( 5.000000000000000000, 9.500000000000000000, -9.459999999999999076 ) ) ;
#2474 = ADVANCED_FACE ( 'NONE', ( #2307 ), #765, .T. ) ;
#2475 = DIRECTION ( 'NONE',  ( 0.0000000000000000000, 1.000000000000000000, 0.0000000000000000000 ) ) ;
#2476 = CARTESIAN_POINT ( 'NONE',  ( 2.773245919519999880, 3.493191983014000357, -8.525000000000000355 ) ) ;
#2477 = VERTEX_POINT ( 'NONE', #3345 ) ;
#2478 = EDGE_LOOP ( 'NONE', ( #2400, #303, #651, #4646 ) ) ;
#2479 = CARTESIAN_POINT ( 'NONE',  ( 9.000000000000000000, 0.9000000000000000222, -9.549999999999998934 ) ) ;
#2480 = LINE ( 'NONE', #2870, #650 ) ;
#2481 = DIRECTION ( 'NONE',  ( 0.0000000000000000000, 0.0000000000000000000, -1.000000000000000000 ) ) ;
#2482 = DIRECTION ( 'NONE',  ( 0.0000000000000000000, 1.000000000000000000, 0.0000000000000000000 ) ) ;
#2483 = ORIENTED_EDGE ( 'NONE', *, *, #310, .F. ) ;
#2484 = ORIENTED_EDGE ( 'NONE', *, *, #558, .F. ) ;
#2485 = CARTESIAN_POINT ( 'NONE',  ( 9.000000000000000000, 7.000000000000000000, -0.4500000000000000111 ) ) ;
#2486 = DIRECTION ( 'NONE',  ( 0.1746912246212065645, -0.9846232660466353037, 0.0000000000000000000 ) ) ;
#2487 = ADVANCED_FACE ( 'NONE', ( #52 ), #2260, .T. ) ;
#2488 = CARTESIAN_POINT ( 'NONE',  ( 9.000000000000000000, 0.0000000000000000000, -6.899999999999999467 ) ) ;
#2489 = ORIENTED_EDGE ( 'NONE', *, *, #190, .T. ) ;
#2490 = ORIENTED_EDGE ( 'NONE', *, *, #3333, .F. ) ;
#2491 = FACE_OUTER_BOUND ( 'NONE', #3982, .T. ) ;
#2492 = EDGE_CURVE ( 'NONE', #3742, #3795, #2332, .T. ) ;
#2493 = CARTESIAN_POINT ( 'NONE',  ( 4.009999999999999787, 10.20000000000000107, -2.149999999999999911 ) ) ;
#2494 = CARTESIAN_POINT ( 'NONE',  ( 7.282694772608999223, 4.359474755383999423, -6.474999999999999645 ) ) ;
#2495 = VERTEX_POINT ( 'NONE', #1587 ) ;
#2496 = FACE_OUTER_BOUND ( 'NONE', #600, .T. ) ;
#2497 = FACE_OUTER_BOUND ( 'NONE', #3644, .T. ) ;
#2498 = CARTESIAN_POINT ( 'NONE',  ( 9.000000000000000000, 0.9000000000000000222, -5.450000000000000178 ) ) ;
#2499 = EDGE_CURVE ( 'NONE', #732, #1172, #3748, .T. ) ;
#2500 = ORIENTED_EDGE ( 'NONE', *, *, #1721, .F. ) ;
#2501 = VERTEX_POINT ( 'NONE', #1493 ) ;
#2502 = CARTESIAN_POINT ( 'NONE',  ( 5.000000000000000000, 11.64063466520999945, -7.500000000000000000 ) ) ;
#2503 = DIRECTION ( 'NONE',  ( 0.9846232660466353037, 0.1746912246212065367, 0.0000000000000000000 ) ) ;
#2504 = CARTESIAN_POINT ( 'NONE',  ( 2.773245919519999880, 3.493191983014000357, -1.474999999999999867 ) ) ;
#2505 = CARTESIAN_POINT ( 'NONE',  ( 7.062905807744999542, 6.479374771332999217, -4.474999999999999645 ) ) ;
#2506 = ORIENTED_EDGE ( 'NONE', *, *, #3899, .T. ) ;
#2507 = ORIENTED_EDGE ( 'NONE', *, *, #3686, .T. ) ;
#2508 = CARTESIAN_POINT ( 'NONE',  ( 6.009999999999999787, 11.09999999999999964, -7.150000000000000355 ) ) ;
#2509 = PLANE ( 'NONE',  #3625 ) ;
#2510 = DIRECTION ( 'NONE',  ( 0.0000000000000000000, 1.000000000000000000, 0.0000000000000000000 ) ) ;
#2511 = EDGE_LOOP ( 'NONE', ( #1549, #3577, #4808, #523 ) ) ;
#2512 = VERTEX_POINT ( 'NONE', #3433 ) ;
#2513 = DIRECTION ( 'NONE',  ( 0.0000000000000000000, 1.000000000000000000, 0.0000000000000000000 ) ) ;
#2514 = CARTESIAN_POINT ( 'NONE',  ( 5.000000000000000000, 11.64063466520999945, -2.500000000000000000 ) ) ;
#2515 = ADVANCED_FACE ( 'NONE', ( #1887 ), #3730, .F. ) ;
#2516 = DIRECTION ( 'NONE',  ( 0.0000000000000000000, 0.0000000000000000000, 1.000000000000000000 ) ) ;
#2517 = VECTOR ( 'NONE', #3516, 1000.000000000000114 ) ;
#2518 = EDGE_CURVE ( 'NONE', #1743, #3908, #1171, .T. ) ;
#2519 = AXIS2_PLACEMENT_3D ( 'NONE', #4262, #1251, #3149 ) ;
#2520 = AXIS2_PLACEMENT_3D ( 'NONE', #2121, #2510, #1809 ) ;
#2521 = CIRCLE ( 'NONE', #803, 0.1499999999999999944 ) ;
#2522 = CARTESIAN_POINT ( 'NONE',  ( 5.400000000000000355, 10.20000000000000107, -5.581250407166001182 ) ) ;
#2523 = DIRECTION ( 'NONE',  ( 0.0000000000000000000, 1.000000000000000000, 0.0000000000000000000 ) ) ;
#2524 = VECTOR ( 'NONE', #1523, 1000.000000000000000 ) ;
#2525 = CARTESIAN_POINT ( 'NONE',  ( 3.827441357045000103, 3.557992001945999405, -1.474999999999999867 ) ) ;
#2526 = AXIS2_PLACEMENT_3D ( 'NONE', #2869, #1064, #4315 ) ;
#2527 = VECTOR ( 'NONE', #1058, 1000.000000000000000 ) ;
#2528 = EDGE_LOOP ( 'NONE', ( #1163, #430, #256, #2868 ) ) ;
#2529 = VERTEX_POINT ( 'NONE', #1226 ) ;
#2530 = DIRECTION ( 'NONE',  ( 0.0000000000000000000, 0.7071067811865975328, -0.7071067811864976127 ) ) ;
#2531 = CARTESIAN_POINT ( 'NONE',  ( 0.9399999999999999467, 9.000000000000000000, -9.279999999999999361 ) ) ;
#2532 = VECTOR ( 'NONE', #3572, 1000.000000000000000 ) ;
#2533 = VECTOR ( 'NONE', #3997, 1000.000000000000000 ) ;
#2534 = LINE ( 'NONE', #699, #898 ) ;
#2535 = CARTESIAN_POINT ( 'NONE',  ( 9.000000000000000000, 0.0000000000000000000, -1.899999999999999911 ) ) ;
#2536 = ORIENTED_EDGE ( 'NONE', *, *, #3686, .F. ) ;
#2537 = ORIENTED_EDGE ( 'NONE', *, *, #1007, .F. ) ;
#2538 = DIRECTION ( 'NONE',  ( 0.8957173736854308066, 0.0000000000000000000, -0.4446238707920150968 ) ) ;
#2539 = DIRECTION ( 'NONE',  ( 0.0000000000000000000, -1.000000000000000000, 0.0000000000000000000 ) ) ;
#2540 = LINE ( 'NONE', #4691, #2304 ) ;
#2541 = ORIENTED_EDGE ( 'NONE', *, *, #4524, .F. ) ;
#2542 = VECTOR ( 'NONE', #806, 1000.000000000000000 ) ;
#2543 = ORIENTED_EDGE ( 'NONE', *, *, #1037, .T. ) ;
#2544 = DIRECTION ( 'NONE',  ( 0.0000000000000000000, -1.000000000000000000, 0.0000000000000000000 ) ) ;
#2545 = CARTESIAN_POINT ( 'NONE',  ( 5.000000000000000000, 10.20000000000000107, -7.500000000000000000 ) ) ;
#2546 = VECTOR ( 'NONE', #3184, 1000.000000000000000 ) ;
#2547 = CARTESIAN_POINT ( 'NONE',  ( 6.009999999999999787, 10.20000000000000107, -7.150000000000000355 ) ) ;
#2548 = PLANE ( 'NONE',  #275 ) ;
#2549 = ADVANCED_FACE ( 'NONE', ( #4825 ), #4166, .T. ) ;
#2550 = LINE ( 'NONE', #1027, #2294 ) ;
#2551 = VERTEX_POINT ( 'NONE', #418 ) ;
#2552 = ORIENTED_EDGE ( 'NONE', *, *, #3412, .T. ) ;
#2553 = CYLINDRICAL_SURFACE ( 'NONE', #3765, 1.900000000000000577 ) ;
#2554 = CARTESIAN_POINT ( 'NONE',  ( 7.000000000000000000, 0.9000000000000000222, -0.4500000000000000111 ) ) ;
#2555 = CARTESIAN_POINT ( 'NONE',  ( 5.399514552766626174, 10.83964185394132684, -9.336196539387854543 ) ) ;
#2556 = DIRECTION ( 'NONE',  ( 0.0000000000000000000, 1.000000000000000000, 0.0000000000000000000 ) ) ;
#2557 = ORIENTED_EDGE ( 'NONE', *, *, #4684, .T. ) ;
#2558 = ORIENTED_EDGE ( 'NONE', *, *, #4257, .F. ) ;
#2559 = LINE ( 'NONE', #4792, #268 ) ;
#2560 = DIRECTION ( 'NONE',  ( -0.9991345801681310590, 0.0000000000000000000, -0.04159435913982130473 ) ) ;
#2561 = CARTESIAN_POINT ( 'NONE',  ( 4.009999999999999787, 11.09999999999999964, -7.849999999999999645 ) ) ;
#2562 = EDGE_LOOP ( 'NONE', ( #4435, #2541, #928, #3148 ) ) ;
#2563 = EDGE_CURVE ( 'NONE', #4654, #1300, #1348, .T. ) ;
#2564 = EDGE_LOOP ( 'NONE', ( #2941, #1069, #1789, #3812 ) ) ;
#2565 = DIRECTION ( 'NONE',  ( 1.000000000000000000, 0.0000000000000000000, 0.0000000000000000000 ) ) ;
#2566 = CARTESIAN_POINT ( 'NONE',  ( 2.800870738470000010, 3.691274969103000014, -8.525000000000000355 ) ) ;
#2567 = CARTESIAN_POINT ( 'NONE',  ( 7.000000000000000000, 0.9000000000000000222, -1.983260773805000321 ) ) ;
#2568 = CARTESIAN_POINT ( 'NONE',  ( 2.800870738470000010, 3.691274969103000014, -6.474999999999999645 ) ) ;
#2569 = DIRECTION ( 'NONE',  ( 0.0000000000000000000, 0.0000000000000000000, -1.000000000000000000 ) ) ;
#2570 = DIRECTION ( 'NONE',  ( -0.1031261433326042115, 0.9946682856919401017, 0.0000000000000000000 ) ) ;
#2571 = EDGE_CURVE ( 'NONE', #368, #3767, #2661, .T. ) ;
#2572 = VERTEX_POINT ( 'NONE', #3190 ) ;
#2573 = ORIENTED_EDGE ( 'NONE', *, *, #4272, .F. ) ;
#2574 = CARTESIAN_POINT ( 'NONE',  ( 1.554282626315000027, 12.50000000000000000, -2.500000000000000000 ) ) ;
#2575 = CARTESIAN_POINT ( 'NONE',  ( 5.400000000000000355, 10.50000000000000000, -9.418749592834000595 ) ) ;
#2576 = CARTESIAN_POINT ( 'NONE',  ( 5.000000000000000000, 11.67679491923999890, -9.500000000000000000 ) ) ;
#2577 = EDGE_CURVE ( 'NONE', #4041, #4323, #130, .T. ) ;
#2578 = ORIENTED_EDGE ( 'NONE', *, *, #3057, .F. ) ;
#2579 = EDGE_CURVE ( 'NONE', #1453, #1743, #4626, .T. ) ;
#2580 = ORIENTED_EDGE ( 'NONE', *, *, #1293, .F. ) ;
#2581 = PLANE ( 'NONE',  #424 ) ;
#2582 = CARTESIAN_POINT ( 'NONE',  ( 4.599999999999999645, 11.09999999999999964, -3.799846144742000220 ) ) ;
#2583 = DIRECTION ( 'NONE',  ( 0.0000000000000000000, 0.0000000000000000000, -1.000000000000000000 ) ) ;
#2584 = ORIENTED_EDGE ( 'NONE', *, *, #1264, .T. ) ;
#2585 = ORIENTED_EDGE ( 'NONE', *, *, #4800, .F. ) ;
#2586 = CARTESIAN_POINT ( 'NONE',  ( 7.247194768637999829, 6.641250457333000234, -0.5250000000000000222 ) ) ;
#2587 = ADVANCED_FACE ( 'NONE', ( #3918 ), #4669, .F. ) ;
#2588 = DIRECTION ( 'NONE',  ( -1.000000000000000000, 0.0000000000000000000, 0.0000000000000000000 ) ) ;
#2589 = DIRECTION ( 'NONE',  ( 0.0000000000000000000, 1.000000000000000000, 0.0000000000000000000 ) ) ;
#2590 = EDGE_CURVE ( 'NONE', #1535, #1239, #3294, .T. ) ;
#2591 = AXIS2_PLACEMENT_3D ( 'NONE', #319, #1813, #4408 ) ;
#2592 = CARTESIAN_POINT ( 'NONE',  ( 3.862379601969000209, 3.361067348736000326, -6.474999999999999645 ) ) ;
#2593 = AXIS2_PLACEMENT_3D ( 'NONE', #1357, #3126, #4224 ) ;
#2594 = PLANE ( 'NONE',  #1584 ) ;
#2595 = VECTOR ( 'NONE', #32, 1000.000000000000000 ) ;
#2596 = ORIENTED_EDGE ( 'NONE', *, *, #2182, .F. ) ;
#2597 = CARTESIAN_POINT ( 'NONE',  ( 4.600485447233373826, 10.83964185394132862, -5.663803460612145457 ) ) ;
#2598 = CARTESIAN_POINT ( 'NONE',  ( 9.000000000000000000, 0.9000000000000000222, -5.450000000000000178 ) ) ;
#2599 = CARTESIAN_POINT ( 'NONE',  ( 9.000000000000000000, 0.9000000000000000222, -6.899999999999999467 ) ) ;
#2600 = CARTESIAN_POINT ( 'NONE',  ( 5.000000000000000000, 9.500000000000000000, -0.5000000000000000000 ) ) ;
#2601 = AXIS2_PLACEMENT_3D ( 'NONE', #1401, #718, #2844 ) ;
#2602 = ORIENTED_EDGE ( 'NONE', *, *, #4232, .T. ) ;
#2603 = VERTEX_POINT ( 'NONE', #2010 ) ;
#2604 = VECTOR ( 'NONE', #3706, 1000.000000000000114 ) ;
#2605 = ADVANCED_FACE ( 'NONE', ( #1271 ), #542, .T. ) ;
#2606 = DIRECTION ( 'NONE',  ( 0.0000000000000000000, 0.0000000000000000000, -1.000000000000000000 ) ) ;
#2607 = PLANE ( 'NONE',  #980 ) ;
#2608 = EDGE_CURVE ( 'NONE', #3399, #1527, #4069, .T. ) ;
#2609 = CARTESIAN_POINT ( 'NONE',  ( 5.000000000000000000, -3.899999999999999911, -7.000000000000000000 ) ) ;
#2610 = AXIS2_PLACEMENT_3D ( 'NONE', #3721, #4718, #1385 ) ;
#2611 = AXIS2_PLACEMENT_3D ( 'NONE', #4596, #557, #125 ) ;
#2612 = VERTEX_POINT ( 'NONE', #493 ) ;
#2613 = ORIENTED_EDGE ( 'NONE', *, *, #4670, .F. ) ;
#2614 = VECTOR ( 'NONE', #5, 1000.000000000000000 ) ;
#2615 = DIRECTION ( 'NONE',  ( 0.0000000000000000000, 0.0000000000000000000, -1.000000000000000000 ) ) ;
#2616 = LINE ( 'NONE', #1491, #3301 ) ;
#2617 = EDGE_CURVE ( 'NONE', #1852, #947, #1980, .T. ) ;
#2618 = CARTESIAN_POINT ( 'NONE',  ( 7.000000000000000000, 7.000000000000000000, -5.450000000000000178 ) ) ;
#2619 = FACE_OUTER_BOUND ( 'NONE', #2564, .T. ) ;
#2620 = VECTOR ( 'NONE', #4000, 1000.000000000000000 ) ;
#2621 = VECTOR ( 'NONE', #1880, 1000.000000000000227 ) ;
#2622 = EDGE_CURVE ( 'NONE', #3900, #1294, #4221, .T. ) ;
#2623 = ORIENTED_EDGE ( 'NONE', *, *, #4111, .F. ) ;
#2624 = FACE_OUTER_BOUND ( 'NONE', #4580, .T. ) ;
#2625 = DIRECTION ( 'NONE',  ( 0.0000000000000000000, 0.0000000000000000000, -1.000000000000000000 ) ) ;
#2626 = DIRECTION ( 'NONE',  ( 0.0000000000000000000, 0.0000000000000000000, -1.000000000000000000 ) ) ;
#2627 = SECURITY_CLASSIFICATION ( '', '', #2021 ) ;
#2628 = ORIENTED_EDGE ( 'NONE', *, *, #3874, .T. ) ;
#2629 = ORIENTED_EDGE ( 'NONE', *, *, #1503, .F. ) ;
#2630 = DIRECTION ( 'NONE',  ( 0.0000000000000000000, 0.0000000000000000000, -1.000000000000000000 ) ) ;
#2631 = DIRECTION ( 'NONE',  ( 0.0000000000000000000, 0.0000000000000000000, 1.000000000000000000 ) ) ;
#2632 = CARTESIAN_POINT ( 'NONE',  ( 5.396862696660000402, 0.0000000000000000000, -2.949999999999999734 ) ) ;
#2633 = ADVANCED_FACE ( 'NONE', ( #3144 ), #930, .T. ) ;
#2634 = ORIENTED_EDGE ( 'NONE', *, *, #3731, .T. ) ;
#2635 = ORIENTED_EDGE ( 'NONE', *, *, #1981, .F. ) ;
#2636 = EDGE_CURVE ( 'NONE', #3767, #851, #2051, .T. ) ;
#2637 = DIRECTION ( 'NONE',  ( 0.0000000000000000000, 0.0000000000000000000, 1.000000000000000000 ) ) ;
#2638 = DIRECTION ( 'NONE',  ( 1.000000000000000000, 0.0000000000000000000, 0.0000000000000000000 ) ) ;
#2639 = EDGE_CURVE ( 'NONE', #612, #3132, #3873, .T. ) ;
#2640 = CARTESIAN_POINT ( 'NONE',  ( 9.000000000000000000, 0.0000000000000000000, -6.899999999999999467 ) ) ;
#2641 = DIRECTION ( 'NONE',  ( 0.0000000000000000000, 1.000000000000000000, 0.0000000000000000000 ) ) ;
#2642 = ORIENTED_EDGE ( 'NONE', *, *, #1303, .F. ) ;
#2643 = CARTESIAN_POINT ( 'NONE',  ( 7.270263667275999708, 4.479374771332999217, -3.524999999999999911 ) ) ;
#2644 = DIRECTION ( 'NONE',  ( 0.0000000000000000000, 0.0000000000000000000, -1.000000000000000000 ) ) ;
#2645 = FACE_OUTER_BOUND ( 'NONE', #3352, .T. ) ;
#2646 = CARTESIAN_POINT ( 'NONE',  ( 4.599999999999999645, 11.09999999999999964, -2.149999999999999911 ) ) ;
#2647 = ADVANCED_FACE ( 'NONE', ( #3461 ), #3535, .F. ) ;
#2648 = ORIENTED_EDGE ( 'NONE', *, *, #2074, .F. ) ;
#2649 = VERTEX_POINT ( 'NONE', #2354 ) ;
#2650 = CARTESIAN_POINT ( 'NONE',  ( 5.000000000000000000, -3.899999999999999911, -7.500000000000000000 ) ) ;
#2651 = DIRECTION ( 'NONE',  ( 0.0000000000000000000, -1.000000000000000000, 0.0000000000000000000 ) ) ;
#2652 = ORIENTED_EDGE ( 'NONE', *, *, #3864, .F. ) ;
#2653 = ORIENTED_EDGE ( 'NONE', *, *, #847, .F. ) ;
#2654 = DIRECTION ( 'NONE',  ( 0.0000000000000000000, 0.0000000000000000000, -1.000000000000000000 ) ) ;
#2655 = DIRECTION ( 'NONE',  ( 0.0000000000000000000, 0.0000000000000000000, -1.000000000000000000 ) ) ;
#2656 = FACE_OUTER_BOUND ( 'NONE', #3005, .T. ) ;
#2657 = CC_DESIGN_PERSON_AND_ORGANIZATION_ASSIGNMENT ( #2430, #552, ( #2890 ) ) ;
#2658 = ORIENTED_EDGE ( 'NONE', *, *, #1821, .T. ) ;
#2659 = EDGE_CURVE ( 'NONE', #1216, #4425, #561, .T. ) ;
#2660 = DIRECTION ( 'NONE',  ( 0.0000000000000000000, 1.000000000000000000, 0.0000000000000000000 ) ) ;
#2661 = LINE ( 'NONE', #72, #179 ) ;
#2662 = ADVANCED_FACE ( 'NONE', ( #588 ), #4579, .F. ) ;
#2663 = EDGE_LOOP ( 'NONE', ( #2537, #3170, #2483, #1888 ) ) ;
#2664 = CARTESIAN_POINT ( 'NONE',  ( 2.773245919519999880, 3.493191983014000357, -3.524999999999999911 ) ) ;
#2665 = PLANE ( 'NONE',  #1829 ) ;
#2666 = DIRECTION ( 'NONE',  ( 0.0000000000000000000, 0.0000000000000000000, -1.000000000000000000 ) ) ;
#2667 = CARTESIAN_POINT ( 'NONE',  ( 5.000000000000000000, 12.05000000000000071, -4.400000000000000355 ) ) ;
#2668 = ADVANCED_FACE ( 'NONE', ( #1246 ), #880, .T. ) ;
#2669 = ORIENTED_EDGE ( 'NONE', *, *, #4391, .F. ) ;
#2670 = EDGE_LOOP ( 'NONE', ( #3032, #2305, #4120, #4518 ) ) ;
#2671 = VECTOR ( 'NONE', #2436, 1000.000000000000000 ) ;
#2672 = AXIS2_PLACEMENT_3D ( 'NONE', #2285, #818, #1547 ) ;
#2673 = DIRECTION ( 'NONE',  ( 0.0000000000000000000, 0.0000000000000000000, 1.000000000000000000 ) ) ;
#2674 = CARTESIAN_POINT ( 'NONE',  ( 5.400000000000000355, 10.50000000000000000, -5.581250407166001182 ) ) ;
#2675 = CARTESIAN_POINT ( 'NONE',  ( 4.009999999999999787, 10.20000000000000107, -2.149999999999999911 ) ) ;
#2676 = AXIS2_PLACEMENT_3D ( 'NONE', #4191, #134, #973 ) ;
#2677 = VECTOR ( 'NONE', #1396, 1000.000000000000000 ) ;
#2678 = ORIENTED_EDGE ( 'NONE', *, *, #935, .T. ) ;
#2679 = EDGE_CURVE ( 'NONE', #3036, #2512, #2380, .T. ) ;
#2680 = ORIENTED_EDGE ( 'NONE', *, *, #4235, .F. ) ;
#2681 = EDGE_CURVE ( 'NONE', #1178, #3742, #1765, .T. ) ;
#2682 = ORIENTED_EDGE ( 'NONE', *, *, #2349, .F. ) ;
#2683 = LINE ( 'NONE', #1953, #2078 ) ;
#2684 = VECTOR ( 'NONE', #3744, 1000.000000000000114 ) ;
#2685 = AXIS2_PLACEMENT_3D ( 'NONE', #17, #2973, #1515 ) ;
#2686 = CARTESIAN_POINT ( 'NONE',  ( 0.0000000000000000000, 12.50000000000000000, -10.00000000000000000 ) ) ;
#2687 = ORIENTED_EDGE ( 'NONE', *, *, #33, .T. ) ;
#2688 = ORIENTED_EDGE ( 'NONE', *, *, #2816, .T. ) ;
#2689 = LINE ( 'NONE', #1100, #971 ) ;
#2690 = DIRECTION ( 'NONE',  ( 0.0000000000000000000, 0.0000000000000000000, -1.000000000000000000 ) ) ;
#2691 = VECTOR ( 'NONE', #2246, 1000.000000000000000 ) ;
#2692 = AXIS2_PLACEMENT_3D ( 'NONE', #1659, #1316, #1269 ) ;
#2693 = ORIENTED_EDGE ( 'NONE', *, *, #2931, .T. ) ;
#2694 = ADVANCED_FACE ( 'NONE', ( #1733 ), #3605, .F. ) ;
#2695 = CARTESIAN_POINT ( 'NONE',  ( 5.000000000000000000, 12.40000000000000036, -7.500000000000000000 ) ) ;
#2696 = CARTESIAN_POINT ( 'NONE',  ( 1.554282626315000027, 12.50000000000000000, -2.500000000000000000 ) ) ;
#2697 = PLANE ( 'NONE',  #2672 ) ;
#2698 = VECTOR ( 'NONE', #1757, 1000.000000000000000 ) ;
#2699 = ORIENTED_EDGE ( 'NONE', *, *, #3191, .T. ) ;
#2700 = ORIENTED_EDGE ( 'NONE', *, *, #170, .F. ) ;
#2701 = FACE_OUTER_BOUND ( 'NONE', #1202, .T. ) ;
#2702 = CARTESIAN_POINT ( 'NONE',  ( 9.000000000000000000, 7.000000000000000000, -5.450000000000000178 ) ) ;
#2703 = PRODUCT_DEFINITION_FORMATION_WITH_SPECIFIED_SOURCE ( 'ANY', '', #2890, .NOT_KNOWN. ) ;
#2704 = LINE ( 'NONE', #2675, #798 ) ;
#2705 = ORIENTED_EDGE ( 'NONE', *, *, #347, .F. ) ;
#2706 = ORIENTED_EDGE ( 'NONE', *, *, #977, .T. ) ;
#2707 = EDGE_LOOP ( 'NONE', ( #60, #4266, #4261, #871 ) ) ;
#2708 = CARTESIAN_POINT ( 'NONE',  ( 2.299999999999999822, 0.0000000000000000000, 0.0000000000000000000 ) ) ;
#2709 = DIRECTION ( 'NONE',  ( 0.6614378277661202565, 0.0000000000000000000, 0.7500000000000242029 ) ) ;
#2710 = EDGE_CURVE ( 'NONE', #2389, #3900, #2861, .T. ) ;
#2711 = VERTEX_POINT ( 'NONE', #3246 ) ;
#2712 = DIRECTION ( 'NONE',  ( 0.0000000000000000000, 0.0000000000000000000, -1.000000000000000000 ) ) ;
#2713 = DIRECTION ( 'NONE',  ( 0.0000000000000000000, 0.0000000000000000000, -1.000000000000000000 ) ) ;
#2714 = VERTEX_POINT ( 'NONE', #4379 ) ;
#2715 = CYLINDRICAL_SURFACE ( 'NONE', #4686, 0.5000000000000004441 ) ;
#2716 = DIRECTION ( 'NONE',  ( 0.0000000000000000000, 0.0000000000000000000, 1.000000000000000000 ) ) ;
#2717 = DIRECTION ( 'NONE',  ( 0.0000000000000000000, 1.000000000000000000, 0.0000000000000000000 ) ) ;
#2718 = LINE ( 'NONE', #427, #1036 ) ;
#2719 = EDGE_CURVE ( 'NONE', #2649, #918, #3264, .T. ) ;
#2720 = EDGE_LOOP ( 'NONE', ( #1877, #296, #659, #4564 ) ) ;
#2721 = EDGE_LOOP ( 'NONE', ( #438, #2996, #1096, #1622 ) ) ;
#2722 = FACE_OUTER_BOUND ( 'NONE', #1864, .T. ) ;
#2723 = CARTESIAN_POINT ( 'NONE',  ( 5.399514552766622622, 10.83964185394132684, -5.663803460612144569 ) ) ;
#2724 = EDGE_CURVE ( 'NONE', #3504, #4537, #3654, .T. ) ;
#2725 = DIRECTION ( 'NONE',  ( 0.0000000000000000000, 0.0000000000000000000, -1.000000000000000000 ) ) ;
#2726 = EDGE_CURVE ( 'NONE', #850, #4328, #4726, .T. ) ;
#2727 = ORIENTED_EDGE ( 'NONE', *, *, #4391, .T. ) ;
#2728 = ORIENTED_EDGE ( 'NONE', *, *, #746, .T. ) ;
#2729 = DIRECTION ( 'NONE',  ( -0.9946682856919401017, -0.1031261433326042115, 0.0000000000000000000 ) ) ;
#2730 = DIRECTION ( 'NONE',  ( 0.0000000000000000000, 0.0000000000000000000, -1.000000000000000000 ) ) ;
#2731 = DIRECTION ( 'NONE',  ( 0.0000000000000000000, 1.000000000000000000, 0.0000000000000000000 ) ) ;
#2732 = VERTEX_POINT ( 'NONE', #611 ) ;
#2733 = DIRECTION ( 'NONE',  ( 0.0000000000000000000, 1.000000000000000000, 0.0000000000000000000 ) ) ;
#2734 = DIRECTION ( 'NONE',  ( 0.0000000000000000000, 0.0000000000000000000, 1.000000000000000000 ) ) ;
#2735 = EDGE_LOOP ( 'NONE', ( #1558, #4390, #2432, #2881 ) ) ;
#2736 = CARTESIAN_POINT ( 'NONE',  ( 7.153637605319000059, 3.945000220299000215, -6.474999999999999645 ) ) ;
#2737 = DIRECTION ( 'NONE',  ( 0.0000000000000000000, 0.0000000000000000000, -1.000000000000000000 ) ) ;
#2738 = CARTESIAN_POINT ( 'NONE',  ( 1.554282626315000027, 7.000000000000000000, -2.500000000000000000 ) ) ;
#2739 = DIRECTION ( 'NONE',  ( 0.0000000000000000000, 1.000000000000000000, 0.0000000000000000000 ) ) ;
#2740 = VECTOR ( 'NONE', #3584, 1000.000000000000000 ) ;
#2741 = CIRCLE ( 'NONE', #405, 0.1499999999999999944 ) ;
#2742 = ORIENTED_EDGE ( 'NONE', *, *, #4046, .T. ) ;
#2743 = ORIENTED_EDGE ( 'NONE', *, *, #3103, .T. ) ;
#2744 = CARTESIAN_POINT ( 'NONE',  ( 5.000000000000000000, 12.50000000000000000, -0.5000000000000000000 ) ) ;
#2745 = PERSON_AND_ORGANIZATION ( #502, #4797 ) ;
#2746 = FACE_OUTER_BOUND ( 'NONE', #3481, .T. ) ;
#2747 = VECTOR ( 'NONE', #1181, 1000.000000000000000 ) ;
#2748 = ORIENTED_EDGE ( 'NONE', *, *, #4186, .T. ) ;
#2749 = VECTOR ( 'NONE', #2900, 1000.000000000000000 ) ;
#2750 = ORIENTED_EDGE ( 'NONE', *, *, #1233, .T. ) ;
#2751 = VECTOR ( 'NONE', #382, 999.9999999999998863 ) ;
#2752 = DIRECTION ( 'NONE',  ( 0.0000000000000000000, 0.0000000000000000000, -1.000000000000000000 ) ) ;
#2753 = DIRECTION ( 'NONE',  ( 0.0000000000000000000, 0.0000000000000000000, -1.000000000000000000 ) ) ;
#2754 = EDGE_CURVE ( 'NONE', #3695, #2649, #420, .T. ) ;
#2755 = LINE ( 'NONE', #2373, #1427 ) ;
#2756 = VECTOR ( 'NONE', #4459, 1000.000000000000000 ) ;
#2757 = ORIENTED_EDGE ( 'NONE', *, *, #2636, .T. ) ;
#2758 = VECTOR ( 'NONE', #147, 1000.000000000000000 ) ;
#2759 = CARTESIAN_POINT ( 'NONE',  ( 5.400000000000000355, 10.20000000000000107, -4.418749592834000595 ) ) ;
#2760 = DIRECTION ( 'NONE',  ( 0.1746912246212061759, -0.9846232660466354147, 0.0000000000000000000 ) ) ;
#2761 = AXIS2_PLACEMENT_3D ( 'NONE', #845, #4197, #3054 ) ;
#2762 = VECTOR ( 'NONE', #3741, 1000.000000000000000 ) ;
#2763 = ORIENTED_EDGE ( 'NONE', *, *, #634, .F. ) ;
#2764 = CARTESIAN_POINT ( 'NONE',  ( 5.000000000000000000, 12.40000000000000036, -5.500000000000000000 ) ) ;
#2765 = AXIS2_PLACEMENT_3D ( 'NONE', #3370, #1206, #2981 ) ;
#2766 = CARTESIAN_POINT ( 'NONE',  ( 3.827441357045000103, 3.557992001945999405, -3.524999999999999911 ) ) ;
#2767 = CARTESIAN_POINT ( 'NONE',  ( 3.737253474221000182, 3.358750682977000412, -1.474999999999999867 ) ) ;
#2768 = AXIS2_PLACEMENT_3D ( 'NONE', #3746, #4824, #1492 ) ;
#2769 = EDGE_CURVE ( 'NONE', #3499, #1294, #1053, .T. ) ;
#2770 = VERTEX_POINT ( 'NONE', #3286 ) ;
#2771 = ORIENTED_EDGE ( 'NONE', *, *, #3016, .F. ) ;
#2772 = CARTESIAN_POINT ( 'NONE',  ( 5.396862696660000402, 0.0000000000000000000, -2.050000000000000266 ) ) ;
#2773 = DIRECTION ( 'NONE',  ( 0.0000000000000000000, 0.0000000000000000000, 1.000000000000000000 ) ) ;
#2774 = LINE ( 'NONE', #1286, #93 ) ;
#2775 = VECTOR ( 'NONE', #2655, 1000.000000000000000 ) ;
#2776 = ORIENTED_EDGE ( 'NONE', *, *, #3336, .T. ) ;
#2777 = VERTEX_POINT ( 'NONE', #2494 ) ;
#2778 = DIRECTION ( 'NONE',  ( 0.01942371415476928237, 0.0000000000000000000, -0.9998113418682714748 ) ) ;
#2779 = LINE ( 'NONE', #4719, #4017 ) ;
#2780 = CARTESIAN_POINT ( 'NONE',  ( 9.000000000000000000, 0.0000000000000000000, -10.00000000000000000 ) ) ;
#2781 = EDGE_CURVE ( 'NONE', #4323, #4421, #3970, .T. ) ;
#2782 = ORIENTED_EDGE ( 'NONE', *, *, #3749, .T. ) ;
#2783 = CARTESIAN_POINT ( 'NONE',  ( 7.450000000000000178, 12.50000000000000000, -10.00000000000000000 ) ) ;
#2784 = DIRECTION ( 'NONE',  ( 0.0000000000000000000, 0.0000000000000000000, 1.000000000000000000 ) ) ;
#2785 = EDGE_CURVE ( 'NONE', #3409, #2810, #1668, .T. ) ;
#2786 = ORIENTED_EDGE ( 'NONE', *, *, #4633, .F. ) ;
#2787 = LINE ( 'NONE', #2405, #1896 ) ;
#2788 = DIRECTION ( 'NONE',  ( 0.0000000000000000000, 1.000000000000000000, 0.0000000000000000000 ) ) ;
#2789 = DIRECTION ( 'NONE',  ( 0.0000000000000000000, -1.000000000000000000, 0.0000000000000000000 ) ) ;
#2790 = EDGE_LOOP ( 'NONE', ( #3829, #2356, #75, #2123, #3121 ) ) ;
#2791 = VERTEX_POINT ( 'NONE', #2159 ) ;
#2792 = CARTESIAN_POINT ( 'NONE',  ( 7.469197324414999173, 4.500000000000000000, -3.524999999999999911 ) ) ;
#2793 = PERSON_AND_ORGANIZATION_ROLE ( 'creator' ) ;
#2794 = LINE ( 'NONE', #229, #3127 ) ;
#2795 = EDGE_CURVE ( 'NONE', #3795, #3621, #964, .T. ) ;
#2796 = ORIENTED_EDGE ( 'NONE', *, *, #3344, .T. ) ;
#2797 = ORIENTED_EDGE ( 'NONE', *, *, #1481, .T. ) ;
#2798 = CYLINDRICAL_SURFACE ( 'NONE', #2059, 2.000000000000000444 ) ;
#2799 = CARTESIAN_POINT ( 'NONE',  ( 0.0000000000000000000, 12.50000000000000000, -10.00000000000000000 ) ) ;
#2800 = EDGE_LOOP ( 'NONE', ( #1873, #3551, #4246, #4483 ) ) ;
#2801 = ORIENTED_EDGE ( 'NONE', *, *, #4615, .T. ) ;
#2802 = CARTESIAN_POINT ( 'NONE',  ( 7.000000000000000000, 3.299999999999999822, -2.500000000000000000 ) ) ;
#2803 = DIRECTION ( 'NONE',  ( 0.0000000000000000000, -1.000000000000000000, 0.0000000000000000000 ) ) ;
#2804 = ADVANCED_FACE ( 'NONE', ( #2103 ), #4776, .F. ) ;
#2805 = ORIENTED_EDGE ( 'NONE', *, *, #401, .T. ) ;
#2806 = LINE ( 'NONE', #4192, #4605 ) ;
#2807 = DIRECTION ( 'NONE',  ( -1.000000000000000000, 0.0000000000000000000, 0.0000000000000000000 ) ) ;
#2808 = ADVANCED_FACE ( 'NONE', ( #1791 ), #240, .F. ) ;
#2809 = LINE ( 'NONE', #173, #102 ) ;
#2810 = VERTEX_POINT ( 'NONE', #4701 ) ;
#2811 = ORIENTED_EDGE ( 'NONE', *, *, #408, .F. ) ;
#2812 = DIRECTION ( 'NONE',  ( 0.0000000000000000000, 0.0000000000000000000, 1.000000000000000000 ) ) ;
#2813 = COORDINATED_UNIVERSAL_TIME_OFFSET ( 3, 0, .BEHIND. ) ;
#2814 = CARTESIAN_POINT ( 'NONE',  ( 7.481628429746999487, 4.380099984049999229, -3.524999999999999911 ) ) ;
#2815 = VECTOR ( 'NONE', #2906, 1000.000000000000000 ) ;
#2816 = EDGE_CURVE ( 'NONE', #1019, #1698, #1046, .T. ) ;
#2817 = ORIENTED_EDGE ( 'NONE', *, *, #3828, .F. ) ;
#2818 = VERTEX_POINT ( 'NONE', #4409 ) ;
#2819 = AXIS2_PLACEMENT_3D ( 'NONE', #1720, #574, #2040 ) ;
#2820 = FACE_OUTER_BOUND ( 'NONE', #2448, .T. ) ;
#2821 = DIRECTION ( 'NONE',  ( 0.0000000000000000000, 1.000000000000000000, 0.0000000000000000000 ) ) ;
#2822 = AXIS2_PLACEMENT_3D ( 'NONE', #4066, #1867, #2725 ) ;
#2823 = ORIENTED_EDGE ( 'NONE', *, *, #1259, .T. ) ;
#2824 = EDGE_CURVE ( 'NONE', #3393, #1511, #2126, .T. ) ;
#2825 = VERTEX_POINT ( 'NONE', #710 ) ;
#2826 = VECTOR ( 'NONE', #380, 1000.000000000000000 ) ;
#2827 = PLANE ( 'NONE',  #4376 ) ;
#2828 = VECTOR ( 'NONE', #1778, 1000.000000000000000 ) ;
#2829 = CARTESIAN_POINT ( 'NONE',  ( 4.599999999999999645, 11.09999999999999964, -7.849999999999999645 ) ) ;
#2830 = VECTOR ( 'NONE', #360, 1000.000000000000000 ) ;
#2831 = DIRECTION ( 'NONE',  ( 0.0000000000000000000, 0.0000000000000000000, -1.000000000000000000 ) ) ;
#2832 = AXIS2_PLACEMENT_3D ( 'NONE', #3206, #3500, #2778 ) ;
#2833 = AXIS2_PLACEMENT_3D ( 'NONE', #2081, #1710, #2030 ) ;
#2834 = ORIENTED_EDGE ( 'NONE', *, *, #931, .F. ) ;
#2835 = CARTESIAN_POINT ( 'NONE',  ( 3.792503112120999997, 3.754916655155000171, -3.524999999999999911 ) ) ;
#2836 = DIRECTION ( 'NONE',  ( -0.1031261433326042115, 0.9946682856919401017, 0.0000000000000000000 ) ) ;
#2837 = CARTESIAN_POINT ( 'NONE',  ( 1.199999999999999956, 9.000000000000000000, 0.5500000000000000444 ) ) ;
#2838 = CIRCLE ( 'NONE', #4153, 1.899999999999999911 ) ;
#2839 = VERTEX_POINT ( 'NONE', #3676 ) ;
#2840 = EDGE_CURVE ( 'NONE', #2810, #3409, #501, .T. ) ;
#2841 = AXIS2_PLACEMENT_3D ( 'NONE', #2450, #2085, #2424 ) ;
#2842 = ORIENTED_EDGE ( 'NONE', *, *, #2193, .F. ) ;
#2843 = DIRECTION ( 'NONE',  ( 0.0000000000000000000, -1.000000000000000000, 0.0000000000000000000 ) ) ;
#2844 = DIRECTION ( 'NONE',  ( 0.0000000000000000000, 0.0000000000000000000, -1.000000000000000000 ) ) ;
#2845 = CARTESIAN_POINT ( 'NONE',  ( 1.065031649091999988, 9.000000000000000000, 0.4845512089258000032 ) ) ;
#2846 = PLANE ( 'NONE',  #1734 ) ;
#2847 = AXIS2_PLACEMENT_3D ( 'NONE', #4336, #2910, #4384 ) ;
#2848 = VERTEX_POINT ( 'NONE', #1190 ) ;
#2849 = EDGE_CURVE ( 'NONE', #466, #3176, #1747, .T. ) ;
#2850 = EDGE_LOOP ( 'NONE', ( #1612, #2318, #2642, #4510 ) ) ;
#2851 = CARTESIAN_POINT ( 'NONE',  ( 7.062905807744999542, 6.479374771332999217, -4.474999999999999645 ) ) ;
#2852 = CARTESIAN_POINT ( 'NONE',  ( 7.000000000000000000, 0.9000000000000000222, -9.549999999999998934 ) ) ;
#2853 = PLANE ( 'NONE',  #2288 ) ;
#2854 = EDGE_CURVE ( 'NONE', #1906, #3519, #738, .T. ) ;
#2855 = VERTEX_POINT ( 'NONE', #780 ) ;
#2856 = AXIS2_PLACEMENT_3D ( 'NONE', #2151, #1092, #727 ) ;
#2857 = VERTEX_POINT ( 'NONE', #2327 ) ;
#2858 = CARTESIAN_POINT ( 'NONE',  ( 4.599999999999999645, 10.20000000000000107, -7.150000000000000355 ) ) ;
#2859 = LINE ( 'NONE', #2566, #3202 ) ;
#2861 = LINE ( 'NONE', #1444, #4693 ) ;
#2860 = CC_DESIGN_APPROVAL ( #421, ( #2703 ) ) ;
#2862 = ADVANCED_FACE ( 'NONE', ( #2656 ), #69, .F. ) ;
#2863 = ORIENTED_EDGE ( 'NONE', *, *, #2518, .F. ) ;
#2864 = PLANE ( 'NONE',  #3901 ) ;
#2865 = DIRECTION ( 'NONE',  ( 1.000000000000000000, 0.0000000000000000000, 0.0000000000000000000 ) ) ;
#2866 = CARTESIAN_POINT ( 'NONE',  ( 7.261839464882999806, 6.500000000000000000, -9.475000000000001421 ) ) ;
#2867 = ORIENTED_EDGE ( 'NONE', *, *, #2679, .F. ) ;
#2868 = ORIENTED_EDGE ( 'NONE', *, *, #2724, .F. ) ;
#2869 = CARTESIAN_POINT ( 'NONE',  ( 0.0000000000000000000, 7.000000000000000000, -7.500000000000000000 ) ) ;
#2870 = CARTESIAN_POINT ( 'NONE',  ( 1.065031649091999988, 0.0000000000000000000, 0.4845512089258000032 ) ) ;
#2871 = DIRECTION ( 'NONE',  ( 0.0000000000000000000, 0.0000000000000000000, 1.000000000000000000 ) ) ;
#2872 = PLANE ( 'NONE',  #731 ) ;
#2873 = EDGE_LOOP ( 'NONE', ( #2322, #1528, #1210, #449 ) ) ;
#2874 = EDGE_LOOP ( 'NONE', ( #686, #2254, #932, #4102 ) ) ;
#2875 = EDGE_CURVE ( 'NONE', #2389, #3936, #4382, .T. ) ;
#2876 = DIRECTION ( 'NONE',  ( 0.0000000000000000000, 1.000000000000000000, 0.0000000000000000000 ) ) ;
#2877 = CARTESIAN_POINT ( 'NONE',  ( 5.000000000000000000, -3.899999999999999911, -7.000000000000000000 ) ) ;
#2878 = EDGE_CURVE ( 'NONE', #1804, #2770, #741, .T. ) ;
#2879 = LINE ( 'NONE', #1044, #3131 ) ;
#2880 = ORIENTED_EDGE ( 'NONE', *, *, #2824, .T. ) ;
#2881 = ORIENTED_EDGE ( 'NONE', *, *, #2070, .F. ) ;
#2882 = CARTESIAN_POINT ( 'NONE',  ( 5.000000000000000000, 12.50000000000000000, -2.500000000000000000 ) ) ;
#2883 = DIRECTION ( 'NONE',  ( 0.0000000000000000000, 0.0000000000000000000, 1.000000000000000000 ) ) ;
#2884 = CARTESIAN_POINT ( 'NONE',  ( 2.773245919519999880, 3.493191983014000357, -8.525000000000000355 ) ) ;
#2885 = DIRECTION ( 'NONE',  ( 0.0000000000000000000, -1.000000000000000000, 0.0000000000000000000 ) ) ;
#2886 = CARTESIAN_POINT ( 'NONE',  ( 9.000000000000000000, 0.0000000000000000000, -3.100000000000000089 ) ) ;
#2887 = LINE ( 'NONE', #4337, #2527 ) ;
#2888 = ADVANCED_FACE ( 'NONE', ( #2237 ), #3342, .F. ) ;
#2889 = ORIENTED_EDGE ( 'NONE', *, *, #4536, .F. ) ;
#2890 = PRODUCT ( 'BR002', 'BR002', '', ( #3514 ) ) ;
#2891 = VERTEX_POINT ( 'NONE', #3020 ) ;
#2892 = CARTESIAN_POINT ( 'NONE',  ( 2.800870738470000010, 3.691274969103000014, -1.474999999999999867 ) ) ;
#2893 = CARTESIAN_POINT ( 'NONE',  ( 5.400000000000000355, 10.50000000000000000, -4.418749592834000595 ) ) ;
#2894 = CARTESIAN_POINT ( 'NONE',  ( 5.000000000000000000, 10.50000000000000000, -2.500000000000000000 ) ) ;
#2895 = DIRECTION ( 'NONE',  ( -1.000000000000000000, 0.0000000000000000000, 0.0000000000000000000 ) ) ;
#2896 = ORIENTED_EDGE ( 'NONE', *, *, #3316, .T. ) ;
#2897 = ORIENTED_EDGE ( 'NONE', *, *, #68, .T. ) ;
#2898 = CARTESIAN_POINT ( 'NONE',  ( 7.062905807744999542, 6.479374771332999217, -9.475000000000001421 ) ) ;
#2899 = CARTESIAN_POINT ( 'NONE',  ( 5.000000000000000000, 10.20000000000000107, -2.500000000000000000 ) ) ;
#2900 = DIRECTION ( 'NONE',  ( 0.9846232660466353037, 0.1746912246212065367, 0.0000000000000000000 ) ) ;
#2901 = EDGE_CURVE ( 'NONE', #3036, #2042, #4128, .T. ) ;
#2902 = ORIENTED_EDGE ( 'NONE', *, *, #4426, .F. ) ;
#2903 = VERTEX_POINT ( 'NONE', #3794 ) ;
#2904 = EDGE_CURVE ( 'NONE', #715, #1341, #1885, .T. ) ;
#2905 = DIRECTION ( 'NONE',  ( 0.0000000000000000000, 0.0000000000000000000, -1.000000000000000000 ) ) ;
#2906 = DIRECTION ( 'NONE',  ( 0.0000000000000000000, 0.0000000000000000000, -1.000000000000000000 ) ) ;
#2907 = DIRECTION ( 'NONE',  ( 0.0000000000000000000, 1.000000000000000000, 0.0000000000000000000 ) ) ;
#2908 = VECTOR ( 'NONE', #3964, 1000.000000000000000 ) ;
#2909 = VECTOR ( 'NONE', #399, 1000.000000000000000 ) ;
#2910 = DIRECTION ( 'NONE',  ( -0.0000000000000000000, 1.000000000000000000, 0.0000000000000000000 ) ) ;
#2911 = LINE ( 'NONE', #1081, #4217 ) ;
#2912 = VECTOR ( 'NONE', #2513, 1000.000000000000000 ) ;
#2913 = AXIS2_PLACEMENT_3D ( 'NONE', #4188, #4237, #1985 ) ;
#2914 = ORIENTED_EDGE ( 'NONE', *, *, #3752, .T. ) ;
#2915 = ORIENTED_EDGE ( 'NONE', *, *, #3919, .T. ) ;
#2916 = DIRECTION ( 'NONE',  ( 0.0000000000000000000, 0.0000000000000000000, 1.000000000000000000 ) ) ;
#2917 = FACE_OUTER_BOUND ( 'NONE', #942, .T. ) ;
#2918 = DIRECTION ( 'NONE',  ( -1.000000000000000000, 0.0000000000000000000, 0.0000000000000000000 ) ) ;
#2919 = EDGE_CURVE ( 'NONE', #3599, #368, #577, .T. ) ;
#2920 = VECTOR ( 'NONE', #1112, 1000.000000000000000 ) ;
#2921 = VECTOR ( 'NONE', #2969, 1000.000000000000000 ) ;
#2922 = ORIENTED_EDGE ( 'NONE', *, *, #3326, .T. ) ;
#2923 = ORIENTED_EDGE ( 'NONE', *, *, #1954, .T. ) ;
#2924 = DIRECTION ( 'NONE',  ( 0.0000000000000000000, -1.000000000000000000, 0.0000000000000000000 ) ) ;
#2925 = DIRECTION ( 'NONE',  ( 0.0000000000000000000, -1.000000000000000000, 0.0000000000000000000 ) ) ;
#2926 = PLANE ( 'NONE',  #1517 ) ;
#2927 = EDGE_LOOP ( 'NONE', ( #2037, #175 ) ) ;
#2928 = VECTOR ( 'NONE', #4521, 1000.000000000000000 ) ;
#2929 = EDGE_LOOP ( 'NONE', ( #1760, #205, #1782, #3104 ) ) ;
#2930 = LINE ( 'NONE', #2586, #3138 ) ;
#2931 = EDGE_CURVE ( 'NONE', #1254, #1410, #2616, .T. ) ;
#2932 = CARTESIAN_POINT ( 'NONE',  ( 9.000000000000000000, 0.0000000000000000000, -8.099999999999999645 ) ) ;
#2933 = DIRECTION ( 'NONE',  ( 0.1746912246209948727, -0.9846232660466728293, 0.0000000000000000000 ) ) ;
#2934 = VECTOR ( 'NONE', #3669, 1000.000000000000114 ) ;
#2936 = ADVANCED_FACE ( 'NONE', ( #4091, #831 ), #762, .T. ) ;
#2935 = CARTESIAN_POINT ( 'NONE',  ( 6.009999999999999787, 10.20000000000000107, -7.150000000000000355 ) ) ;
#2937 = CC_DESIGN_SECURITY_CLASSIFICATION ( #2627, ( #2703 ) ) ;
#2938 = DIRECTION ( 'NONE',  ( 0.0000000000000000000, 1.000000000000000000, 0.0000000000000000000 ) ) ;
#2939 = DIRECTION ( 'NONE',  ( 0.0000000000000000000, 0.0000000000000000000, -1.000000000000000000 ) ) ;
#2940 = EDGE_CURVE ( 'NONE', #4040, #3817, #1987, .T. ) ;
#2941 = ORIENTED_EDGE ( 'NONE', *, *, #3068, .F. ) ;
#2942 = ORIENTED_EDGE ( 'NONE', *, *, #2036, .F. ) ;
#2943 = FACE_OUTER_BOUND ( 'NONE', #4288, .T. ) ;
#2944 = LINE ( 'NONE', #1381, #2830 ) ;
#2945 = ORIENTED_EDGE ( 'NONE', *, *, #4570, .T. ) ;
#2946 = ORIENTED_EDGE ( 'NONE', *, *, #4570, .F. ) ;
#2947 = EDGE_CURVE ( 'NONE', #4148, #483, #4698, .T. ) ;
#2948 = DIRECTION ( 'NONE',  ( -1.000000000000000000, 0.0000000000000000000, 0.0000000000000000000 ) ) ;
#2949 = DIRECTION ( 'NONE',  ( 0.0000000000000000000, -1.000000000000000000, 0.0000000000000000000 ) ) ;
#2950 = LINE ( 'NONE', #4123, #3988 ) ;
#2951 = ORIENTED_EDGE ( 'NONE', *, *, #2296, .F. ) ;
#2952 = ORIENTED_EDGE ( 'NONE', *, *, #3057, .T. ) ;
#2953 = CARTESIAN_POINT ( 'NONE',  ( 7.481628429746999487, 4.380099984049999229, -1.474999999999999867 ) ) ;
#2954 = DIRECTION ( 'NONE',  ( 0.0000000000000000000, 0.0000000000000000000, 1.000000000000000000 ) ) ;
#2955 = CARTESIAN_POINT ( 'NONE',  ( 6.009999999999999787, 11.09999999999999964, -7.150000000000000355 ) ) ;
#2956 = LINE ( 'NONE', #3774, #4238 ) ;
#2957 = CARTESIAN_POINT ( 'NONE',  ( 4.599999999999999645, 11.09999999999999964, -7.849999999999999645 ) ) ;
#2958 = ADVANCED_FACE ( 'NONE', ( #2275 ), #3745, .T. ) ;
#2959 = ORIENTED_EDGE ( 'NONE', *, *, #2149, .T. ) ;
#2960 = EDGE_CURVE ( 'NONE', #3419, #3965, #3999, .T. ) ;
#2961 = DIRECTION ( 'NONE',  ( 0.0000000000000000000, 0.7071067811865975328, 0.7071067811864976127 ) ) ;
#2962 = DIRECTION ( 'NONE',  ( 0.1381240947497989757, 0.9904149304455928116, 0.0000000000000000000 ) ) ;
#2963 = CARTESIAN_POINT ( 'NONE',  ( 5.000000000000000000, -3.899999999999999911, -7.500000000000000000 ) ) ;
#2964 = EDGE_LOOP ( 'NONE', ( #3875, #4322, #4666, #3031 ) ) ;
#2965 = ORIENTED_EDGE ( 'NONE', *, *, #1330, .F. ) ;
#2966 = CARTESIAN_POINT ( 'NONE',  ( 5.000000000000000000, 12.50000000000000000, -5.500000000000000000 ) ) ;
#2967 = PLANE ( 'NONE',  #366 ) ;
#2968 = EDGE_CURVE ( 'NONE', #1664, #2477, #3771, .T. ) ;
#2969 = DIRECTION ( 'NONE',  ( 1.000000000000000000, 0.0000000000000000000, 0.0000000000000000000 ) ) ;
#2970 = ORIENTED_EDGE ( 'NONE', *, *, #1805, .F. ) ;
#2971 = ORIENTED_EDGE ( 'NONE', *, *, #1965, .T. ) ;
#2972 = LINE ( 'NONE', #4428, #3372 ) ;
#2973 = DIRECTION ( 'NONE',  ( 0.0000000000000000000, 0.0000000000000000000, -1.000000000000000000 ) ) ;
#2974 = EDGE_CURVE ( 'NONE', #3045, #753, #2301, .T. ) ;
#2975 = CARTESIAN_POINT ( 'NONE',  ( 2.399999999999999911, 9.000000000000000000, 0.6999999999999999556 ) ) ;
#2976 = AXIS2_PLACEMENT_3D ( 'NONE', #2343, #3474, #85 ) ;
#2977 = DIRECTION ( 'NONE',  ( 0.9946682856919403237, 0.1031261433326042809, 0.0000000000000000000 ) ) ;
#2978 = ORIENTED_EDGE ( 'NONE', *, *, #2165, .F. ) ;
#2979 = CARTESIAN_POINT ( 'NONE',  ( 2.700000000000000178, 3.299999999999999822, -1.000000000000000000 ) ) ;
#2980 = FACE_OUTER_BOUND ( 'NONE', #4019, .T. ) ;
#2981 = DIRECTION ( 'NONE',  ( 1.000000000000000000, 0.0000000000000000000, 0.0000000000000000000 ) ) ;
#2982 = CARTESIAN_POINT ( 'NONE',  ( 6.009999999999999787, 10.20000000000000107, -2.149999999999999911 ) ) ;
#2983 = VECTOR ( 'NONE', #1874, 1000.000000000000000 ) ;
#2984 = AXIS2_PLACEMENT_3D ( 'NONE', #1661, #1338, #2760 ) ;
#2985 = ADVANCED_FACE ( 'NONE', ( #927 ), #2075, .F. ) ;
#2986 = ORIENTED_EDGE ( 'NONE', *, *, #157, .T. ) ;
#2987 = AXIS2_PLACEMENT_3D ( 'NONE', #1146, #145, #1187 ) ;
#2988 = ORIENTED_EDGE ( 'NONE', *, *, #467, .T. ) ;
#2989 = AXIS2_PLACEMENT_3D ( 'NONE', #4067, #2638, #3362 ) ;
#2990 = CARTESIAN_POINT ( 'NONE',  ( 5.000000000000000000, 11.67679491923999890, -0.5000000000000000000 ) ) ;
#2991 =( LENGTH_UNIT ( ) NAMED_UNIT ( * ) SI_UNIT ( .MILLI., .METRE. ) );
#2992 = CARTESIAN_POINT ( 'NONE',  ( 5.400000000000000355, 10.20000000000000107, -0.5812504071661999117 ) ) ;
#2993 = AXIS2_PLACEMENT_3D ( 'NONE', #2197, #3668, #3307 ) ;
#2994 = VECTOR ( 'NONE', #2651, 1000.000000000000000 ) ;
#2995 = EDGE_CURVE ( 'NONE', #2324, #4467, #3525, .T. ) ;
#2996 = ORIENTED_EDGE ( 'NONE', *, *, #4440, .F. ) ;
#2997 = ORIENTED_EDGE ( 'NONE', *, *, #1093, .F. ) ;
#2998 = AXIS2_PLACEMENT_3D ( 'NONE', #4078, #381, #1875 ) ;
#2999 = CARTESIAN_POINT ( 'NONE',  ( 9.000000000000000000, 0.0000000000000000000, 0.0000000000000000000 ) ) ;
#3000 = VECTOR ( 'NONE', #1052, 1000.000000000000114 ) ;
#3001 = EDGE_CURVE ( 'NONE', #504, #2791, #3607, .T. ) ;
#3002 = CARTESIAN_POINT ( 'NONE',  ( 8.400000000000000355, 8.000000000000000000, 0.0000000000000000000 ) ) ;
#3004 = DIRECTION ( 'NONE',  ( 0.0000000000000000000, 0.0000000000000000000, 1.000000000000000000 ) ) ;
#3003 = VECTOR ( 'NONE', #537, 1000.000000000000000 ) ;
#3005 = EDGE_LOOP ( 'NONE', ( #2796, #2433, #1712, #4405 ) ) ;
#3006 = LINE ( 'NONE', #4115, #4144 ) ;
#3007 = CARTESIAN_POINT ( 'NONE',  ( 5.000000000000000000, 9.500000000000000000, -7.500000000000000000 ) ) ;
#3008 = CARTESIAN_POINT ( 'NONE',  ( 5.000000000000000000, 12.40000000000000036, -9.500000000000000000 ) ) ;
#3009 = LINE ( 'NONE', #4487, #567 ) ;
#3010 = ORIENTED_EDGE ( 'NONE', *, *, #3374, .F. ) ;
#3011 = ORIENTED_EDGE ( 'NONE', *, *, #3078, .F. ) ;
#3012 = DIRECTION ( 'NONE',  ( 1.000000000000000000, 0.0000000000000000000, 0.0000000000000000000 ) ) ;
#3013 = FACE_OUTER_BOUND ( 'NONE', #4671, .T. ) ;
#3014 = LINE ( 'NONE', #4492, #2994 ) ;
#3015 = ORIENTED_EDGE ( 'NONE', *, *, #2617, .F. ) ;
#3016 = EDGE_CURVE ( 'NONE', #1678, #2455, #1610, .T. ) ;
#3017 = ORIENTED_EDGE ( 'NONE', *, *, #293, .T. ) ;
#3018 = DIRECTION ( 'NONE',  ( 0.0000000000000000000, 1.000000000000000000, 0.0000000000000000000 ) ) ;
#3019 = EDGE_CURVE ( 'NONE', #589, #797, #516, .T. ) ;
#3020 = CARTESIAN_POINT ( 'NONE',  ( 1.554282626315000027, 7.000000000000000000, -3.500000000000000000 ) ) ;
#3021 = ORIENTED_EDGE ( 'NONE', *, *, #996, .T. ) ;
#3022 = CARTESIAN_POINT ( 'NONE',  ( 5.000000000000000000, 0.0000000000000000000, -2.500000000000000000 ) ) ;
#3023 = DIRECTION ( 'NONE',  ( 0.0000000000000000000, 0.0000000000000000000, -1.000000000000000000 ) ) ;
#3024 = APPLICATION_CONTEXT ( 'configuration controlled 3d designs of mechanical parts and assemblies' ) ;
#3025 = EDGE_CURVE ( 'NONE', #3751, #2818, #3890, .T. ) ;
#3026 = ORIENTED_EDGE ( 'NONE', *, *, #3423, .F. ) ;
#3027 = CARTESIAN_POINT ( 'NONE',  ( 4.599999999999999645, 11.09999999999999964, -6.200153855257999780 ) ) ;
#3028 = CARTESIAN_POINT ( 'NONE',  ( 7.000000000000000000, 6.970537156019000591, -5.525000000000000355 ) ) ;
#3029 = DIRECTION ( 'NONE',  ( 0.0000000000000000000, 1.000000000000000000, 0.0000000000000000000 ) ) ;
#3030 = DIRECTION ( 'NONE',  ( 0.0000000000000000000, 0.0000000000000000000, -1.000000000000000000 ) ) ;
#3031 = ORIENTED_EDGE ( 'NONE', *, *, #1567, .T. ) ;
#3032 = ORIENTED_EDGE ( 'NONE', *, *, #2421, .T. ) ;
#3033 = FACE_OUTER_BOUND ( 'NONE', #1642, .T. ) ;
#3034 = CARTESIAN_POINT ( 'NONE',  ( 7.450000000000000178, 12.50000000000000000, 0.0000000000000000000 ) ) ;
#3035 = DIRECTION ( 'NONE',  ( 0.0000000000000000000, 1.000000000000000000, 0.0000000000000000000 ) ) ;
#3036 = VERTEX_POINT ( 'NONE', #2799 ) ;
#3037 = ORIENTED_EDGE ( 'NONE', *, *, #3919, .F. ) ;
#3038 = LINE ( 'NONE', #3813, #2140 ) ;
#3039 = FACE_OUTER_BOUND ( 'NONE', #3140, .T. ) ;
#3040 = CARTESIAN_POINT ( 'NONE',  ( 3.792503112120999997, 3.754916655155000171, -6.474999999999999645 ) ) ;
#3041 = EDGE_CURVE ( 'NONE', #4537, #4509, #3842, .T. ) ;
#3042 = ORIENTED_EDGE ( 'NONE', *, *, #3575, .T. ) ;
#3043 = DIRECTION ( 'NONE',  ( 0.9946682856919402127, 0.1031261433326042254, 0.0000000000000000000 ) ) ;
#3044 = DIRECTION ( 'NONE',  ( 0.0000000000000000000, -1.000000000000000000, 0.0000000000000000000 ) ) ;
#3045 = VERTEX_POINT ( 'NONE', #1978 ) ;
#3046 = FACE_OUTER_BOUND ( 'NONE', #44, .T. ) ;
#3047 = DIRECTION ( 'NONE',  ( 0.8957173736854308066, 0.0000000000000000000, -0.4446238707920146527 ) ) ;
#3048 = VECTOR ( 'NONE', #200, 1000.000000000000000 ) ;
#3049 = DIRECTION ( 'NONE',  ( 0.0000000000000000000, 0.0000000000000000000, -1.000000000000000000 ) ) ;
#3050 = ORIENTED_EDGE ( 'NONE', *, *, #558, .T. ) ;
#3051 = ORIENTED_EDGE ( 'NONE', *, *, #3994, .T. ) ;
#3052 = VECTOR ( 'NONE', #861, 1000.000000000000000 ) ;
#3053 = AXIS2_PLACEMENT_3D ( 'NONE', #4264, #936, #594 ) ;
#3054 = DIRECTION ( 'NONE',  ( 0.0000000000000000000, 1.000000000000000000, 0.0000000000000000000 ) ) ;
#3055 = DIRECTION ( 'NONE',  ( 0.0000000000000000000, -1.000000000000000000, 0.0000000000000000000 ) ) ;
#3056 = CARTESIAN_POINT ( 'NONE',  ( 9.000000000000000000, 0.9000000000000000222, -5.450000000000000178 ) ) ;
#3057 = EDGE_CURVE ( 'NONE', #3399, #156, #2398, .T. ) ;
#3058 = AXIS2_PLACEMENT_3D ( 'NONE', #1317, #3169, #4648 ) ;
#3059 = ORIENTED_EDGE ( 'NONE', *, *, #3350, .T. ) ;
#3060 = EDGE_LOOP ( 'NONE', ( #2490, #4247, #2823, #2414 ) ) ;
#3061 = ORIENTED_EDGE ( 'NONE', *, *, #1529, .T. ) ;
#3062 = LINE ( 'NONE', #800, #1373 ) ;
#3063 = AXIS2_PLACEMENT_3D ( 'NONE', #3623, #4740, #2630 ) ;
#3064 = AXIS2_PLACEMENT_3D ( 'NONE', #373, #1124, #1098 ) ;
#3065 = DIRECTION ( 'NONE',  ( 0.1746912246212061759, -0.9846232660466354147, 0.0000000000000000000 ) ) ;
#3066 = VECTOR ( 'NONE', #1395, 1000.000000000000000 ) ;
#3067 = ORIENTED_EDGE ( 'NONE', *, *, #3864, .T. ) ;
#3068 = EDGE_CURVE ( 'NONE', #999, #2603, #658, .T. ) ;
#3069 = CARTESIAN_POINT ( 'NONE',  ( 2.660000000000000142, 0.0000000000000000000, -9.279999999999999361 ) ) ;
#3070 = DIRECTION ( 'NONE',  ( -0.1031261433326042115, 0.9946682856919401017, 0.0000000000000000000 ) ) ;
#3071 = AXIS2_PLACEMENT_3D ( 'NONE', #201, #3543, #1690 ) ;
#3072 = APPROVAL_DATE_TIME ( #2280, #1802 ) ;
#3073 = ADVANCED_FACE ( 'NONE', ( #191 ), #3112, .T. ) ;
#3074 = ORIENTED_EDGE ( 'NONE', *, *, #2995, .T. ) ;
#3075 = CARTESIAN_POINT ( 'NONE',  ( 5.000000000000000000, 9.500000000000000000, -4.500000000000000000 ) ) ;
#3076 = CARTESIAN_POINT ( 'NONE',  ( 1.294999999999999929, 9.000000000000000000, -10.00000000000000000 ) ) ;
#3077 = CARTESIAN_POINT ( 'NONE',  ( 3.792503112120999997, 3.754916655155000171, -8.525000000000000355 ) ) ;
#3078 = EDGE_CURVE ( 'NONE', #1743, #225, #854, .T. ) ;
#3079 = CARTESIAN_POINT ( 'NONE',  ( 9.000000000000000000, 0.9000000000000000222, -1.899999999999999911 ) ) ;
#3080 = VECTOR ( 'NONE', #4347, 1000.000000000000000 ) ;
#3081 = ORIENTED_EDGE ( 'NONE', *, *, #987, .T. ) ;
#3082 = ORIENTED_EDGE ( 'NONE', *, *, #4174, .T. ) ;
#3083 = CYLINDRICAL_SURFACE ( 'NONE', #1986, 2.000000000000000444 ) ;
#3084 = DIRECTION ( 'NONE',  ( -0.9784342842035468335, -0.2065583488874099816, 0.0000000000000000000 ) ) ;
#3085 = CARTESIAN_POINT ( 'NONE',  ( 5.400000000000000355, 10.20000000000000107, -0.5812504071661999117 ) ) ;
#3086 = ORIENTED_EDGE ( 'NONE', *, *, #3276, .T. ) ;
#3087 = EDGE_CURVE ( 'NONE', #850, #1169, #4622, .T. ) ;
#3088 = ORIENTED_EDGE ( 'NONE', *, *, #2276, .F. ) ;
#3089 = LINE ( 'NONE', #411, #4613 ) ;
#3090 = DIRECTION ( 'NONE',  ( 0.0000000000000000000, 1.000000000000000000, 0.0000000000000000000 ) ) ;
#3091 = DIRECTION ( 'NONE',  ( 0.9991345801681310590, 0.0000000000000000000, 0.04159435913982130473 ) ) ;
#3092 = AXIS2_PLACEMENT_3D ( 'NONE', #638, #2131, #667 ) ;
#3093 = ORIENTED_EDGE ( 'NONE', *, *, #2114, .T. ) ;
#3094 = LINE ( 'NONE', #2443, #671 ) ;
#3095 = CARTESIAN_POINT ( 'NONE',  ( 7.000000000000000000, 7.000000000000000000, -5.450000000000000178 ) ) ;
#3096 = APPROVAL_STATUS ( 'not_yet_approved' ) ;
#3097 = EDGE_LOOP ( 'NONE', ( #1684, #2154, #2137, #3557 ) ) ;
#3098 = CARTESIAN_POINT ( 'NONE',  ( 7.000000000000000000, 0.9000000000000000222, -3.016739226194999901 ) ) ;
#3099 = CARTESIAN_POINT ( 'NONE',  ( 3.764878293170999868, 3.556833669066000070, -1.474999999999999867 ) ) ;
#3100 = CARTESIAN_POINT ( 'NONE',  ( 1.065031649091999988, 9.000000000000000000, 0.4845512089258000032 ) ) ;
#3101 = DIRECTION ( 'NONE',  ( 0.8997890060556796854, 0.0000000000000000000, -0.4363252738282898391 ) ) ;
#3102 = ORIENTED_EDGE ( 'NONE', *, *, #2149, .F. ) ;
#3103 = EDGE_CURVE ( 'NONE', #1688, #1483, #2755, .T. ) ;
#3104 = ORIENTED_EDGE ( 'NONE', *, *, #3025, .T. ) ;
#3105 = CARTESIAN_POINT ( 'NONE',  ( 5.400000000000000355, 11.09999999999999964, -1.200153855258000002 ) ) ;
#3106 = CALENDAR_DATE ( 2020, 20, 2 ) ;
#3107 = DIRECTION ( 'NONE',  ( 0.0000000000000000000, 0.0000000000000000000, -1.000000000000000000 ) ) ;
#3108 = ORIENTED_EDGE ( 'NONE', *, *, #1929, .T. ) ;
#3109 = ORIENTED_EDGE ( 'NONE', *, *, #870, .F. ) ;
#3110 = DIRECTION ( 'NONE',  ( 0.0000000000000000000, 0.0000000000000000000, -1.000000000000000000 ) ) ;
#3111 = CARTESIAN_POINT ( 'NONE',  ( 7.000000000000000000, 0.9000000000000000222, -5.450000000000000178 ) ) ;
#3112 = SPHERICAL_SURFACE ( 'NONE', #2611, 0.5000000000000000000 ) ;
#3113 = ORIENTED_EDGE ( 'NONE', *, *, #3515, .F. ) ;
#3114 = DIRECTION ( 'NONE',  ( 0.0000000000000000000, 0.0000000000000000000, -1.000000000000000000 ) ) ;
#3115 = DIRECTION ( 'NONE',  ( 0.0000000000000000000, 0.0000000000000000000, -1.000000000000000000 ) ) ;
#3116 = ADVANCED_FACE ( 'NONE', ( #4231 ), #1579, .T. ) ;
#3117 = EDGE_LOOP ( 'NONE', ( #1548, #2951, #2046, #4761, #3398, #1431 ) ) ;
#3118 = DIRECTION ( 'NONE',  ( 0.0000000000000000000, 1.000000000000000000, 0.0000000000000000000 ) ) ;
#3119 = CARTESIAN_POINT ( 'NONE',  ( 5.000000000000000000, 12.05000000000000071, -4.400000000000000355 ) ) ;
#3120 = LINE ( 'NONE', #3195, #1737 ) ;
#3121 = ORIENTED_EDGE ( 'NONE', *, *, #4205, .F. ) ;
#3122 = ORIENTED_EDGE ( 'NONE', *, *, #1775, .T. ) ;
#3123 = EDGE_CURVE ( 'NONE', #2316, #2612, #4387, .T. ) ;
#3124 = LINE ( 'NONE', #2772, #112 ) ;
#3125 =( NAMED_UNIT ( * ) PLANE_ANGLE_UNIT ( ) SI_UNIT ( $, .RADIAN. ) );
#3126 = DIRECTION ( 'NONE',  ( 1.000000000000000000, 0.0000000000000000000, 0.0000000000000000000 ) ) ;
#3127 = VECTOR ( 'NONE', #3592, 1000.000000000000000 ) ;
#3128 = EDGE_CURVE ( 'NONE', #4163, #2196, #538, .T. ) ;
#3129 = CIRCLE ( 'NONE', #2519, 1.899999999999999689 ) ;
#3130 = VERTEX_POINT ( 'NONE', #2780 ) ;
#3131 = VECTOR ( 'NONE', #3626, 1000.000000000000000 ) ;
#3132 = VERTEX_POINT ( 'NONE', #4184 ) ;
#3133 = CIRCLE ( 'NONE', #1505, 0.4999999999999995559 ) ;
#3134 = CARTESIAN_POINT ( 'NONE',  ( 5.000000000000000000, 12.40000000000000036, -7.500000000000000000 ) ) ;
#3135 = CARTESIAN_POINT ( 'NONE',  ( 5.400000000000000355, 10.20000000000000107, -5.581250407166001182 ) ) ;
#3136 = ADVANCED_FACE ( 'NONE', ( #4255 ), #1681, .F. ) ;
#3137 = CARTESIAN_POINT ( 'NONE',  ( 7.000000000000000000, 0.9000000000000000222, -9.549999999999998934 ) ) ;
#3138 = VECTOR ( 'NONE', #2180, 1000.000000000000000 ) ;
#3139 = VECTOR ( 'NONE', #1151, 1000.000000000000000 ) ;
#3140 = EDGE_LOOP ( 'NONE', ( #3700, #231, #900, #2077, #3270, #1421, #4489, #2585 ) ) ;
#3141 = AXIS2_PLACEMENT_3D ( 'NONE', #1630, #1555, #1537 ) ;
#3142 = AXIS2_PLACEMENT_3D ( 'NONE', #4748, #320, #272 ) ;
#3143 = PLANE ( 'NONE',  #3926 ) ;
#3144 = FACE_OUTER_BOUND ( 'NONE', #983, .T. ) ;
#3145 = AXIS2_PLACEMENT_3D ( 'NONE', #3334, #1485, #754 ) ;
#3146 = ADVANCED_FACE ( 'NONE', ( #627 ), #2926, .F. ) ;
#3147 = ADVANCED_FACE ( 'NONE', ( #294 ), #4404, .F. ) ;
#3148 = ORIENTED_EDGE ( 'NONE', *, *, #2468, .F. ) ;
#3149 = DIRECTION ( 'NONE',  ( 0.0000000000000000000, 0.0000000000000000000, 1.000000000000000000 ) ) ;
#3150 = AXIS2_PLACEMENT_3D ( 'NONE', #3854, #4215, #526 ) ;
#3151 = CARTESIAN_POINT ( 'NONE',  ( 7.469197324414999173, 4.500000000000000000, -6.474999999999999645 ) ) ;
#3152 = CARTESIAN_POINT ( 'NONE',  ( 2.773245919519999880, 3.493191983014000357, -3.524999999999999911 ) ) ;
#3153 = CIRCLE ( 'NONE', #1520, 0.5999999999999997558 ) ;
#3154 = ORIENTED_EDGE ( 'NONE', *, *, #3344, .F. ) ;
#3155 = ORIENTED_EDGE ( 'NONE', *, *, #33, .F. ) ;
#3156 = DIRECTION ( 'NONE',  ( 0.0000000000000000000, 0.0000000000000000000, -1.000000000000000000 ) ) ;
#3157 = CARTESIAN_POINT ( 'NONE',  ( 2.700000000000000178, 3.299999999999999822, -2.500000000000000000 ) ) ;
#3158 = VECTOR ( 'NONE', #1263, 1000.000000000000000 ) ;
#3159 = ORIENTED_EDGE ( 'NONE', *, *, #842, .F. ) ;
#3160 = ORIENTED_EDGE ( 'NONE', *, *, #3041, .T. ) ;
#3161 = LINE ( 'NONE', #944, #2532 ) ;
#3162 = PLANE ( 'NONE',  #2315 ) ;
#3163 = DIRECTION ( 'NONE',  ( 0.0000000000000000000, -1.000000000000000000, 0.0000000000000000000 ) ) ;
#3164 = EDGE_CURVE ( 'NONE', #694, #549, #1387, .T. ) ;
#3165 = ORIENTED_EDGE ( 'NONE', *, *, #987, .F. ) ;
#3166 = ORIENTED_EDGE ( 'NONE', *, *, #1735, .T. ) ;
#3167 = EDGE_CURVE ( 'NONE', #2529, #2770, #3597, .T. ) ;
#3168 = DIRECTION ( 'NONE',  ( 0.0000000000000000000, 0.0000000000000000000, 1.000000000000000000 ) ) ;
#3169 = DIRECTION ( 'NONE',  ( 0.8969047134125298637, 0.0000000000000000000, -0.4422238517520144518 ) ) ;
#3170 = ORIENTED_EDGE ( 'NONE', *, *, #1771, .F. ) ;
#3171 = DIRECTION ( 'NONE',  ( -0.1031261433326042115, 0.9946682856919401017, 0.0000000000000000000 ) ) ;
#3172 = CARTESIAN_POINT ( 'NONE',  ( 7.481628429746999487, 4.380099984049999229, -8.525000000000000355 ) ) ;
#3173 = EDGE_CURVE ( 'NONE', #3725, #1945, #4135, .T. ) ;
#3174 = DIRECTION ( 'NONE',  ( 0.0000000000000000000, -1.000000000000000000, 0.0000000000000000000 ) ) ;
#3175 = ORIENTED_EDGE ( 'NONE', *, *, #3684, .T. ) ;
#3176 = VERTEX_POINT ( 'NONE', #4765 ) ;
#3177 = CYLINDRICAL_SURFACE ( 'NONE', #1589, 2.000000000000000444 ) ;
#3178 = APPROVAL_DATE_TIME ( #896, #3872 ) ;
#3179 = LINE ( 'NONE', #4269, #1028 ) ;
#3180 = EDGE_CURVE ( 'NONE', #1296, #1249, #4370, .T. ) ;
#3181 = VERTEX_POINT ( 'NONE', #1363 ) ;
#3182 = ORIENTED_EDGE ( 'NONE', *, *, #2904, .F. ) ;
#3183 = CARTESIAN_POINT ( 'NONE',  ( 5.000000000000000000, 11.67679491923999890, -2.500000000000000000 ) ) ;
#3184 = DIRECTION ( 'NONE',  ( 0.0000000000000000000, 0.0000000000000000000, -1.000000000000000000 ) ) ;
#3185 = DIRECTION ( 'NONE',  ( 0.0000000000000000000, 0.0000000000000000000, -1.000000000000000000 ) ) ;
#3186 = ORIENTED_EDGE ( 'NONE', *, *, #347, .T. ) ;
#3187 = EDGE_LOOP ( 'NONE', ( #4415, #1040 ) ) ;
#3188 = PLANE ( 'NONE',  #177 ) ;
#3189 = PLANE ( 'NONE',  #1573 ) ;
#3190 = CARTESIAN_POINT ( 'NONE',  ( 5.000000000000000000, 11.67679491923999890, -4.500000000000000000 ) ) ;
#3191 = EDGE_CURVE ( 'NONE', #3751, #4323, #212, .T. ) ;
#3192 = ORIENTED_EDGE ( 'NONE', *, *, #332, .T. ) ;
#3193 = DIRECTION ( 'NONE',  ( 0.0000000000000000000, -1.000000000000000000, 0.0000000000000000000 ) ) ;
#3194 = DIRECTION ( 'NONE',  ( 0.0000000000000000000, -1.000000000000000000, 0.0000000000000000000 ) ) ;
#3195 = CARTESIAN_POINT ( 'NONE',  ( 9.000000000000000000, 0.0000000000000000000, 0.0000000000000000000 ) ) ;
#3196 = EDGE_CURVE ( 'NONE', #1019, #3181, #4664, .T. ) ;
#3197 = ORIENTED_EDGE ( 'NONE', *, *, #1085, .T. ) ;
#3198 = ORIENTED_EDGE ( 'NONE', *, *, #1740, .T. ) ;
#3199 = DIRECTION ( 'NONE',  ( 0.0000000000000000000, 1.000000000000000000, 0.0000000000000000000 ) ) ;
#3200 = DIRECTION ( 'NONE',  ( 1.000000000000000000, 0.0000000000000000000, 0.0000000000000000000 ) ) ;
#3201 = DIRECTION ( 'NONE',  ( -1.000000000000000000, 0.0000000000000000000, 0.0000000000000000000 ) ) ;
#3202 = VECTOR ( 'NONE', #4331, 1000.000000000000000 ) ;
#3203 = ORIENTED_EDGE ( 'NONE', *, *, #2795, .F. ) ;
#3204 = VERTEX_POINT ( 'NONE', #2561 ) ;
#3205 = EDGE_CURVE ( 'NONE', #483, #3599, #4326, .T. ) ;
#3206 = CARTESIAN_POINT ( 'NONE',  ( 5.000000000000000000, 10.50000000000000000, -2.500000000000000000 ) ) ;
#3207 = LINE ( 'NONE', #4690, #1526 ) ;
#3208 = AXIS2_PLACEMENT_3D ( 'NONE', #3823, #3488, #4603 ) ;
#3209 = DIRECTION ( 'NONE',  ( 0.9946682856919402127, 0.1031261433326042254, 0.0000000000000000000 ) ) ;
#3210 = AXIS2_PLACEMENT_3D ( 'NONE', #3440, #108, #1595 ) ;
#3211 = ORIENTED_EDGE ( 'NONE', *, *, #4520, .F. ) ;
#3212 = ORIENTED_EDGE ( 'NONE', *, *, #3538, .F. ) ;
#3213 = PLANE ( 'NONE',  #2676 ) ;
#3214 = CIRCLE ( 'NONE', #1903, 0.4000000000000001332 ) ;
#3215 = CARTESIAN_POINT ( 'NONE',  ( 5.400000000000000355, 10.20000000000000107, -2.149999999999999911 ) ) ;
#3216 = AXIS2_PLACEMENT_3D ( 'NONE', #4259, #3893, #196 ) ;
#3217 = DIRECTION ( 'NONE',  ( 1.000000000000000000, 0.0000000000000000000, 0.0000000000000000000 ) ) ;
#3218 = AXIS2_PLACEMENT_3D ( 'NONE', #3183, #1262, #2752 ) ;
#3219 = EDGE_CURVE ( 'NONE', #1008, #3961, #2879, .T. ) ;
#3220 = AXIS2_PLACEMENT_3D ( 'NONE', #1078, #1369, #2933 ) ;
#3221 = EDGE_LOOP ( 'NONE', ( #4287, #4293, #4397, #4635 ) ) ;
#3222 = CARTESIAN_POINT ( 'NONE',  ( 4.009999999999999787, 10.20000000000000107, -2.850000000000000089 ) ) ;
#3223 = CARTESIAN_POINT ( 'NONE',  ( 5.000000000000000000, 11.67679491923999890, -5.500000000000000000 ) ) ;
#3224 = CARTESIAN_POINT ( 'NONE',  ( 8.400000000000000355, 8.000000000000000000, -10.00000000000000000 ) ) ;
#3225 = AXIS2_PLACEMENT_3D ( 'NONE', #3696, #1433, #2538 ) ;
#3226 = CIRCLE ( 'NONE', #1284, 2.000000000000000444 ) ;
#3227 = EDGE_CURVE ( 'NONE', #893, #1716, #3520, .T. ) ;
#3228 = EDGE_LOOP ( 'NONE', ( #1605, #3546, #3475, #631 ) ) ;
#3229 = AXIS2_PLACEMENT_3D ( 'NONE', #3877, #3194, #4604 ) ;
#3230 = ORIENTED_EDGE ( 'NONE', *, *, #4816, .F. ) ;
#3231 = ADVANCED_FACE ( 'NONE', ( #657 ), #4018, .F. ) ;
#3232 = DIRECTION ( 'NONE',  ( 0.0000000000000000000, -1.000000000000000000, 0.0000000000000000000 ) ) ;
#3233 = CARTESIAN_POINT ( 'NONE',  ( 7.000000000000000000, 3.299999999999999822, -9.000000000000000000 ) ) ;
#3234 = CARTESIAN_POINT ( 'NONE',  ( 0.0000000000000000000, 0.0000000000000000000, 0.0000000000000000000 ) ) ;
#3235 = CARTESIAN_POINT ( 'NONE',  ( 2.534968350908000101, 9.000000000000000000, 0.4845512089258000032 ) ) ;
#3236 = EDGE_LOOP ( 'NONE', ( #2628, #4660, #2093, #4089 ) ) ;
#3237 = VERTEX_POINT ( 'NONE', #1018 ) ;
#3238 = CARTESIAN_POINT ( 'NONE',  ( 5.000000000000000000, 11.64063466520999945, -7.500000000000000000 ) ) ;
#3239 = DIRECTION ( 'NONE',  ( 0.0000000000000000000, 0.0000000000000000000, -1.000000000000000000 ) ) ;
#3240 = DIRECTION ( 'NONE',  ( 0.1746912246212072306, -0.9846232660466353037, 0.0000000000000000000 ) ) ;
#3241 = ORIENTED_EDGE ( 'NONE', *, *, #118, .F. ) ;
#3242 = CIRCLE ( 'NONE', #1141, 0.2000000000000002609 ) ;
#3243 = ORIENTED_EDGE ( 'NONE', *, *, #3205, .T. ) ;
#3244 = DIRECTION ( 'NONE',  ( 0.0000000000000000000, 0.0000000000000000000, -1.000000000000000000 ) ) ;
#3245 = LINE ( 'NONE', #1077, #3000 ) ;
#3246 = CARTESIAN_POINT ( 'NONE',  ( 7.000000000000000000, 7.000000000000000000, -0.4500000000000000111 ) ) ;
#3247 = LINE ( 'NONE', #3634, #2338 ) ;
#3248 = LINE ( 'NONE', #3610, #1679 ) ;
#3249 = CARTESIAN_POINT ( 'NONE',  ( 1.199999999999999956, 0.0000000000000000000, 0.6999999999999999556 ) ) ;
#3250 = ORIENTED_EDGE ( 'NONE', *, *, #2636, .F. ) ;
#3251 = ORIENTED_EDGE ( 'NONE', *, *, #3167, .T. ) ;
#3252 = DIRECTION ( 'NONE',  ( 0.0000000000000000000, 0.0000000000000000000, -1.000000000000000000 ) ) ;
#3253 = LINE ( 'NONE', #1425, #2459 ) ;
#3254 = DIRECTION ( 'NONE',  ( 1.000000000000000000, 0.0000000000000000000, 0.0000000000000000000 ) ) ;
#3255 = EDGE_CURVE ( 'NONE', #3430, #4265, #3226, .T. ) ;
#3256 = VERTEX_POINT ( 'NONE', #2177 ) ;
#3257 = ORIENTED_EDGE ( 'NONE', *, *, #2100, .T. ) ;
#3258 = CARTESIAN_POINT ( 'NONE',  ( 1.065031649091999988, 0.0000000000000000000, 0.4845512089258000032 ) ) ;
#3259 = DIRECTION ( 'NONE',  ( 0.0000000000000000000, 0.0000000000000000000, -1.000000000000000000 ) ) ;
#3260 = FACE_OUTER_BOUND ( 'NONE', #4447, .T. ) ;
#3261 = ORIENTED_EDGE ( 'NONE', *, *, #3718, .F. ) ;
#3262 = ORIENTED_EDGE ( 'NONE', *, *, #230, .T. ) ;
#3263 = CARTESIAN_POINT ( 'NONE',  ( 4.599999999999999645, 10.20000000000000107, -9.418749592834000595 ) ) ;
#3264 = LINE ( 'NONE', #3948, #3378 ) ;
#3265 = DIRECTION ( 'NONE',  ( 0.0000000000000000000, 0.0000000000000000000, 1.000000000000000000 ) ) ;
#3266 = EDGE_CURVE ( 'NONE', #280, #1453, #2540, .T. ) ;
#3267 = PLANE ( 'NONE',  #2847 ) ;
#3268 = CARTESIAN_POINT ( 'NONE',  ( 5.396862696660000402, 0.0000000000000000000, -7.049999999999999822 ) ) ;
#3269 = ORIENTED_EDGE ( 'NONE', *, *, #3, .T. ) ;
#3270 = ORIENTED_EDGE ( 'NONE', *, *, #1405, .T. ) ;
#3271 = CARTESIAN_POINT ( 'NONE',  ( 4.600000000000034284, 10.67714561631171577, -4.418749592833839834 ) ) ;
#3272 = LINE ( 'NONE', #251, #255 ) ;
#3273 = DIRECTION ( 'NONE',  ( 0.0000000000000000000, 0.0000000000000000000, -1.000000000000000000 ) ) ;
#3274 = DIRECTION ( 'NONE',  ( 0.0000000000000000000, 0.0000000000000000000, 1.000000000000000000 ) ) ;
#3275 = ORIENTED_EDGE ( 'NONE', *, *, #3227, .F. ) ;
#3276 = EDGE_CURVE ( 'NONE', #1389, #1554, #1074, .T. ) ;
#3277 = VERTEX_POINT ( 'NONE', #2096 ) ;
#3278 = CARTESIAN_POINT ( 'NONE',  ( 7.282694772608999223, 4.359474755383999423, -8.525000000000000355 ) ) ;
#3279 = DIRECTION ( 'NONE',  ( 0.0000000000000000000, 0.0000000000000000000, -1.000000000000000000 ) ) ;
#3280 = DIRECTION ( 'NONE',  ( 0.0000000000000000000, 0.0000000000000000000, -1.000000000000000000 ) ) ;
#3281 = ORIENTED_EDGE ( 'NONE', *, *, #2241, .F. ) ;
#3282 = ORIENTED_EDGE ( 'NONE', *, *, #2659, .F. ) ;
#3283 = CARTESIAN_POINT ( 'NONE',  ( 5.000000000000000000, -3.899999999999999911, -2.500000000000000000 ) ) ;
#3284 = ADVANCED_FACE ( 'NONE', ( #3260 ), #2853, .T. ) ;
#3285 = LINE ( 'NONE', #2932, #1730 ) ;
#3286 = CARTESIAN_POINT ( 'NONE',  ( 5.000000000000000000, 0.9000000000000000222, -8.000000000000000000 ) ) ;
#3287 = CIRCLE ( 'NONE', #1339, 1.959999999999999742 ) ;
#3288 = VECTOR ( 'NONE', #3714, 1000.000000000000000 ) ;
#3289 = VECTOR ( 'NONE', #1136, 1000.000000000000000 ) ;
#3290 = DIRECTION ( 'NONE',  ( 0.9946682856919402127, 0.1031261433326042254, 0.0000000000000000000 ) ) ;
#3291 = FACE_OUTER_BOUND ( 'NONE', #1949, .T. ) ;
#3292 = DIRECTION ( 'NONE',  ( 0.9991345801681310590, 0.0000000000000000000, -0.04159435913982130473 ) ) ;
#3293 = AXIS2_PLACEMENT_3D ( 'NONE', #4799, #1120, #734 ) ;
#3294 = CIRCLE ( 'NONE', #1196, 1.960000000000000409 ) ;
#3295 = EDGE_CURVE ( 'NONE', #3795, #972, #3649, .T. ) ;
#3296 = ORIENTED_EDGE ( 'NONE', *, *, #1340, .F. ) ;
#3297 = ORIENTED_EDGE ( 'NONE', *, *, #1735, .F. ) ;
#3298 = DIRECTION ( 'NONE',  ( -1.000000000000000000, 0.0000000000000000000, 0.0000000000000000000 ) ) ;
#3299 = PLANE ( 'NONE',  #1272 ) ;
#3300 = VECTOR ( 'NONE', #440, 1000.000000000000000 ) ;
#3301 = VECTOR ( 'NONE', #464, 1000.000000000000114 ) ;
#3302 = CARTESIAN_POINT ( 'NONE',  ( 2.399999999999999911, 0.0000000000000000000, 0.6999999999999999556 ) ) ;
#3303 = DIRECTION ( 'NONE',  ( 0.0000000000000000000, -1.000000000000000000, 0.0000000000000000000 ) ) ;
#3304 = VECTOR ( 'NONE', #1644, 1000.000000000000000 ) ;
#3305 = ORIENTED_EDGE ( 'NONE', *, *, #3980, .T. ) ;
#3306 = ORIENTED_EDGE ( 'NONE', *, *, #2968, .T. ) ;
#3307 = DIRECTION ( 'NONE',  ( 0.0000000000000000000, 0.0000000000000000000, -1.000000000000000000 ) ) ;
#3308 = DIRECTION ( 'NONE',  ( 0.0000000000000000000, -1.000000000000000000, 0.0000000000000000000 ) ) ;
#3309 = VECTOR ( 'NONE', #4242, 1000.000000000000000 ) ;
#3310 = CARTESIAN_POINT ( 'NONE',  ( 5.000000000000000000, 9.500000000000000000, -5.500000000000000000 ) ) ;
#3311 = ORIENTED_EDGE ( 'NONE', *, *, #178, .F. ) ;
#3312 = CIRCLE ( 'NONE', #976, 2.000000000000000000 ) ;
#3313 = ORIENTED_EDGE ( 'NONE', *, *, #4739, .F. ) ;
#3314 = DIRECTION ( 'NONE',  ( 0.0000000000000000000, 0.0000000000000000000, -1.000000000000000000 ) ) ;
#3315 = FACE_OUTER_BOUND ( 'NONE', #2253, .T. ) ;
#3316 = EDGE_CURVE ( 'NONE', #4577, #1804, #2252, .T. ) ;
#3317 = DIRECTION ( 'NONE',  ( 0.0000000000000000000, -1.000000000000000000, 0.0000000000000000000 ) ) ;
#3318 = AXIS2_PLACEMENT_3D ( 'NONE', #2899, #335, #386 ) ;
#3319 = ADVANCED_FACE ( 'NONE', ( #1466 ), #1836, .T. ) ;
#3320 = LINE ( 'NONE', #1165, #4630 ) ;
#3321 = LOCAL_TIME ( 0, 32, 55.00000000000000000, #962 ) ;
#3322 = DIRECTION ( 'NONE',  ( 0.0000000000000000000, 1.000000000000000000, 0.0000000000000000000 ) ) ;
#3323 = DIRECTION ( 'NONE',  ( 1.000000000000000000, 0.0000000000000000000, 0.0000000000000000000 ) ) ;
#3324 = ORIENTED_EDGE ( 'NONE', *, *, #1771, .T. ) ;
#3325 = ORIENTED_EDGE ( 'NONE', *, *, #4186, .F. ) ;
#3326 = EDGE_CURVE ( 'NONE', #2777, #1254, #1881, .T. ) ;
#3327 = CARTESIAN_POINT ( 'NONE',  ( 4.599999999999999645, 10.50000000000000000, -5.581250407166001182 ) ) ;
#3328 = LINE ( 'NONE', #2245, #729 ) ;
#3329 = DIRECTION ( 'NONE',  ( -0.01942371415476927890, 0.0000000000000000000, 0.9998113418682714748 ) ) ;
#3330 = LINE ( 'NONE', #4011, #3989 ) ;
#3331 = ORIENTED_EDGE ( 'NONE', *, *, #586, .T. ) ;
#3332 = ORIENTED_EDGE ( 'NONE', *, *, #3196, .F. ) ;
#3333 = EDGE_CURVE ( 'NONE', #1935, #4175, #2950, .T. ) ;
#3334 = CARTESIAN_POINT ( 'NONE',  ( 5.000000000000000000, 12.50000000000000000, -7.500000000000000000 ) ) ;
#3335 = FACE_OUTER_BOUND ( 'NONE', #2041, .T. ) ;
#3336 = EDGE_CURVE ( 'NONE', #3742, #3799, #388, .T. ) ;
#3337 = CYLINDRICAL_SURFACE ( 'NONE', #425, 0.2000000000000000944 ) ;
#3338 = EDGE_LOOP ( 'NONE', ( #3109, #4420, #554, #3015 ) ) ;
#3339 = ORIENTED_EDGE ( 'NONE', *, *, #2904, .T. ) ;
#3340 = DIRECTION ( 'NONE',  ( 0.0000000000000000000, 1.000000000000000000, 0.0000000000000000000 ) ) ;
#3341 = CARTESIAN_POINT ( 'NONE',  ( 7.000000000000000000, 3.299999999999999822, -7.500000000000000000 ) ) ;
#3342 = PLANE ( 'NONE',  #890 ) ;
#3343 = DIRECTION ( 'NONE',  ( 0.0000000000000000000, 1.000000000000000000, 0.0000000000000000000 ) ) ;
#3344 = EDGE_CURVE ( 'NONE', #4083, #4124, #3357, .T. ) ;
#3345 = CARTESIAN_POINT ( 'NONE',  ( 4.009999999999999787, 10.20000000000000107, -7.849999999999999645 ) ) ;
#3346 = EDGE_LOOP ( 'NONE', ( #152, #4549, #4592, #4760 ) ) ;
#3347 = DIRECTION ( 'NONE',  ( 0.0000000000000000000, 0.0000000000000000000, 1.000000000000000000 ) ) ;
#3348 = CARTESIAN_POINT ( 'NONE',  ( 2.773245919519999880, 3.493191983014000357, -3.524999999999999911 ) ) ;
#3349 = FACE_OUTER_BOUND ( 'NONE', #747, .T. ) ;
#3350 = EDGE_CURVE ( 'NONE', #787, #966, #4106, .T. ) ;
#3351 = CARTESIAN_POINT ( 'NONE',  ( 7.261839464882999806, 6.500000000000000000, -9.475000000000001421 ) ) ;
#3352 = EDGE_LOOP ( 'NONE', ( #1637, #3587, #3790, #506 ) ) ;
#3353 = EDGE_CURVE ( 'NONE', #549, #1699, #1114, .T. ) ;
#3354 = ORIENTED_EDGE ( 'NONE', *, *, #702, .T. ) ;
#3355 = CYLINDRICAL_SURFACE ( 'NONE', #1282, 1.499999999999999556 ) ;
#3356 = CARTESIAN_POINT ( 'NONE',  ( 6.009999999999999787, 10.20000000000000107, -2.850000000000000089 ) ) ;
#3357 = LINE ( 'NONE', #2632, #1126 ) ;
#3358 = ORIENTED_EDGE ( 'NONE', *, *, #4708, .F. ) ;
#3359 = ADVANCED_FACE ( 'NONE', ( #4471 ), #3337, .F. ) ;
#3360 = ORIENTED_EDGE ( 'NONE', *, *, #3326, .F. ) ;
#3361 = DIRECTION ( 'NONE',  ( 0.0000000000000000000, 1.000000000000000000, 0.0000000000000000000 ) ) ;
#3362 = DIRECTION ( 'NONE',  ( 0.0000000000000000000, 0.0000000000000000000, 1.000000000000000000 ) ) ;
#3363 = DIRECTION ( 'NONE',  ( -0.9946682856919401017, -0.1031261433326042115, 0.0000000000000000000 ) ) ;
#3364 = LINE ( 'NONE', #4523, #416 ) ;
#3365 = AXIS2_PLACEMENT_3D ( 'NONE', #904, #3869, #3065 ) ;
#3366 = AXIS2_PLACEMENT_3D ( 'NONE', #4563, #1208, #4100 ) ;
#3367 = ORIENTED_EDGE ( 'NONE', *, *, #881, .F. ) ;
#3368 = CARTESIAN_POINT ( 'NONE',  ( 4.599999999999997868, 11.09999999999994813, -6.056799533319238371 ) ) ;
#3369 = LINE ( 'NONE', #28, #2524 ) ;
#3370 = CARTESIAN_POINT ( 'NONE',  ( 9.000000000000000000, 7.000000000000000000, -9.549999999999998934 ) ) ;
#3371 = CARTESIAN_POINT ( 'NONE',  ( 6.529663727179999988, 6.899999999999999467, -5.525000000000000355 ) ) ;
#3372 = VECTOR ( 'NONE', #2565, 1000.000000000000000 ) ;
#3373 = VECTOR ( 'NONE', #1006, 1000.000000000000000 ) ;
#3374 = EDGE_CURVE ( 'NONE', #991, #4173, #30, .T. ) ;
#3375 = EDGE_LOOP ( 'NONE', ( #585, #4791, #1145, #4027 ) ) ;
#3376 = EDGE_CURVE ( 'NONE', #1688, #4040, #757, .T. ) ;
#3377 = EDGE_LOOP ( 'NONE', ( #4466, #4495, #357, #3498 ) ) ;
#3378 = VECTOR ( 'NONE', #3581, 1000.000000000000114 ) ;
#3379 = DIRECTION ( 'NONE',  ( 0.0000000000000000000, -1.000000000000000000, 0.0000000000000000000 ) ) ;
#3380 = CARTESIAN_POINT ( 'NONE',  ( 5.000000000000000000, 10.20000000000000107, -2.500000000000000000 ) ) ;
#3381 = DIRECTION ( 'NONE',  ( 0.0000000000000000000, 0.0000000000000000000, -1.000000000000000000 ) ) ;
#3382 = CIRCLE ( 'NONE', #1125, 0.2000000000000002887 ) ;
#3383 = VECTOR ( 'NONE', #4795, 1000.000000000000000 ) ;
#3384 = ORIENTED_EDGE ( 'NONE', *, *, #2639, .F. ) ;
#3385 = EDGE_LOOP ( 'NONE', ( #2580, #1597, #3339, #2178, #2167, #3108, #3512, #461, #3093, #1305 ) ) ;
#3386 = CIRCLE ( 'NONE', #4080, 1.499999999999999556 ) ;
#3387 = ORIENTED_EDGE ( 'NONE', *, *, #2184, .F. ) ;
#3388 = EDGE_CURVE ( 'NONE', #2855, #4609, #1902, .T. ) ;
#3389 = DIRECTION ( 'NONE',  ( 0.0000000000000000000, 0.0000000000000000000, 1.000000000000000000 ) ) ;
#3390 = DIRECTION ( 'NONE',  ( 0.0000000000000000000, 0.0000000000000000000, 1.000000000000000000 ) ) ;
#3392 = DIRECTION ( 'NONE',  ( 0.0000000000000000000, 1.000000000000000000, 0.0000000000000000000 ) ) ;
#3391 = AXIS2_PLACEMENT_3D ( 'NONE', #4595, #2299, #1578 ) ;
#3393 = VERTEX_POINT ( 'NONE', #1534 ) ;
#3394 = DIRECTION ( 'NONE',  ( 1.000000000000000000, 0.0000000000000000000, 0.0000000000000000000 ) ) ;
#3395 = CARTESIAN_POINT ( 'NONE',  ( 7.266051566080000690, 5.489687385667000541, -4.000000000000000000 ) ) ;
#3396 = DIRECTION ( 'NONE',  ( 0.0000000000000000000, 0.0000000000000000000, -1.000000000000000000 ) ) ;
#3397 = DIRECTION ( 'NONE',  ( 0.0000000000000000000, -1.000000000000000000, 0.0000000000000000000 ) ) ;
#3398 = ORIENTED_EDGE ( 'NONE', *, *, #2622, .F. ) ;
#3399 = VERTEX_POINT ( 'NONE', #730 ) ;
#3400 = DIRECTION ( 'NONE',  ( 0.0000000000000000000, 1.000000000000000000, 0.0000000000000000000 ) ) ;
#3401 = CARTESIAN_POINT ( 'NONE',  ( 2.660000000000000142, 0.0000000000000000000, -9.279999999999999361 ) ) ;
#3402 = EDGE_CURVE ( 'NONE', #1995, #2810, #3014, .T. ) ;
#3403 = B_SPLINE_CURVE_WITH_KNOTS ( 'NONE', 3,
 ( #146, #830, #4550, #2372, #2326, #442 ),
 .UNSPECIFIED., .F., .F.,
 ( 4, 2, 4 ),
 ( 0.0000000000000000000, 0.5000000000000000000, 1.000000000000000000 ),
 .UNSPECIFIED. ) ;
#3404 = ORIENTED_EDGE ( 'NONE', *, *, #993, .T. ) ;
#3405 = ORIENTED_EDGE ( 'NONE', *, *, #2344, .T. ) ;
#3406 = ORIENTED_EDGE ( 'NONE', *, *, #604, .T. ) ;
#3407 = CARTESIAN_POINT ( 'NONE',  ( 5.400000000000000355, 10.20000000000000107, -2.850000000000000089 ) ) ;
#3408 = DIRECTION ( 'NONE',  ( -0.9904149304455928116, 0.1381240947497989757, 0.0000000000000000000 ) ) ;
#3409 = VERTEX_POINT ( 'NONE', #3310 ) ;
#3410 = FACE_OUTER_BOUND ( 'NONE', #1089, .T. ) ;
#3411 = CARTESIAN_POINT ( 'NONE',  ( 2.773245919519999880, 3.493191983014000357, -4.474999999999999645 ) ) ;
#3412 = EDGE_CURVE ( 'NONE', #3256, #3621, #2227, .T. ) ;
#3413 = ORIENTED_EDGE ( 'NONE', *, *, #3295, .F. ) ;
#3414 = CARTESIAN_POINT ( 'NONE',  ( 2.787058328994999723, 3.592233476057999919, -7.500000000000000000 ) ) ;
#3415 = CARTESIAN_POINT ( 'NONE',  ( 9.000000000000000000, 0.9000000000000000222, -4.549999999999999822 ) ) ;
#3416 = CARTESIAN_POINT ( 'NONE',  ( 7.450000000000000178, 12.50000000000000000, -10.00000000000000000 ) ) ;
#3417 = PLANE ( 'NONE',  #3827 ) ;
#3418 = ORIENTED_EDGE ( 'NONE', *, *, #310, .T. ) ;
#3419 = VERTEX_POINT ( 'NONE', #3671 ) ;
#3420 = DIRECTION ( 'NONE',  ( 0.0000000000000000000, 0.0000000000000000000, -1.000000000000000000 ) ) ;
#3421 = CARTESIAN_POINT ( 'NONE',  ( 5.000000000000000000, 0.9000000000000000222, -2.500000000000000000 ) ) ;
#3422 = DIRECTION ( 'NONE',  ( 0.0000000000000000000, 0.0000000000000000000, -1.000000000000000000 ) ) ;
#3423 = EDGE_CURVE ( 'NONE', #2501, #827, #336, .T. ) ;
#3424 = ORIENTED_EDGE ( 'NONE', *, *, #246, .T. ) ;
#3425 = ORIENTED_EDGE ( 'NONE', *, *, #522, .F. ) ;
#3426 = DIRECTION ( 'NONE',  ( 0.8957173736854308066, 0.0000000000000000000, -0.4446238707920146527 ) ) ;
#3427 = DIRECTION ( 'NONE',  ( 0.0000000000000000000, 0.0000000000000000000, -1.000000000000000000 ) ) ;
#3428 = CARTESIAN_POINT ( 'NONE',  ( 3.792503112120999997, 3.754916655155000171, -1.474999999999999867 ) ) ;
#3429 = ADVANCED_FACE ( 'NONE', ( #305 ), #4008, .T. ) ;
#3430 = VERTEX_POINT ( 'NONE', #4784 ) ;
#3431 = ADVANCED_FACE ( 'NONE', ( #3589 ), #2553, .F. ) ;
#3432 = DIRECTION ( 'NONE',  ( 0.0000000000000000000, -1.000000000000000000, 0.0000000000000000000 ) ) ;
#3433 = CARTESIAN_POINT ( 'NONE',  ( 0.0000000000000000000, 0.0000000000000000000, -10.00000000000000000 ) ) ;
#3434 = ORIENTED_EDGE ( 'NONE', *, *, #4380, .F. ) ;
#3435 = TOROIDAL_SURFACE ( 'NONE', #2976, 1.360000000000000098, 0.5999999999999999778 ) ;
#3436 = DIRECTION ( 'NONE',  ( 0.0000000000000000000, -1.000000000000000000, 0.0000000000000000000 ) ) ;
#3437 = DIRECTION ( 'NONE',  ( 0.0000000000000000000, 1.000000000000000000, 0.0000000000000000000 ) ) ;
#3438 = LINE ( 'NONE', #3416, #4157 ) ;
#3439 = EDGE_CURVE ( 'NONE', #1438, #4148, #675, .T. ) ;
#3440 = CARTESIAN_POINT ( 'NONE',  ( 4.009999999999999787, 11.09999999999999964, -2.149999999999999911 ) ) ;
#3441 = EDGE_CURVE ( 'NONE', #4654, #1351, #39, .T. ) ;
#3442 = VECTOR ( 'NONE', #547, 1000.000000000000000 ) ;
#3443 = VERTEX_POINT ( 'NONE', #4340 ) ;
#3444 = ORIENTED_EDGE ( 'NONE', *, *, #1264, .F. ) ;
#3445 = VECTOR ( 'NONE', #2384, 1000.000000000000000 ) ;
#3446 = VECTOR ( 'NONE', #3254, 1000.000000000000000 ) ;
#3447 = LINE ( 'NONE', #4567, #2228 ) ;
#3448 = LINE ( 'NONE', #510, #15 ) ;
#3449 = AXIS2_PLACEMENT_3D ( 'NONE', #3867, #261, #2072 ) ;
#3450 = AXIS2_PLACEMENT_3D ( 'NONE', #4806, #1795, #4025 ) ;
#3451 = ORIENTED_EDGE ( 'NONE', *, *, #1420, .T. ) ;
#3452 = EDGE_LOOP ( 'NONE', ( #2965, #2536 ) ) ;
#3453 = FACE_OUTER_BOUND ( 'NONE', #2055, .T. ) ;
#3454 = DIRECTION ( 'NONE',  ( 0.0000000000000000000, 0.0000000000000000000, -1.000000000000000000 ) ) ;
#3455 = VECTOR ( 'NONE', #3739, 1000.000000000000000 ) ;
#3456 = DIRECTION ( 'NONE',  ( 0.9946682856919403237, 0.1031261433326042809, 0.0000000000000000000 ) ) ;
#3457 = AXIS2_PLACEMENT_3D ( 'NONE', #4786, #1800, #3273 ) ;
#3458 = ORIENTED_EDGE ( 'NONE', *, *, #1122, .F. ) ;
#3459 = EDGE_CURVE ( 'NONE', #1694, #1153, #3617, .T. ) ;
#3460 = PLANE ( 'NONE',  #2076 ) ;
#3461 = FACE_OUTER_BOUND ( 'NONE', #3665, .T. ) ;
#3462 = VECTOR ( 'NONE', #3797, 1000.000000000000000 ) ;
#3463 = EDGE_CURVE ( 'NONE', #3561, #948, #4755, .T. ) ;
#3464 = ORIENTED_EDGE ( 'NONE', *, *, #459, .T. ) ;
#3465 = FACE_BOUND ( 'NONE', #3187, .T. ) ;
#3466 = CARTESIAN_POINT ( 'NONE',  ( 7.247194768637999829, 6.641250457333000234, -0.5250000000000000222 ) ) ;
#3467 = LINE ( 'NONE', #3896, #3309 ) ;
#3468 = CARTESIAN_POINT ( 'NONE',  ( 7.000000000000000000, 3.299999999999999822, -6.000000000000000000 ) ) ;
#3469 = AXIS2_PLACEMENT_3D ( 'NONE', #656, #3259, #4741 ) ;
#3470 = ADVANCED_FACE ( 'NONE', ( #4710 ), #1745, .F. ) ;
#3471 = ORIENTED_EDGE ( 'NONE', *, *, #746, .F. ) ;
#3472 = ORIENTED_EDGE ( 'NONE', *, *, #906, .T. ) ;
#3473 = CARTESIAN_POINT ( 'NONE',  ( 7.000000000000000000, 6.970537156019000591, -5.525000000000000355 ) ) ;
#3474 = DIRECTION ( 'NONE',  ( 0.0000000000000000000, 1.000000000000000000, 0.0000000000000000000 ) ) ;
#3475 = ORIENTED_EDGE ( 'NONE', *, *, #3718, .T. ) ;
#3476 = ORIENTED_EDGE ( 'NONE', *, *, #4807, .F. ) ;
#3477 = EDGE_CURVE ( 'NONE', #2477, #1178, #4416, .T. ) ;
#3478 = DIRECTION ( 'NONE',  ( 1.000000000000000000, 0.0000000000000000000, 0.0000000000000000000 ) ) ;
#3479 = LINE ( 'NONE', #2955, #4555 ) ;
#3480 = CARTESIAN_POINT ( 'NONE',  ( 3.827441357045000103, 3.557992001945999405, -8.525000000000000355 ) ) ;
#3481 = EDGE_LOOP ( 'NONE', ( #1656, #1944, #163, #3434, #4709 ) ) ;
#3482 = DIRECTION ( 'NONE',  ( 0.0000000000000000000, 1.000000000000000000, 0.0000000000000000000 ) ) ;
#3483 = DIRECTION ( 'NONE',  ( 0.0000000000000000000, -1.000000000000000000, 0.0000000000000000000 ) ) ;
#3484 = ADVANCED_FACE ( 'NONE', ( #2943 ), #4392, .T. ) ;
#3485 = ORIENTED_EDGE ( 'NONE', *, *, #702, .F. ) ;
#3486 = EDGE_CURVE ( 'NONE', #1575, #4467, #2135, .T. ) ;
#3487 = DIRECTION ( 'NONE',  ( 0.0000000000000000000, 1.000000000000000000, 0.0000000000000000000 ) ) ;
#3488 = DIRECTION ( 'NONE',  ( 0.0000000000000000000, 0.0000000000000000000, 1.000000000000000000 ) ) ;
#3489 = CARTESIAN_POINT ( 'NONE',  ( 2.800870738470000010, 3.691274969103000014, -8.525000000000000355 ) ) ;
#3490 = CARTESIAN_POINT ( 'NONE',  ( 9.000000000000000000, 0.9000000000000000222, -8.099999999999999645 ) ) ;
#3491 = ORIENTED_EDGE ( 'NONE', *, *, #3530, .F. ) ;
#3492 = VERTEX_POINT ( 'NONE', #327 ) ;
#3493 = EDGE_CURVE ( 'NONE', #2179, #2110, #4220, .T. ) ;
#3494 = DIRECTION ( 'NONE',  ( 0.0000000000000000000, 0.0000000000000000000, 1.000000000000000000 ) ) ;
#3495 = PERSON_AND_ORGANIZATION ( #502, #4797 ) ;
#3496 = FACE_BOUND ( 'NONE', #3452, .T. ) ;
#3497 = ADVANCED_FACE ( 'NONE', ( #2216 ), #1823, .F. ) ;
#3498 = ORIENTED_EDGE ( 'NONE', *, *, #2499, .F. ) ;
#3499 = VERTEX_POINT ( 'NONE', #1010 ) ;
#3500 = DIRECTION ( 'NONE',  ( 0.0000000000000000000, 1.000000000000000000, 0.0000000000000000000 ) ) ;
#3501 = DIRECTION ( 'NONE',  ( 0.0000000000000000000, 0.0000000000000000000, -1.000000000000000000 ) ) ;
#3502 = CARTESIAN_POINT ( 'NONE',  ( 7.000000000000000000, 6.970537156019000591, -9.475000000000001421 ) ) ;
#3503 = ADVANCED_FACE ( 'NONE', ( #1455 ), #3956, .T. ) ;
#3504 = VERTEX_POINT ( 'NONE', #2479 ) ;
#3505 = CARTESIAN_POINT ( 'NONE',  ( 9.000000000000000000, 8.000000000000000000, 0.0000000000000000000 ) ) ;
#3506 = CARTESIAN_POINT ( 'NONE',  ( 9.000000000000000000, 0.9000000000000000222, -4.549999999999999822 ) ) ;
#3507 = ORIENTED_EDGE ( 'NONE', *, *, #1533, .T. ) ;
#3508 = DIRECTION ( 'NONE',  ( -1.000000000000000000, 0.0000000000000000000, 0.0000000000000000000 ) ) ;
#3509 = DIRECTION ( 'NONE',  ( 0.0000000000000000000, 1.000000000000000000, 0.0000000000000000000 ) ) ;
#3510 = DIRECTION ( 'NONE',  ( -1.000000000000000000, 0.0000000000000000000, 0.0000000000000000000 ) ) ;
#3511 = ORIENTED_EDGE ( 'NONE', *, *, #1721, .T. ) ;
#3512 = ORIENTED_EDGE ( 'NONE', *, *, #1703, .T. ) ;
#3513 = CARTESIAN_POINT ( 'NONE',  ( 5.400000000000000355, 10.20000000000000107, -2.149999999999999911 ) ) ;
#3514 = MECHANICAL_CONTEXT ( 'NONE', #1446, 'mechanical' ) ;
#3515 = EDGE_CURVE ( 'NONE', #2711, #1047, #619, .T. ) ;
#3516 = DIRECTION ( 'NONE',  ( -0.1031261433326042115, 0.9946682856919401017, 0.0000000000000000000 ) ) ;
#3517 = CIRCLE ( 'NONE', #2213, 1.899999999999999911 ) ;
#3518 = EDGE_CURVE ( 'NONE', #1162, #3799, #1378, .T. ) ;
#3519 = VERTEX_POINT ( 'NONE', #2643 ) ;
#3520 = CIRCLE ( 'NONE', #1672, 1.000000000000000222 ) ;
#3521 = ORIENTED_EDGE ( 'NONE', *, *, #3967, .F. ) ;
#3522 = VECTOR ( 'NONE', #3274, 1000.000000000000000 ) ;
#3523 = LINE ( 'NONE', #3595, #3913 ) ;
#3524 = DIRECTION ( 'NONE',  ( 0.0000000000000000000, -1.000000000000000000, 0.0000000000000000000 ) ) ;
#3525 = LINE ( 'NONE', #486, #809 ) ;
#3526 = AXIS2_PLACEMENT_3D ( 'NONE', #2695, #4168, #3347 ) ;
#3527 = AXIS2_PLACEMENT_3D ( 'NONE', #352, #1849, #245 ) ;
#3528 = ORIENTED_EDGE ( 'NONE', *, *, #2333, .T. ) ;
#3529 = VERTEX_POINT ( 'NONE', #3753 ) ;
#3530 = EDGE_CURVE ( 'NONE', #972, #1162, #1914, .T. ) ;
#3531 = DESIGN_CONTEXT ( 'detailed design', #3024, 'design' ) ;
#3532 = CIRCLE ( 'NONE', #1746, 0.1999999999999999833 ) ;
#3533 = AXIS2_PLACEMENT_3D ( 'NONE', #2027, #2417, #875 ) ;
#3534 = CARTESIAN_POINT ( 'NONE',  ( 2.800870738470000010, 3.691274969103000014, -1.474999999999999867 ) ) ;
#3535 = PLANE ( 'NONE',  #3216 ) ;
#3536 = AXIS2_PLACEMENT_3D ( 'NONE', #1285, #988, #2456 ) ;
#3537 = AXIS2_PLACEMENT_3D ( 'NONE', #1292, #3163, #2709 ) ;
#3538 = EDGE_CURVE ( 'NONE', #2439, #3430, #3733, .T. ) ;
#3539 = EDGE_LOOP ( 'NONE', ( #3262, #992, #3102, #2728 ) ) ;
#3540 = CARTESIAN_POINT ( 'NONE',  ( 7.519999999999999574, 4.009999999999999787, -4.474999999999999645 ) ) ;
#3541 = VECTOR ( 'NONE', #4141, 1000.000000000000000 ) ;
#3542 = ADVANCED_FACE ( 'NONE', ( #4097 ), #1478, .T. ) ;
#3543 = DIRECTION ( 'NONE',  ( 0.0000000000000000000, 1.000000000000000000, 0.0000000000000000000 ) ) ;
#3544 = DIRECTION ( 'NONE',  ( 0.0000000000000000000, 0.0000000000000000000, -1.000000000000000000 ) ) ;
#3545 = ORIENTED_EDGE ( 'NONE', *, *, #1340, .T. ) ;
#3546 = ORIENTED_EDGE ( 'NONE', *, *, #573, .F. ) ;
#3547 = CARTESIAN_POINT ( 'NONE',  ( 0.0000000000000000000, 9.500000000000000000, -2.500000000000000000 ) ) ;
#3548 = APPLICATION_PROTOCOL_DEFINITION ( 'international standard', 'config_control_design', 1994, #3024 ) ;
#3549 = PLANE ( 'NONE',  #2593 ) ;
#3550 = AXIS2_PLACEMENT_3D ( 'NONE', #2185, #3193, #4672 ) ;
#3551 = ORIENTED_EDGE ( 'NONE', *, *, #2231, .F. ) ;
#3552 = ORIENTED_EDGE ( 'NONE', *, *, #2659, .T. ) ;
#3553 = DIRECTION ( 'NONE',  ( -0.1031261433326042115, 0.9946682856919401017, 0.0000000000000000000 ) ) ;
#3554 = CARTESIAN_POINT ( 'NONE',  ( 5.000000000000000000, 0.9000000000000000222, -2.000000000000000000 ) ) ;
#3555 = EDGE_CURVE ( 'NONE', #3954, #4665, #55, .T. ) ;
#3556 = DIRECTION ( 'NONE',  ( 0.0000000000000000000, -1.000000000000000000, 0.0000000000000000000 ) ) ;
#3557 = ORIENTED_EDGE ( 'NONE', *, *, #849, .T. ) ;
#3558 = ORIENTED_EDGE ( 'NONE', *, *, #847, .T. ) ;
#3559 = DIRECTION ( 'NONE',  ( 0.0000000000000000000, 0.0000000000000000000, -1.000000000000000000 ) ) ;
#3560 = CARTESIAN_POINT ( 'NONE',  ( 3.792503112120999997, 3.754916655155000171, -8.525000000000000355 ) ) ;
#3561 = VERTEX_POINT ( 'NONE', #76 ) ;
#3562 = DIRECTION ( 'NONE',  ( 0.0000000000000000000, 0.0000000000000000000, -1.000000000000000000 ) ) ;
#3563 = CARTESIAN_POINT ( 'NONE',  ( 9.000000000000000000, 0.0000000000000000000, -6.899999999999999467 ) ) ;
#3564 = LINE ( 'NONE', #224, #4452 ) ;
#3565 = EDGE_CURVE ( 'NONE', #267, #966, #1890, .T. ) ;
#3566 = ORIENTED_EDGE ( 'NONE', *, *, #870, .T. ) ;
#3567 = ORIENTED_EDGE ( 'NONE', *, *, #3783, .T. ) ;
#3568 = FACE_OUTER_BOUND ( 'NONE', #1925, .T. ) ;
#3569 = CYLINDRICAL_SURFACE ( 'NONE', #2289, 1.000000000000000888 ) ;
#3570 = ORIENTED_EDGE ( 'NONE', *, *, #1259, .F. ) ;
#3571 = EDGE_LOOP ( 'NONE', ( #3212, #2507, #45, #148 ) ) ;
#3572 = DIRECTION ( 'NONE',  ( 0.0000000000000000000, 1.000000000000000000, 0.0000000000000000000 ) ) ;
#3573 = DIRECTION ( 'NONE',  ( 0.4363252738282898946, 0.0000000000000000000, 0.8997890060556796854 ) ) ;
#3574 = CARTESIAN_POINT ( 'NONE',  ( 5.400000000000000355, 10.20000000000000107, -2.850000000000000089 ) ) ;
#3575 = EDGE_CURVE ( 'NONE', #4007, #1502, #4294, .T. ) ;
#3576 = ORIENTED_EDGE ( 'NONE', *, *, #1494, .T. ) ;
#3577 = ORIENTED_EDGE ( 'NONE', *, *, #1071, .T. ) ;
#3578 = DIRECTION ( 'NONE',  ( 0.0000000000000000000, 0.0000000000000000000, -1.000000000000000000 ) ) ;
#3579 = CARTESIAN_POINT ( 'NONE',  ( 5.396862696660000402, 0.9000000000000000222, -7.950000000000000178 ) ) ;
#3580 = EDGE_CURVE ( 'NONE', #984, #2501, #4530, .T. ) ;
#3581 = DIRECTION ( 'NONE',  ( -0.1031261433326042115, 0.9946682856919401017, 0.0000000000000000000 ) ) ;
#3582 = EDGE_CURVE ( 'NONE', #680, #4265, #3006, .T. ) ;
#3583 = EDGE_LOOP ( 'NONE', ( #1366, #3160, #2104, #3552, #914, #249 ) ) ;
#3584 = DIRECTION ( 'NONE',  ( 0.0000000000000000000, 1.000000000000000000, 0.0000000000000000000 ) ) ;
#3585 = CARTESIAN_POINT ( 'NONE',  ( 2.700000000000000178, 0.0000000000000000000, -7.500000000000000000 ) ) ;
#3586 = PLANE ( 'NONE',  #3527 ) ;
#3587 = ORIENTED_EDGE ( 'NONE', *, *, #4321, .T. ) ;
#3588 = VERTEX_POINT ( 'NONE', #4810 ) ;
#3589 = FACE_OUTER_BOUND ( 'NONE', #3927, .T. ) ;
#3590 = LINE ( 'NONE', #3957, #3601 ) ;
#3591 = CYLINDRICAL_SURFACE ( 'NONE', #1676, 0.1999999999999999833 ) ;
#3592 = DIRECTION ( 'NONE',  ( 0.0000000000000000000, 0.0000000000000000000, -1.000000000000000000 ) ) ;
#3593 = ORIENTED_EDGE ( 'NONE', *, *, #3486, .T. ) ;
#3594 = ORIENTED_EDGE ( 'NONE', *, *, #3708, .T. ) ;
#3595 = CARTESIAN_POINT ( 'NONE',  ( 7.000000000000000000, 3.299999999999999822, -4.000000000000000000 ) ) ;
#3596 = PLANE ( 'NONE',  #281 ) ;
#3597 = LINE ( 'NONE', #3942, #2908 ) ;
#3598 = VECTOR ( 'NONE', #527, 1000.000000000000000 ) ;
#3599 = VERTEX_POINT ( 'NONE', #1133 ) ;
#3600 = ORIENTED_EDGE ( 'NONE', *, *, #3388, .F. ) ;
#3601 = VECTOR ( 'NONE', #4341, 1000.000000000000227 ) ;
#3602 = FACE_OUTER_BOUND ( 'NONE', #1460, .T. ) ;
#3603 = AXIS2_PLACEMENT_3D ( 'NONE', #2357, #1336, #3822 ) ;
#3604 = DIRECTION ( 'NONE',  ( 0.0000000000000000000, 0.0000000000000000000, -1.000000000000000000 ) ) ;
#3605 = PLANE ( 'NONE',  #1909 ) ;
#3606 = CONICAL_SURFACE ( 'NONE', #24, 1.950000000000000400, 0.7853981633972997312 ) ;
#3607 = CIRCLE ( 'NONE', #1200, 0.1999999999999999556 ) ;
#3608 = ORIENTED_EDGE ( 'NONE', *, *, #3580, .F. ) ;
#3609 = CARTESIAN_POINT ( 'NONE',  ( 5.400000000000000355, 11.09999999999999964, -7.849999999999999645 ) ) ;
#3610 = CARTESIAN_POINT ( 'NONE',  ( 2.305000000000000160, 9.000000000000000000, -10.00000000000000000 ) ) ;
#3611 = ADVANCED_FACE ( 'NONE', ( #4484 ), #3779, .F. ) ;
#3612 = CARTESIAN_POINT ( 'NONE',  ( 7.000000000000000000, 3.299999999999999822, -9.000000000000000000 ) ) ;
#3613 = VECTOR ( 'NONE', #83, 1000.000000000000000 ) ;
#3614 = ORIENTED_EDGE ( 'NONE', *, *, #3164, .F. ) ;
#3615 = AXIS2_PLACEMENT_3D ( 'NONE', #1963, #750, #3047 ) ;
#3616 = ORIENTED_EDGE ( 'NONE', *, *, #3493, .T. ) ;
#3617 = LINE ( 'NONE', #1798, #1268 ) ;
#3618 = CARTESIAN_POINT ( 'NONE',  ( 9.000000000000000000, 0.9000000000000000222, -8.099999999999999645 ) ) ;
#3619 = CARTESIAN_POINT ( 'NONE',  ( 7.282694772608999223, 4.359474755383999423, -6.474999999999999645 ) ) ;
#3620 = VECTOR ( 'NONE', #392, 1000.000000000000000 ) ;
#3621 = VERTEX_POINT ( 'NONE', #1940 ) ;
#3622 = ORIENTED_EDGE ( 'NONE', *, *, #4335, .F. ) ;
#3623 = CARTESIAN_POINT ( 'NONE',  ( 3.765061755076000161, 3.546924653208999967, -4.474999999999999645 ) ) ;
#3624 = LINE ( 'NONE', #1464, #2242 ) ;
#3625 = AXIS2_PLACEMENT_3D ( 'NONE', #4060, #3279, #3308 ) ;
#3626 = DIRECTION ( 'NONE',  ( 0.0000000000000000000, -1.000000000000000000, 0.0000000000000000000 ) ) ;
#3627 = ORIENTED_EDGE ( 'NONE', *, *, #2919, .T. ) ;
#3628 = AXIS2_PLACEMENT_3D ( 'NONE', #3740, #3055, #40 ) ;
#3629 = ADVANCED_FACE ( 'NONE', ( #3046 ), #748, .F. ) ;
#3630 = VERTEX_POINT ( 'NONE', #4 ) ;
#3631 = DIRECTION ( 'NONE',  ( 1.000000000000000000, 0.0000000000000000000, 0.0000000000000000000 ) ) ;
#3632 = DIRECTION ( 'NONE',  ( 0.0000000000000000000, 0.0000000000000000000, 1.000000000000000000 ) ) ;
#3633 = CARTESIAN_POINT ( 'NONE',  ( 5.000000000000000000, 9.500000000000000000, -7.500000000000000000 ) ) ;
#3634 = CARTESIAN_POINT ( 'NONE',  ( 2.449999999999999734, 12.50000000000000000, -2.944623870792000275 ) ) ;
#3635 = CARTESIAN_POINT ( 'NONE',  ( 1.554282626315000027, 12.50000000000000000, -7.500000000000000000 ) ) ;
#3636 = LINE ( 'NONE', #3224, #2374 ) ;
#3637 = EDGE_CURVE ( 'NONE', #4108, #827, #337, .T. ) ;
#3638 = VERTEX_POINT ( 'NONE', #838 ) ;
#3639 = ORIENTED_EDGE ( 'NONE', *, *, #4663, .F. ) ;
#3640 = CARTESIAN_POINT ( 'NONE',  ( 4.599999999999999645, 11.09999999999999964, -3.799846144742000220 ) ) ;
#3641 = DIRECTION ( 'NONE',  ( 0.4363252738282898946, 0.0000000000000000000, -0.8997890060556796854 ) ) ;
#3642 = DIRECTION ( 'NONE',  ( 0.9946682856919404347, 0.1031261433326021298, 0.0000000000000000000 ) ) ;
#3643 = FACE_OUTER_BOUND ( 'NONE', #389, .T. ) ;
#3644 = EDGE_LOOP ( 'NONE', ( #3960, #4374, #2031, #3880, #843, #3358, #3845, #2024 ) ) ;
#3645 = EDGE_CURVE ( 'NONE', #1502, #1664, #379, .T. ) ;
#3646 = EDGE_LOOP ( 'NONE', ( #4717, #14 ) ) ;
#3647 = CARTESIAN_POINT ( 'NONE',  ( 4.599999999999999645, 10.20000000000000107, -4.418749592834000595 ) ) ;
#3648 = DIRECTION ( 'NONE',  ( 0.0000000000000000000, 0.0000000000000000000, -1.000000000000000000 ) ) ;
#3649 = LINE ( 'NONE', #1161, #189 ) ;
#3650 = ORIENTED_EDGE ( 'NONE', *, *, #993, .F. ) ;
#3651 = ORIENTED_EDGE ( 'NONE', *, *, #724, .F. ) ;
#3652 = CARTESIAN_POINT ( 'NONE',  ( 5.396862696660000402, 0.0000000000000000000, -7.049999999999999822 ) ) ;
#3653 = DIRECTION ( 'NONE',  ( 0.0000000000000000000, 1.000000000000000000, 0.0000000000000000000 ) ) ;
#3654 = LINE ( 'NONE', #4332, #2533 ) ;
#3655 = ADVANCED_FACE ( 'NONE', ( #1496 ), #358, .T. ) ;
#3656 = DIRECTION ( 'NONE',  ( 0.0000000000000000000, -1.000000000000000000, 0.0000000000000000000 ) ) ;
#3657 = CARTESIAN_POINT ( 'NONE',  ( 9.000000000000000000, 0.0000000000000000000, -6.899999999999999467 ) ) ;
#3658 = CARTESIAN_POINT ( 'NONE',  ( 5.400000000000000355, 11.09999999999999964, -7.150000000000000355 ) ) ;
#3659 = ORIENTED_EDGE ( 'NONE', *, *, #2375, .T. ) ;
#3660 = EDGE_LOOP ( 'NONE', ( #2623, #4694, #1075, #3558 ) ) ;
#3661 = DIRECTION ( 'NONE',  ( 0.0000000000000000000, 1.000000000000000000, 0.0000000000000000000 ) ) ;
#3662 = CARTESIAN_POINT ( 'NONE',  ( 7.153637605319000059, 3.945000220299000215, -3.524999999999999911 ) ) ;
#3663 = CARTESIAN_POINT ( 'NONE',  ( 7.000000000000000000, 3.299999999999999822, -7.500000000000000000 ) ) ;
#3664 = CARTESIAN_POINT ( 'NONE',  ( 7.000000000000000000, 0.9000000000000000222, -8.016739226194998125 ) ) ;
#3665 = EDGE_LOOP ( 'NONE', ( #2742, #1996, #1310, #3165 ) ) ;
#3666 = VERTEX_POINT ( 'NONE', #2979 ) ;
#3667 = ADVANCED_FACE ( 'NONE', ( #3602 ), #2715, .T. ) ;
#3668 = DIRECTION ( 'NONE',  ( 0.0000000000000000000, -1.000000000000000000, 0.0000000000000000000 ) ) ;
#3669 = DIRECTION ( 'NONE',  ( 0.09324284527829096447, -0.8993422818777098149, 0.4271875838919043100 ) ) ;
#3670 = EDGE_CURVE ( 'NONE', #2855, #2512, #632, .T. ) ;
#3671 = CARTESIAN_POINT ( 'NONE',  ( 7.247194768637999829, 6.641250457333000234, -5.525000000000000355 ) ) ;
#3672 = VERTEX_POINT ( 'NONE', #1763 ) ;
#3673 = EDGE_LOOP ( 'NONE', ( #2959, #796, #1717, #1288 ) ) ;
#3674 = UNCERTAINTY_MEASURE_WITH_UNIT (LENGTH_MEASURE( 1.000000000000000082E-05 ), #2991, 'distance_accuracy_value', 'NONE');
#3675 = PLANE ( 'NONE',  #2438 ) ;
#3676 = CARTESIAN_POINT ( 'NONE',  ( 7.261839464882999806, 6.500000000000000000, -5.525000000000000355 ) ) ;
#3677 = EDGE_CURVE ( 'NONE', #4163, #860, #3214, .T. ) ;
#3678 = AXIS2_PLACEMENT_3D ( 'NONE', #2882, #4352, #217 ) ;
#3679 = VECTOR ( 'NONE', #1640, 1000.000000000000000 ) ;
#3680 = FACE_OUTER_BOUND ( 'NONE', #2215, .T. ) ;
#3681 = CYLINDRICAL_SURFACE ( 'NONE', #2233, 1.959999999999999964 ) ;
#3682 = CARTESIAN_POINT ( 'NONE',  ( 4.599999999999999645, 11.09999999999999964, -8.799846144742000220 ) ) ;
#3683 = CIRCLE ( 'NONE', #3450, 0.4999999999999995559 ) ;
#3684 = EDGE_CURVE ( 'NONE', #3983, #3870, #1390, .T. ) ;
#3685 = ORIENTED_EDGE ( 'NONE', *, *, #1911, .T. ) ;
#3686 = EDGE_CURVE ( 'NONE', #2439, #3915, #4526, .T. ) ;
#3687 = ORIENTED_EDGE ( 'NONE', *, *, #4101, .T. ) ;
#3688 = CARTESIAN_POINT ( 'NONE',  ( 0.0000000000000000000, 7.000000000000000000, -2.500000000000000000 ) ) ;
#3689 = CARTESIAN_POINT ( 'NONE',  ( 5.399514552766626174, 10.83964185394132862, -4.336196539387854543 ) ) ;
#3690 = VECTOR ( 'NONE', #3931, 999.9999999999998863 ) ;
#3691 = DIRECTION ( 'NONE',  ( -0.04405420800635033440, 0.4249099417386031918, -0.9041630207925063223 ) ) ;
#3692 = DIRECTION ( 'NONE',  ( -1.000000000000000000, 0.0000000000000000000, 0.0000000000000000000 ) ) ;
#3693 = CIRCLE ( 'NONE', #193, 0.3999999999999998557 ) ;
#3694 = ORIENTED_EDGE ( 'NONE', *, *, #693, .T. ) ;
#3695 = VERTEX_POINT ( 'NONE', #2736 ) ;
#3696 = CARTESIAN_POINT ( 'NONE',  ( 1.554282626315000027, 12.50000000000000000, -2.500000000000000000 ) ) ;
#3697 = DIRECTION ( 'NONE',  ( 0.0000000000000000000, 0.0000000000000000000, 1.000000000000000000 ) ) ;
#3698 = VECTOR ( 'NONE', #491, 1000.000000000000114 ) ;
#3699 = DIRECTION ( 'NONE',  ( 0.0000000000000000000, 1.000000000000000000, 0.0000000000000000000 ) ) ;
#3700 = ORIENTED_EDGE ( 'NONE', *, *, #1761, .F. ) ;
#3701 = VECTOR ( 'NONE', #2733, 1000.000000000000000 ) ;
#3702 = EDGE_LOOP ( 'NONE', ( #248, #3017, #2602, #3567, #1102, #733, #644, #2634, #3042, #4414, #3306, #113, #214, #1677 ) ) ;
#3703 = ADVANCED_FACE ( 'NONE', ( #4724, #885, #3946 ), #2827, .T. ) ;
#3704 = LINE ( 'NONE', #687, #2912 ) ;
#3705 = DIRECTION ( 'NONE',  ( 0.0000000000000000000, -1.000000000000000000, 0.0000000000000000000 ) ) ;
#3706 = DIRECTION ( 'NONE',  ( 0.09324284527829096447, -0.8993422818777098149, 0.4271875838919043100 ) ) ;
#3707 = VECTOR ( 'NONE', #4183, 1000.000000000000000 ) ;
#3708 = EDGE_CURVE ( 'NONE', #3732, #2345, #3800, .T. ) ;
#3709 = LOCAL_TIME ( 0, 32, 55.00000000000000000, #4527 ) ;
#3710 = LINE ( 'NONE', #375, #3620 ) ;
#3711 = CARTESIAN_POINT ( 'NONE',  ( 7.450000000000000178, 12.50000000000000000, 0.0000000000000000000 ) ) ;
#3712 = ADVANCED_FACE ( 'NONE', ( #270 ), #472, .F. ) ;
#3713 = ORIENTED_EDGE ( 'NONE', *, *, #2352, .F. ) ;
#3714 = DIRECTION ( 'NONE',  ( 0.0000000000000000000, 0.0000000000000000000, 1.000000000000000000 ) ) ;
#3715 = CARTESIAN_POINT ( 'NONE',  ( 2.773245919519999880, 3.493191983014000357, -8.525000000000000355 ) ) ;
#3716 = LINE ( 'NONE', #678, #2751 ) ;
#3717 = CIRCLE ( 'NONE', #4759, 1.899999999999999911 ) ;
#3718 = EDGE_CURVE ( 'NONE', #1483, #317, #524, .T. ) ;
#3719 = ORIENTED_EDGE ( 'NONE', *, *, #3843, .F. ) ;
#3720 = ORIENTED_EDGE ( 'NONE', *, *, #2284, .F. ) ;
#3721 = CARTESIAN_POINT ( 'NONE',  ( 1.065031649091999988, 0.0000000000000000000, 0.4845512089258000032 ) ) ;
#3722 = CARTESIAN_POINT ( 'NONE',  ( 5.000000000000000000, 11.67679491923999890, -0.5000000000000000000 ) ) ;
#3723 = CARTESIAN_POINT ( 'NONE',  ( 4.599999999999999645, 10.20000000000000107, -7.150000000000000355 ) ) ;
#3724 = EDGE_LOOP ( 'NONE', ( #199, #1109, #1897, #1422 ) ) ;
#3725 = VERTEX_POINT ( 'NONE', #3075 ) ;
#3726 = ADVANCED_FACE ( 'NONE', ( #4560, #3465 ), #3188, .T. ) ;
#3727 = DIRECTION ( 'NONE',  ( 0.0000000000000000000, 1.000000000000000000, 0.0000000000000000000 ) ) ;
#3728 = ADVANCED_FACE ( 'NONE', ( #238 ), #3213, .F. ) ;
#3729 = CARTESIAN_POINT ( 'NONE',  ( 7.481628429746999487, 4.380099984049999229, -1.474999999999999867 ) ) ;
#3730 = PLANE ( 'NONE',  #2224 ) ;
#3731 = EDGE_CURVE ( 'NONE', #2427, #4007, #956, .T. ) ;
#3732 = VERTEX_POINT ( 'NONE', #2469 ) ;
#3733 = LINE ( 'NONE', #1919, #3831 ) ;
#3734 = DIRECTION ( 'NONE',  ( 0.0000000000000000000, 1.000000000000000000, 0.0000000000000000000 ) ) ;
#3735 = DIRECTION ( 'NONE',  ( 1.000000000000000000, 0.0000000000000000000, 0.0000000000000000000 ) ) ;
#3736 = CARTESIAN_POINT ( 'NONE',  ( 0.0000000000000000000, 12.50000000000000000, 0.0000000000000000000 ) ) ;
#3737 = ORIENTED_EDGE ( 'NONE', *, *, #2840, .F. ) ;
#3738 = ORIENTED_EDGE ( 'NONE', *, *, #3173, .T. ) ;
#3739 = DIRECTION ( 'NONE',  ( 0.0000000000000000000, -1.000000000000000000, 0.0000000000000000000 ) ) ;
#3740 = CARTESIAN_POINT ( 'NONE',  ( 5.000000000000000000, 11.86339745961999981, -2.500000000000000000 ) ) ;
#3741 = DIRECTION ( 'NONE',  ( 0.0000000000000000000, 1.000000000000000000, 0.0000000000000000000 ) ) ;
#3742 = VERTEX_POINT ( 'NONE', #2858 ) ;
#3743 = ORIENTED_EDGE ( 'NONE', *, *, #2377, .F. ) ;
#3744 = DIRECTION ( 'NONE',  ( -0.9946682856919401017, -0.1031261433326042115, 0.0000000000000000000 ) ) ;
#3745 = PLANE ( 'NONE',  #3836 ) ;
#3746 = CARTESIAN_POINT ( 'NONE',  ( 2.700000000000000178, 3.299999999999999822, -7.500000000000000000 ) ) ;
#3747 = CIRCLE ( 'NONE', #1501, 2.000000000000000000 ) ;
#3748 = LINE ( 'NONE', #3711, #1355 ) ;
#3749 = EDGE_CURVE ( 'NONE', #3443, #851, #4699, .T. ) ;
#3750 = AXIS2_PLACEMENT_3D ( 'NONE', #4033, #1403, #1876 ) ;
#3751 = VERTEX_POINT ( 'NONE', #3098 ) ;
#3752 = EDGE_CURVE ( 'NONE', #1169, #4201, #1250, .T. ) ;
#3753 = CARTESIAN_POINT ( 'NONE',  ( 5.400000000000000355, 10.20000000000000107, -7.150000000000000355 ) ) ;
#3754 = VECTOR ( 'NONE', #4437, 1000.000000000000000 ) ;
#3755 = LINE ( 'NONE', #78, #819 ) ;
#3756 = DIRECTION ( 'NONE',  ( 0.0000000000000000000, 0.0000000000000000000, -1.000000000000000000 ) ) ;
#3757 = VECTOR ( 'NONE', #3631, 1000.000000000000000 ) ;
#3758 = EDGE_LOOP ( 'NONE', ( #4754, #3281, #465, #2648 ) ) ;
#3759 = ORIENTED_EDGE ( 'NONE', *, *, #4619, .F. ) ;
#3760 = VECTOR ( 'NONE', #3389, 1000.000000000000000 ) ;
#3761 = CARTESIAN_POINT ( 'NONE',  ( 5.000000000000000000, 12.50000000000000000, -9.500000000000000000 ) ) ;
#3762 = LINE ( 'NONE', #84, #4557 ) ;
#3763 = DIRECTION ( 'NONE',  ( 0.0000000000000000000, 1.000000000000000000, 0.0000000000000000000 ) ) ;
#3764 = AXIS2_PLACEMENT_3D ( 'NONE', #313, #704, #1806 ) ;
#3765 = AXIS2_PLACEMENT_3D ( 'NONE', #2502, #1031, #697 ) ;
#3766 = ORIENTED_EDGE ( 'NONE', *, *, #3423, .T. ) ;
#3767 = VERTEX_POINT ( 'NONE', #1000 ) ;
#3768 = CIRCLE ( 'NONE', #3071, 1.000000000000000222 ) ;
#3769 = DIRECTION ( 'NONE',  ( 0.0000000000000000000, 1.000000000000000000, 0.0000000000000000000 ) ) ;
#3770 = CARTESIAN_POINT ( 'NONE',  ( 5.396862696660000402, 0.9000000000000000222, -7.950000000000000178 ) ) ;
#3771 = LINE ( 'NONE', #443, #349 ) ;
#3772 = ADVANCED_FACE ( 'NONE', ( #2491 ), #3968, .F. ) ;
#3773 = ORIENTED_EDGE ( 'NONE', *, *, #4380, .T. ) ;
#3774 = CARTESIAN_POINT ( 'NONE',  ( 7.261839464882999806, 6.500000000000000000, -4.474999999999999645 ) ) ;
#3776 = DIRECTION ( 'NONE',  ( 0.0000000000000000000, 0.0000000000000000000, -1.000000000000000000 ) ) ;
#3775 = VECTOR ( 'NONE', #2560, 1000.000000000000114 ) ;
#3777 = LOCAL_TIME ( 0, 32, 55.00000000000000000, #2813 ) ;
#3778 = ORIENTED_EDGE ( 'NONE', *, *, #1071, .F. ) ;
#3779 = PLANE ( 'NONE',  #652 ) ;
#3780 = DIRECTION ( 'NONE',  ( 0.9946682856919381033, 0.1031261433326250143, 0.0000000000000000000 ) ) ;
#3781 = CYLINDRICAL_SURFACE ( 'NONE', #2152, 1.000000000000000000 ) ;
#3782 = LINE ( 'NONE', #1566, #1975 ) ;
#3783 = EDGE_CURVE ( 'NONE', #3529, #4281, #2972, .T. ) ;
#3784 = ORIENTED_EDGE ( 'NONE', *, *, #1711, .T. ) ;
#3785 = VERTEX_POINT ( 'NONE', #4021 ) ;
#3786 = LINE ( 'NONE', #9, #1670 ) ;
#3787 = LINE ( 'NONE', #1180, #2161 ) ;
#3788 = CARTESIAN_POINT ( 'NONE',  ( 5.000000000000000000, 9.500000000000000000, -2.500000000000000000 ) ) ;
#3789 = EDGE_CURVE ( 'NONE', #4107, #3936, #2930, .T. ) ;
#3790 = ORIENTED_EDGE ( 'NONE', *, *, #4285, .F. ) ;
#3791 = ORIENTED_EDGE ( 'NONE', *, *, #2681, .F. ) ;
#3792 = FACE_OUTER_BOUND ( 'NONE', #3539, .T. ) ;
#3793 = DIRECTION ( 'NONE',  ( 0.0000000000000000000, 1.000000000000000000, 0.0000000000000000000 ) ) ;
#3794 = CARTESIAN_POINT ( 'NONE',  ( 4.599999999999999645, 10.20000000000000107, -2.850000000000000089 ) ) ;
#3795 = VERTEX_POINT ( 'NONE', #4746 ) ;
#3796 = EDGE_CURVE ( 'NONE', #2316, #583, #2157, .T. ) ;
#3797 = DIRECTION ( 'NONE',  ( 0.0000000000000000000, 1.000000000000000000, 0.0000000000000000000 ) ) ;
#3798 = CARTESIAN_POINT ( 'NONE',  ( 7.481628429746999487, 4.380099984049999229, -3.524999999999999911 ) ) ;
#3799 = VERTEX_POINT ( 'NONE', #1441 ) ;
#3800 = LINE ( 'NONE', #3851, #1347 ) ;
#3801 = CARTESIAN_POINT ( 'NONE',  ( 1.554282626315000027, 7.000000000000000000, -2.500000000000000000 ) ) ;
#3802 = EDGE_CURVE ( 'NONE', #1935, #1951, #2219, .T. ) ;
#3803 = DIRECTION ( 'NONE',  ( 0.0000000000000000000, -1.000000000000000000, 0.0000000000000000000 ) ) ;
#3804 = CARTESIAN_POINT ( 'NONE',  ( 3.765061755076000161, 3.546924653208999967, -9.475000000000001421 ) ) ;
#3805 = VERTEX_POINT ( 'NONE', #2255 ) ;
#3806 = ORIENTED_EDGE ( 'NONE', *, *, #812, .T. ) ;
#3807 = CARTESIAN_POINT ( 'NONE',  ( 7.000000000000000000, 3.299999999999999822, -7.500000000000000000 ) ) ;
#3808 = LINE ( 'NONE', #2291, #203 ) ;
#3809 = DIRECTION ( 'NONE',  ( -0.1031261433326042115, 0.9946682856919401017, 0.0000000000000000000 ) ) ;
#3810 = ORIENTED_EDGE ( 'NONE', *, *, #2571, .T. ) ;
#3811 = ADVANCED_FACE ( 'NONE', ( #16 ), #342, .F. ) ;
#3812 = ORIENTED_EDGE ( 'NONE', *, *, #398, .T. ) ;
#3813 = CARTESIAN_POINT ( 'NONE',  ( 4.599999999999999645, 10.20000000000000107, -9.418749592834000595 ) ) ;
#3814 = DIRECTION ( 'NONE',  ( 0.0000000000000000000, 0.0000000000000000000, -1.000000000000000000 ) ) ;
#3815 = ADVANCED_FACE ( 'NONE', ( #1412 ), #1469, .F. ) ;
#3816 = CARTESIAN_POINT ( 'NONE',  ( 7.000000000000000000, 3.299999999999999822, -2.500000000000000000 ) ) ;
#3817 = VERTEX_POINT ( 'NONE', #4476 ) ;
#3818 = DIRECTION ( 'NONE',  ( 0.0000000000000000000, -1.000000000000000000, 0.0000000000000000000 ) ) ;
#3819 = CARTESIAN_POINT ( 'NONE',  ( 2.660000000000000142, 0.0000000000000000000, -9.279999999999999361 ) ) ;
#3820 = EDGE_CURVE ( 'NONE', #1261, #326, #4042, .T. ) ;
#3821 = ORIENTED_EDGE ( 'NONE', *, *, #1115, .F. ) ;
#3822 = DIRECTION ( 'NONE',  ( 0.2040816326531012248, 0.0000000000000000000, -0.9789538738948043717 ) ) ;
#3823 = CARTESIAN_POINT ( 'NONE',  ( 6.849327454361000100, 6.599999999999999645, -0.5250000000000000222 ) ) ;
#3824 = CARTESIAN_POINT ( 'NONE',  ( 7.048261111498999476, 6.620625228667000428, -9.475000000000001421 ) ) ;
#3825 = DIRECTION ( 'NONE',  ( -1.000000000000000000, 0.0000000000000000000, 0.0000000000000000000 ) ) ;
#3826 = EDGE_CURVE ( 'NONE', #3045, #4328, #4772, .T. ) ;
#3827 = AXIS2_PLACEMENT_3D ( 'NONE', #3804, #790, #4143 ) ;
#3828 = EDGE_CURVE ( 'NONE', #2179, #680, #3704, .T. ) ;
#3829 = ORIENTED_EDGE ( 'NONE', *, *, #1923, .F. ) ;
#3830 = EDGE_LOOP ( 'NONE', ( #908, #4350 ) ) ;
#3831 = VECTOR ( 'NONE', #2262, 1000.000000000000000 ) ;
#3832 = AXIS2_PLACEMENT_3D ( 'NONE', #4279, #2445, #2734 ) ;
#3833 = DIRECTION ( 'NONE',  ( 0.2941176470588076630, 0.0000000000000000000, 0.9557692240748237866 ) ) ;
#3834 = DIRECTION ( 'NONE',  ( 0.0000000000000000000, 0.0000000000000000000, -1.000000000000000000 ) ) ;
#3835 = DIRECTION ( 'NONE',  ( 0.0000000000000000000, 0.0000000000000000000, 1.000000000000000000 ) ) ;
#3836 = AXIS2_PLACEMENT_3D ( 'NONE', #413, #4498, #48 ) ;
#3837 = ORIENTED_EDGE ( 'NONE', *, *, #118, .T. ) ;
#3838 = VERTEX_POINT ( 'NONE', #1812 ) ;
#3839 = FACE_OUTER_BOUND ( 'NONE', #1015, .T. ) ;
#3840 = DIRECTION ( 'NONE',  ( 0.1746912246210922393, -0.9846232660466555098, 0.0000000000000000000 ) ) ;
#3841 = AXIS2_PLACEMENT_3D ( 'NONE', #3816, #4643, #4720 ) ;
#3842 = LINE ( 'NONE', #3137, #25 ) ;
#3843 = EDGE_CURVE ( 'NONE', #280, #3130, #663, .T. ) ;
#3844 = TOROIDAL_SURFACE ( 'NONE', #1287, 1.360000000000000098, 0.5999999999999999778 ) ;
#3845 = ORIENTED_EDGE ( 'NONE', *, *, #4770, .F. ) ;
#3846 = LINE ( 'NONE', #195, #4788 ) ;
#3847 = CARTESIAN_POINT ( 'NONE',  ( 0.0000000000000000000, 12.50000000000000000, -10.00000000000000000 ) ) ;
#3848 = CIRCLE ( 'NONE', #4627, 1.000000000000000222 ) ;
#3849 = EDGE_CURVE ( 'NONE', #3945, #1995, #1430, .T. ) ;
#3850 = ORIENTED_EDGE ( 'NONE', *, *, #3789, .F. ) ;
#3851 = CARTESIAN_POINT ( 'NONE',  ( 9.000000000000000000, 7.000000000000000000, -0.4500000000000000111 ) ) ;
#3852 = LINE ( 'NONE', #953, #1183 ) ;
#3853 = CIRCLE ( 'NONE', #1766, 1.959999999999999298 ) ;
#3854 = CARTESIAN_POINT ( 'NONE',  ( 1.554282626315000027, 12.50000000000000000, -2.500000000000000000 ) ) ;
#3855 = DIRECTION ( 'NONE',  ( 1.000000000000000000, 0.0000000000000000000, 0.0000000000000000000 ) ) ;
#3856 = EDGE_CURVE ( 'NONE', #185, #1178, #1424, .T. ) ;
#3857 = VECTOR ( 'NONE', #62, 1000.000000000000000 ) ;
#3858 = ORIENTED_EDGE ( 'NONE', *, *, #922, .T. ) ;
#3859 = EDGE_LOOP ( 'NONE', ( #2557, #1283, #3424, #2727 ) ) ;
#3860 = DIRECTION ( 'NONE',  ( 0.0000000000000000000, 1.000000000000000000, 0.0000000000000000000 ) ) ;
#3861 = PERSON_AND_ORGANIZATION ( #502, #4797 ) ;
#3862 = APPROVAL_PERSON_ORGANIZATION ( #1326, #421, #4268 ) ;
#3863 = CARTESIAN_POINT ( 'NONE',  ( 5.000000000000000000, 10.50000000000000000, -2.500000000000000000 ) ) ;
#3864 = EDGE_CURVE ( 'NONE', #2323, #3176, #1854, .T. ) ;
#3865 = ORIENTED_EDGE ( 'NONE', *, *, #786, .F. ) ;
#3866 = ORIENTED_EDGE ( 'NONE', *, *, #3103, .F. ) ;
#3867 = CARTESIAN_POINT ( 'NONE',  ( 5.000000000000000000, 11.86339745961999981, -2.500000000000000000 ) ) ;
#3868 = LINE ( 'NONE', #995, #2546 ) ;
#3869 = DIRECTION ( 'NONE',  ( 0.0000000000000000000, 0.0000000000000000000, -1.000000000000000000 ) ) ;
#3870 = VERTEX_POINT ( 'NONE', #3662 ) ;
#3871 = LINE ( 'NONE', #541, #4085 ) ;
#3872 = APPROVAL ( #2039, 'UNSPECIFIED' ) ;
#3873 = LINE ( 'NONE', #2420, #2447 ) ;
#3874 = EDGE_CURVE ( 'NONE', #3894, #1296, #4711, .T. ) ;
#3875 = ORIENTED_EDGE ( 'NONE', *, *, #891, .F. ) ;
#3876 = CARTESIAN_POINT ( 'NONE',  ( 5.396862696660000402, 0.0000000000000000000, -2.949999999999999734 ) ) ;
#3877 = CARTESIAN_POINT ( 'NONE',  ( 5.000000000000000000, 12.05000000000000071, -7.500000000000000000 ) ) ;
#3878 = ADVANCED_FACE ( 'NONE', ( #646 ), #4734, .F. ) ;
#3879 = LINE ( 'NONE', #917, #3442 ) ;
#3880 = ORIENTED_EDGE ( 'NONE', *, *, #3731, .F. ) ;
#3881 = ORIENTED_EDGE ( 'NONE', *, *, #4493, .F. ) ;
#3882 = DIRECTION ( 'NONE',  ( -0.0000000000000000000, 1.000000000000000000, 0.0000000000000000000 ) ) ;
#3883 = PERSON_AND_ORGANIZATION ( #502, #4797 ) ;
#3884 = LINE ( 'NONE', #4439, #3446 ) ;
#3885 = EDGE_CURVE ( 'NONE', #3817, #1699, #1724, .T. ) ;
#3886 = ORIENTED_EDGE ( 'NONE', *, *, #2940, .T. ) ;
#3887 = ORIENTED_EDGE ( 'NONE', *, *, #2296, .T. ) ;
#3888 = FACE_OUTER_BOUND ( 'NONE', #2195, .T. ) ;
#3889 = DIRECTION ( 'NONE',  ( 0.0000000000000000000, -1.000000000000000000, 0.0000000000000000000 ) ) ;
#3890 = LINE ( 'NONE', #2006, #2142 ) ;
#3891 = EDGE_LOOP ( 'NONE', ( #4519, #1832, #4256, #1931 ) ) ;
#3892 = LINE ( 'NONE', #4209, #3698 ) ;
#3893 = DIRECTION ( 'NONE',  ( -1.000000000000000000, 0.0000000000000000000, 0.0000000000000000000 ) ) ;
#3894 = VERTEX_POINT ( 'NONE', #620 ) ;
#3895 = DIRECTION ( 'NONE',  ( 1.000000000000000000, 0.0000000000000000000, 0.0000000000000000000 ) ) ;
#3896 = CARTESIAN_POINT ( 'NONE',  ( 4.009999999999999787, 11.09999999999999964, -7.849999999999999645 ) ) ;
#3897 = CARTESIAN_POINT ( 'NONE',  ( 9.000000000000000000, 0.0000000000000000000, -3.100000000000000089 ) ) ;
#3898 = ORIENTED_EDGE ( 'NONE', *, *, #592, .T. ) ;
#3899 = EDGE_CURVE ( 'NONE', #2791, #4655, #4680, .T. ) ;
#3900 = VERTEX_POINT ( 'NONE', #676 ) ;
#3901 = AXIS2_PLACEMENT_3D ( 'NONE', #3951, #2162, #221 ) ;
#3902 = FACE_BOUND ( 'NONE', #4443, .T. ) ;
#3903 = APPLICATION_PROTOCOL_DEFINITION ( 'international standard', 'config_control_design', 1994, #1446 ) ;
#3904 = DIRECTION ( 'NONE',  ( -0.2040816326531011693, 0.0000000000000000000, -0.9789538738948043717 ) ) ;
#3905 = CIRCLE ( 'NONE', #1894, 1.959999999999999964 ) ;
#3906 = ORIENTED_EDGE ( 'NONE', *, *, #1275, .F. ) ;
#3907 = VECTOR ( 'NONE', #986, 1000.000000000000000 ) ;
#3908 = VERTEX_POINT ( 'NONE', #2531 ) ;
#3909 = VECTOR ( 'NONE', #4244, 1000.000000000000114 ) ;
#3910 = LINE ( 'NONE', #4297, #4381 ) ;
#3911 = PLANE ( 'NONE',  #1295 ) ;
#3912 = DIRECTION ( 'NONE',  ( 0.0000000000000000000, 0.0000000000000000000, -1.000000000000000000 ) ) ;
#3913 = VECTOR ( 'NONE', #3962, 1000.000000000000000 ) ;
#3914 = EDGE_LOOP ( 'NONE', ( #2099, #3313 ) ) ;
#3915 = VERTEX_POINT ( 'NONE', #4009 ) ;
#3916 = VECTOR ( 'NONE', #3912, 1000.000000000000000 ) ;
#3917 = DIRECTION ( 'NONE',  ( 0.2065583488874099816, -0.9784342842035468335, 0.0000000000000000000 ) ) ;
#3918 = FACE_OUTER_BOUND ( 'NONE', #1371, .T. ) ;
#3919 = EDGE_CURVE ( 'NONE', #311, #4609, #2480, .T. ) ;
#3920 = VECTOR ( 'NONE', #572, 1000.000000000000000 ) ;
#3921 = ORIENTED_EDGE ( 'NONE', *, *, #2317, .F. ) ;
#3922 = CYLINDRICAL_SURFACE ( 'NONE', #412, 0.1999999999999996503 ) ;
#3923 = CIRCLE ( 'NONE', #3150, 1.000000000000000222 ) ;
#3924 = CARTESIAN_POINT ( 'NONE',  ( 2.800870738470000010, 3.691274969103000014, -9.475000000000001421 ) ) ;
#3925 = CARTESIAN_POINT ( 'NONE',  ( 9.000000000000000000, 0.0000000000000000000, -6.899999999999999467 ) ) ;
#3926 = AXIS2_PLACEMENT_3D ( 'NONE', #2009, #3114, #1298 ) ;
#3927 = EDGE_LOOP ( 'NONE', ( #3082, #3608, #597, #2986 ) ) ;
#3928 = ORIENTED_EDGE ( 'NONE', *, *, #2785, .T. ) ;
#3929 = EDGE_CURVE ( 'NONE', #1995, #984, #3590, .T. ) ;
#3930 = EDGE_CURVE ( 'NONE', #133, #4634, #306, .T. ) ;
#3931 = DIRECTION ( 'NONE',  ( 0.4363252738282898946, 0.0000000000000000000, -0.8997890060556796854 ) ) ;
#3932 = DATE_AND_TIME ( #1257, #3321 ) ;
#3933 = FACE_BOUND ( 'NONE', #1968, .T. ) ;
#3934 = VECTOR ( 'NONE', #3573, 999.9999999999998863 ) ;
#3935 = ORIENTED_EDGE ( 'NONE', *, *, #4804, .F. ) ;
#3936 = VERTEX_POINT ( 'NONE', #2112 ) ;
#3937 = EDGE_CURVE ( 'NONE', #226, #3492, #3272, .T. ) ;
#3938 = APPROVAL_PERSON_ORGANIZATION ( #810, #1802, #53 ) ;
#3939 = CARTESIAN_POINT ( 'NONE',  ( 6.849327454361000100, 6.599999999999999645, -5.525000000000000355 ) ) ;
#3940 = CARTESIAN_POINT ( 'NONE',  ( 3.799999999999999822, 3.350000000000000089, -9.475000000000001421 ) ) ;
#3941 = EDGE_CURVE ( 'NONE', #1047, #3393, #1065, .T. ) ;
#3942 = CARTESIAN_POINT ( 'NONE',  ( 5.000000000000000000, -3.899999999999999911, -8.000000000000000000 ) ) ;
#3943 = CIRCLE ( 'NONE', #3092, 0.5000000000000004441 ) ;
#3944 = ORIENTED_EDGE ( 'NONE', *, *, #3670, .T. ) ;
#3945 = VERTEX_POINT ( 'NONE', #698 ) ;
#3946 = FACE_BOUND ( 'NONE', #533, .T. ) ;
#3947 = PLANE ( 'NONE',  #4600 ) ;
#3948 = CARTESIAN_POINT ( 'NONE',  ( 7.481628429746999487, 4.380099984049999229, -6.474999999999999645 ) ) ;
#3949 = ADVANCED_FACE ( 'NONE', ( #1824 ), #3299, .F. ) ;
#3950 = VERTEX_POINT ( 'NONE', #749 ) ;
#3951 = CARTESIAN_POINT ( 'NONE',  ( 7.266051566080000690, 5.489687385667000541, -1.000000000000000000 ) ) ;
#3952 = CARTESIAN_POINT ( 'NONE',  ( 7.282694772608999223, 4.359474755383999423, -8.525000000000000355 ) ) ;
#3953 = PLANE ( 'NONE',  #3053 ) ;
#3954 = VERTEX_POINT ( 'NONE', #3348 ) ;
#3955 = ORIENTED_EDGE ( 'NONE', *, *, #4695, .T. ) ;
#3956 = PLANE ( 'NONE',  #21 ) ;
#3957 = CARTESIAN_POINT ( 'NONE',  ( 5.000000000000000000, 11.67679491923999890, -9.500000000000000000 ) ) ;
#3958 = CARTESIAN_POINT ( 'NONE',  ( 4.600000000000035172, 10.67714561631171577, -9.418749592833838946 ) ) ;
#3959 = CARTESIAN_POINT ( 'NONE',  ( 5.400000000000000355, 10.20000000000000107, -7.150000000000000355 ) ) ;
#3960 = ORIENTED_EDGE ( 'NONE', *, *, #3412, .F. ) ;
#3961 = VERTEX_POINT ( 'NONE', #1545 ) ;
#3962 = DIRECTION ( 'NONE',  ( -1.000000000000000000, 0.0000000000000000000, 0.0000000000000000000 ) ) ;
#3963 = DIRECTION ( 'NONE',  ( -1.000000000000000000, 0.0000000000000000000, 0.0000000000000000000 ) ) ;
#3964 = DIRECTION ( 'NONE',  ( 0.0000000000000000000, 1.000000000000000000, 0.0000000000000000000 ) ) ;
#3965 = VERTEX_POINT ( 'NONE', #3028 ) ;
#3966 = ORIENTED_EDGE ( 'NONE', *, *, #2816, .F. ) ;
#3967 = EDGE_CURVE ( 'NONE', #2891, #2324, #4771, .T. ) ;
#3968 = CYLINDRICAL_SURFACE ( 'NONE', #1509, 2.000000000000000000 ) ;
#3969 = FACE_OUTER_BOUND ( 'NONE', #1309, .T. ) ;
#3970 = LINE ( 'NONE', #1415, #4305 ) ;
#3971 = ORIENTED_EDGE ( 'NONE', *, *, #2781, .T. ) ;
#3972 = CARTESIAN_POINT ( 'NONE',  ( 1.554282626315000027, 12.50000000000000000, -2.500000000000000000 ) ) ;
#3973 = CARTESIAN_POINT ( 'NONE',  ( 5.000000000000000000, 12.30000000000000071, -4.400000000000000355 ) ) ;
#3974 = LINE ( 'NONE', #4751, #879 ) ;
#3975 = ORIENTED_EDGE ( 'NONE', *, *, #198, .F. ) ;
#3976 = ORIENTED_EDGE ( 'NONE', *, *, #3276, .F. ) ;
#3977 = CARTESIAN_POINT ( 'NONE',  ( 0.0000000000000000000, 10.20000000000000107, -7.500000000000000000 ) ) ;
#3978 = DIRECTION ( 'NONE',  ( 0.0000000000000000000, -1.000000000000000000, 0.0000000000000000000 ) ) ;
#3979 = LINE ( 'NONE', #1106, #3522 ) ;
#3980 = EDGE_CURVE ( 'NONE', #2512, #225, #77, .T. ) ;
#3981 = CIRCLE ( 'NONE', #89, 0.5000000000000000000 ) ;
#3982 = EDGE_LOOP ( 'NONE', ( #653, #1193, #2805, #362 ) ) ;
#3983 = VERTEX_POINT ( 'NONE', #1204 ) ;
#3984 = VECTOR ( 'NONE', #4043, 1000.000000000000000 ) ;
#3985 = PLANE ( 'NONE',  #2610 ) ;
#3986 = FACE_OUTER_BOUND ( 'NONE', #1461, .T. ) ;
#3987 = CARTESIAN_POINT ( 'NONE',  ( 2.399999999999999911, 9.000000000000000000, 0.6999999999999999556 ) ) ;
#3988 = VECTOR ( 'NONE', #367, 1000.000000000000000 ) ;
#3989 = VECTOR ( 'NONE', #4079, 1000.000000000000000 ) ;
#3990 = ORIENTED_EDGE ( 'NONE', *, *, #959, .F. ) ;
#3991 = EDGE_LOOP ( 'NONE', ( #4028, #1784, #184, #3324 ) ) ;
#3992 = CARTESIAN_POINT ( 'NONE',  ( 3.737253474221000182, 3.358750682977000412, -6.474999999999999645 ) ) ;
#3993 = VECTOR ( 'NONE', #1522, 1000.000000000000114 ) ;
#3994 = EDGE_CURVE ( 'NONE', #3599, #3181, #3369, .T. ) ;
#3995 = DIRECTION ( 'NONE',  ( 0.0000000000000000000, 0.0000000000000000000, -1.000000000000000000 ) ) ;
#3996 = VECTOR ( 'NONE', #1614, 1000.000000000000000 ) ;
#3997 = DIRECTION ( 'NONE',  ( -1.000000000000000000, 0.0000000000000000000, 0.0000000000000000000 ) ) ;
#3998 = ADVANCED_FACE ( 'NONE', ( #2980 ), #4504, .T. ) ;
#3999 = CIRCLE ( 'NONE', #2378, 0.4000000000000000222 ) ;
#4000 = DIRECTION ( 'NONE',  ( 0.0000000000000000000, 0.0000000000000000000, -1.000000000000000000 ) ) ;
#4001 = FACE_OUTER_BOUND ( 'NONE', #1359, .T. ) ;
#4002 = DIRECTION ( 'NONE',  ( 0.9991345801681310590, 0.0000000000000000000, -0.04159435913982130473 ) ) ;
#4003 = VECTOR ( 'NONE', #1160, 1000.000000000000000 ) ;
#4004 = EDGE_CURVE ( 'NONE', #4665, #1438, #4460, .T. ) ;
#4005 = VERTEX_POINT ( 'NONE', #4485 ) ;
#4006 = CIRCLE ( 'NONE', #4623, 1.000000000000000222 ) ;
#4007 = VERTEX_POINT ( 'NONE', #1155 ) ;
#4008 = PLANE ( 'NONE',  #4621 ) ;
#4009 = CARTESIAN_POINT ( 'NONE',  ( 5.000000000000000000, 12.50000000000000000, -0.5000000000000000000 ) ) ;
#4010 = CARTESIAN_POINT ( 'NONE',  ( 5.399888761754238153, 11.05036736535329034, -9.096872072667750331 ) ) ;
#4011 = CARTESIAN_POINT ( 'NONE',  ( 5.400000000000000355, 10.20000000000000107, -9.418749592834000595 ) ) ;
#4012 = EDGE_LOOP ( 'NONE', ( #2395, #2361, #2098, #1629 ) ) ;
#4013 = EDGE_LOOP ( 'NONE', ( #3627, #1185, #1132, #2383 ) ) ;
#4014 = ADVANCED_FACE ( 'NONE', ( #2624, #473 ), #2665, .T. ) ;
#4015 = LINE ( 'NONE', #3647, #505 ) ;
#4016 = DIRECTION ( 'NONE',  ( 0.0000000000000000000, 0.0000000000000000000, 1.000000000000000000 ) ) ;
#4017 = VECTOR ( 'NONE', #3524, 1000.000000000000000 ) ;
#4018 = CYLINDRICAL_SURFACE ( 'NONE', #2048, 0.2000000000000000944 ) ;
#4019 = EDGE_LOOP ( 'NONE', ( #2811, #3837, #2552, #3203, #970, #4327, #4351, #568 ) ) ;
#4020 = EDGE_LOOP ( 'NONE', ( #2578, #3975, #2506, #215 ) ) ;
#4021 = CARTESIAN_POINT ( 'NONE',  ( 2.305000000000000160, 9.000000000000000000, -10.00000000000000000 ) ) ;
#4022 = DIRECTION ( 'NONE',  ( 0.9991345801681310590, 0.0000000000000000000, -0.04159435913982130473 ) ) ;
#4023 = CARTESIAN_POINT ( 'NONE',  ( 7.266051566080000690, 5.489687385667000541, -9.000000000000000000 ) ) ;
#4024 = PLANE ( 'NONE',  #1214 ) ;
#4025 = DIRECTION ( 'NONE',  ( 0.0000000000000000000, -1.000000000000000000, 0.0000000000000000000 ) ) ;
#4026 = ADVANCED_FACE ( 'NONE', ( #4140 ), #814, .F. ) ;
#4027 = ORIENTED_EDGE ( 'NONE', *, *, #4329, .F. ) ;
#4028 = ORIENTED_EDGE ( 'NONE', *, *, #4260, .T. ) ;
#4029 = ADVANCED_FACE ( 'NONE', ( #4098 ), #1920, .F. ) ;
#4030 = CARTESIAN_POINT ( 'NONE',  ( 4.600000000000000533, 11.09999999999994813, -3.943200466680764293 ) ) ;
#4031 = DIRECTION ( 'NONE',  ( 0.0000000000000000000, 0.0000000000000000000, -1.000000000000000000 ) ) ;
#4032 = PLANE ( 'NONE',  #3457 ) ;
#4033 = CARTESIAN_POINT ( 'NONE',  ( 5.000000000000000000, 0.9000000000000000222, -7.500000000000000000 ) ) ;
#4034 = ORIENTED_EDGE ( 'NONE', *, *, #711, .F. ) ;
#4035 = EDGE_LOOP ( 'NONE', ( #4601, #1562, #4685, #512 ) ) ;
#4036 = CARTESIAN_POINT ( 'NONE',  ( 4.009999999999999787, 11.09999999999999964, -2.149999999999999911 ) ) ;
#4037 = CARTESIAN_POINT ( 'NONE',  ( 6.529663727179999988, 6.899999999999999467, -4.474999999999999645 ) ) ;
#4038 = EDGE_CURVE ( 'NONE', #4744, #2273, #3328, .T. ) ;
#4039 = DIRECTION ( 'NONE',  ( 0.0000000000000000000, 1.000000000000000000, 0.0000000000000000000 ) ) ;
#4040 = VERTEX_POINT ( 'NONE', #1941 ) ;
#4041 = VERTEX_POINT ( 'NONE', #3415 ) ;
#4042 = LINE ( 'NONE', #2234, #2053 ) ;
#4043 = DIRECTION ( 'NONE',  ( 0.0000000000000000000, -1.000000000000000000, 0.0000000000000000000 ) ) ;
#4044 = ADVANCED_FACE ( 'NONE', ( #4531 ), #4169, .T. ) ;
#4045 = DIRECTION ( 'NONE',  ( -0.9991345801681310590, 0.0000000000000000000, -0.04159435913982130473 ) ) ;
#4046 = EDGE_CURVE ( 'NONE', #3204, #185, #1104, .T. ) ;
#4047 = CARTESIAN_POINT ( 'NONE',  ( 7.000000000000000000, 7.000000000000000000, -4.549999999999999822 ) ) ;
#4048 = CARTESIAN_POINT ( 'NONE',  ( 1.554282626314999805, 12.50000000000000000, -6.500000000000000000 ) ) ;
#4049 = DIRECTION ( 'NONE',  ( 0.9946682856919404347, 0.1031261433326021298, 0.0000000000000000000 ) ) ;
#4050 = ORIENTED_EDGE ( 'NONE', *, *, #1711, .F. ) ;
#4051 = EDGE_LOOP ( 'NONE', ( #3451, #3651, #1384, #1671, #4572 ) ) ;
#4052 = DIRECTION ( 'NONE',  ( 0.0000000000000000000, 0.0000000000000000000, 1.000000000000000000 ) ) ;
#4053 = DIRECTION ( 'NONE',  ( 1.000000000000000000, 0.0000000000000000000, 0.0000000000000000000 ) ) ;
#4054 = CARTESIAN_POINT ( 'NONE',  ( 5.000000000000000000, -3.899999999999999911, -3.000000000000000000 ) ) ;
#4055 = EDGE_CURVE ( 'NONE', #2109, #2286, #2787, .T. ) ;
#4056 = VERTEX_POINT ( 'NONE', #1689 ) ;
#4057 = VERTEX_POINT ( 'NONE', #153 ) ;
#4058 = AXIS2_PLACEMENT_3D ( 'NONE', #321, #2084, #4334 ) ;
#4059 = CARTESIAN_POINT ( 'NONE',  ( 2.449999999999999734, 12.50000000000000000, -2.055376129208000169 ) ) ;
#4060 = CARTESIAN_POINT ( 'NONE',  ( -11.44999999999999929, -6.531911454625000779, -10.00000000000000000 ) ) ;
#4061 = CIRCLE ( 'NONE', #1967, 1.959999999999999298 ) ;
#4062 = DIRECTION ( 'NONE',  ( 0.0000000000000000000, 1.000000000000000000, 0.0000000000000000000 ) ) ;
#4063 = EDGE_LOOP ( 'NONE', ( #3198, #2329, #3444, #2652 ) ) ;
#4064 = ORIENTED_EDGE ( 'NONE', *, *, #2165, .T. ) ;
#4065 = CARTESIAN_POINT ( 'NONE',  ( 5.000000000000000000, 12.50000000000000000, -7.500000000000000000 ) ) ;
#4066 = CARTESIAN_POINT ( 'NONE',  ( 2.700000000000000178, 3.299999999999999822, -2.500000000000000000 ) ) ;
#4067 = CARTESIAN_POINT ( 'NONE',  ( 2.700000000000000178, 3.299999999999999822, -7.500000000000000000 ) ) ;
#4068 = AXIS2_PLACEMENT_3D ( 'NONE', #4676, #3101, #3174 ) ;
#4069 = CIRCLE ( 'NONE', #737, 0.2000000000000000111 ) ;
#4070 = EDGE_CURVE ( 'NONE', #2273, #133, #877, .T. ) ;
#4071 = LINE ( 'NONE', #2640, #2542 ) ;
#4072 = LINE ( 'NONE', #2957, #2677 ) ;
#4073 = CIRCLE ( 'NONE', #889, 1.000000000000000222 ) ;
#4074 = EDGE_LOOP ( 'NONE', ( #1083, #4271, #4226, #3067 ) ) ;
#4075 = DIRECTION ( 'NONE',  ( 0.0000000000000000000, -1.000000000000000000, 0.0000000000000000000 ) ) ;
#4076 = DIRECTION ( 'NONE',  ( 0.0000000000000000000, 0.0000000000000000000, 1.000000000000000000 ) ) ;
#4077 = AXIS2_PLACEMENT_3D ( 'NONE', #1557, #2256, #1910 ) ;
#4078 = CARTESIAN_POINT ( 'NONE',  ( 5.000000000000000000, 10.20000000000000107, -2.500000000000000000 ) ) ;
#4079 = DIRECTION ( 'NONE',  ( 0.0000000000000000000, 1.000000000000000000, 0.0000000000000000000 ) ) ;
#4080 = AXIS2_PLACEMENT_3D ( 'NONE', #3663, #4053, #329 ) ;
#4081 = ORIENTED_EDGE ( 'NONE', *, *, #4356, .T. ) ;
#4082 = EDGE_CURVE ( 'NONE', #4425, #589, #1962, .T. ) ;
#4083 = VERTEX_POINT ( 'NONE', #3876 ) ;
#4084 = CYLINDRICAL_SURFACE ( 'NONE', #2993, 0.1499999999999999667 ) ;
#4085 = VECTOR ( 'NONE', #560, 1000.000000000000000 ) ;
#4086 = DIRECTION ( 'NONE',  ( 0.1746912246212072306, -0.9846232660466353037, 0.0000000000000000000 ) ) ;
#4087 = ORIENTED_EDGE ( 'NONE', *, *, #1865, .T. ) ;
#4088 = EDGE_CURVE ( 'NONE', #753, #3695, #3852, .T. ) ;
#4089 = ORIENTED_EDGE ( 'NONE', *, *, #763, .F. ) ;
#4090 = EDGE_CURVE ( 'NONE', #3588, #2018, #2806, .T. ) ;
#4091 = FACE_OUTER_BOUND ( 'NONE', #1982, .T. ) ;
#4092 = VECTOR ( 'NONE', #3814, 1000.000000000000000 ) ;
#4093 = AXIS2_PLACEMENT_3D ( 'NONE', #1600, #4491, #1507 ) ;
#4094 = LINE ( 'NONE', #4131, #3462 ) ;
#4095 = CARTESIAN_POINT ( 'NONE',  ( 2.773245919519999880, 3.493191983014000357, -9.475000000000001421 ) ) ;
#4096 = ORIENTED_EDGE ( 'NONE', *, *, #1247, .T. ) ;
#4097 = FACE_OUTER_BOUND ( 'NONE', #65, .T. ) ;
#4098 = FACE_OUTER_BOUND ( 'NONE', #2850, .T. ) ;
#4099 = CYLINDRICAL_SURFACE ( 'NONE', #1992, 0.5999999999999998668 ) ;
#4100 = DIRECTION ( 'NONE',  ( 0.0000000000000000000, 0.0000000000000000000, -1.000000000000000000 ) ) ;
#4101 = EDGE_CURVE ( 'NONE', #4107, #3561, #801, .T. ) ;
#4102 = ORIENTED_EDGE ( 'NONE', *, *, #1275, .T. ) ;
#4103 = ORIENTED_EDGE ( 'NONE', *, *, #1808, .T. ) ;
#4104 = DIRECTION ( 'NONE',  ( 0.0000000000000000000, 1.000000000000000000, 0.0000000000000000000 ) ) ;
#4105 = FACE_OUTER_BOUND ( 'NONE', #220, .T. ) ;
#4106 = LINE ( 'NONE', #776, #2382 ) ;
#4107 = VERTEX_POINT ( 'NONE', #3466 ) ;
#4108 = VERTEX_POINT ( 'NONE', #2764 ) ;
#4109 = CARTESIAN_POINT ( 'NONE',  ( 9.000000000000000000, 7.000000000000000000, -0.4500000000000000111 ) ) ;
#4110 = CARTESIAN_POINT ( 'NONE',  ( 2.800870738470000010, 3.691274969103000014, -4.474999999999999645 ) ) ;
#4111 = EDGE_CURVE ( 'NONE', #4665, #1698, #4651, .T. ) ;
#4112 = CARTESIAN_POINT ( 'NONE',  ( 5.000000000000000000, 12.50000000000000000, -7.500000000000000000 ) ) ;
#4113 = DIRECTION ( 'NONE',  ( 0.9946682856919403237, 0.1031261433326042809, 0.0000000000000000000 ) ) ;
#4114 = ORIENTED_EDGE ( 'NONE', *, *, #628, .T. ) ;
#4115 = CARTESIAN_POINT ( 'NONE',  ( 5.000000000000000000, 12.30000000000000071, -0.5999999999999999778 ) ) ;
#4116 = DIRECTION ( 'NONE',  ( 0.0000000000000000000, -1.000000000000000000, 0.0000000000000000000 ) ) ;
#4117 = CARTESIAN_POINT ( 'NONE',  ( 9.000000000000000000, 7.000000000000000000, -5.450000000000000178 ) ) ;
#4118 = FACE_OUTER_BOUND ( 'NONE', #2028, .T. ) ;
#4119 = ORIENTED_EDGE ( 'NONE', *, *, #4520, .T. ) ;
#4120 = ORIENTED_EDGE ( 'NONE', *, *, #4470, .F. ) ;
#4121 = CARTESIAN_POINT ( 'NONE',  ( 5.000000000000000000, 9.500000000000000000, -9.459999999999999076 ) ) ;
#4122 = ADVANCED_FACE ( 'NONE', ( #2423 ), #4214, .T. ) ;
#4123 = CARTESIAN_POINT ( 'NONE',  ( 5.000000000000000000, -3.899999999999999911, -3.000000000000000000 ) ) ;
#4124 = VERTEX_POINT ( 'NONE', #1638 ) ;
#4125 = ORIENTED_EDGE ( 'NONE', *, *, #322, .T. ) ;
#4126 = DIRECTION ( 'NONE',  ( 0.0000000000000000000, 1.000000000000000000, 0.0000000000000000000 ) ) ;
#4127 = CYLINDRICAL_SURFACE ( 'NONE', #3391, 1.960000000000000409 ) ;
#4128 = LINE ( 'NONE', #2686, #3760 ) ;
#4129 = EDGE_LOOP ( 'NONE', ( #2351, #4096, #1388, #2092 ) ) ;
#4130 = ADVANCED_FACE ( 'NONE', ( #2014 ), #3922, .F. ) ;
#4131 = CARTESIAN_POINT ( 'NONE',  ( 2.299999999999999822, 0.0000000000000000000, 0.0000000000000000000 ) ) ;
#4132 = CIRCLE ( 'NONE', #2822, 1.500000000000000000 ) ;
#4133 = FACE_OUTER_BOUND ( 'NONE', #4796, .T. ) ;
#4134 = VECTOR ( 'NONE', #4240, 1000.000000000000114 ) ;
#4135 = CIRCLE ( 'NONE', #2520, 2.000000000000000444 ) ;
#4136 = CALENDAR_DATE ( 2020, 20, 2 ) ;
#4137 = AXIS2_PLACEMENT_3D ( 'NONE', #2144, #1780, #1088 ) ;
#4138 = ORIENTED_EDGE ( 'NONE', *, *, #4506, .T. ) ;
#4139 = DIRECTION ( 'NONE',  ( 0.0000000000000000000, 0.0000000000000000000, -1.000000000000000000 ) ) ;
#4140 = FACE_OUTER_BOUND ( 'NONE', #2720, .T. ) ;
#4141 = DIRECTION ( 'NONE',  ( 0.0000000000000000000, 0.0000000000000000000, -1.000000000000000000 ) ) ;
#4142 = EDGE_CURVE ( 'NONE', #918, #2839, #1277, .T. ) ;
#4143 = DIRECTION ( 'NONE',  ( 0.0000000000000000000, 0.0000000000000000000, -1.000000000000000000 ) ) ;
#4144 = VECTOR ( 'NONE', #2961, 1000.000000000000114 ) ;
#4145 = AXIS2_PLACEMENT_3D ( 'NONE', #1871, #4456, #3776 ) ;
#4146 = EDGE_LOOP ( 'NONE', ( #237, #3257, #3230, #1598 ) ) ;
#4147 = CLOSED_SHELL ( 'NONE', ( #4211, #3470, #1866, #3712, #1624, #2515, #2270, #772, #2222, #739, #4721, #1869, #874, #372, #550, #1419, #543, #3772, #2936, #3998, #3429, #2011, #1127, #4434, #3815, #2808, #228, #1082, #1621, #2633, #4813, #428, #2330, #20, #2647, #4482, #4378, #73, #278, #3431, #3949, #4348, #3484, #354, #905, #3503, #441, #609, #4752, #216, #241, #4659, #575, #1182, #3542, #1959, #1709, #4591, #3147, #1168, #2208, #431, #260, #2134, #3497, #1857, #4412, #4318, #685, #136, #487, #2437, #1552, #393, #2958, #4585, #1889, #1462, #2662, #1144, #2107, #3726, #832, #3146, #4026, #1607, #3703, #2694, #856, #1465, #2457, #470, #1167, #941, #1542, #4200, #2082, #3284, #2804, #783, #636, #3728, #3116, #2474, #1352, #3231, #913, #3629, #2116, #728, #4442, #2428, #3667, #2668, #387, #4122, #2587, #2862, #1950, #3611, #2064, #1500, #4014, #2176, #4044, #4208, #3073, #80, #34, #3811, #3878, #3136, #2415, #1364, #4644, #4130, #1382, #4182, #4029, #1318, #4189, #1, #2605, #2487, #4508, #3359, #2888, #50, #378, #2985, #1966, #2549, #374, #343, #3655, #3319 ) ) ;
#4148 = VERTEX_POINT ( 'NONE', #3099 ) ;
#4149 = AXIS2_PLACEMENT_3D ( 'NONE', #4430, #802, #1868 ) ;
#4150 = CARTESIAN_POINT ( 'NONE',  ( 5.000000000000000000, 11.09999999999999964, -7.500000000000000000 ) ) ;
#4151 = DIRECTION ( 'NONE',  ( 0.0000000000000000000, -1.000000000000000000, 0.0000000000000000000 ) ) ;
#4152 = CARTESIAN_POINT ( 'NONE',  ( 4.599999999999999645, 11.09999999999999964, -4.460000000000000853 ) ) ;
#4153 = AXIS2_PLACEMENT_3D ( 'NONE', #1307, #598, #3494 ) ;
#4154 = VECTOR ( 'NONE', #2843, 1000.000000000000000 ) ;
#4155 = EDGE_CURVE ( 'NONE', #1410, #787, #915, .T. ) ;
#4156 = ORIENTED_EDGE ( 'NONE', *, *, #4088, .T. ) ;
#4157 = VECTOR ( 'NONE', #1546, 1000.000000000000000 ) ;
#4158 = LINE ( 'NONE', #90, #2684 ) ;
#4159 = CARTESIAN_POINT ( 'NONE',  ( 1.554282626315000027, 12.50000000000000000, -7.500000000000000000 ) ) ;
#4160 = DIRECTION ( 'NONE',  ( 0.0000000000000000000, 0.0000000000000000000, 1.000000000000000000 ) ) ;
#4161 = CIRCLE ( 'NONE', #2155, 2.000000000000000000 ) ;
#4162 = ORIENTED_EDGE ( 'NONE', *, *, #3128, .F. ) ;
#4163 = VERTEX_POINT ( 'NONE', #106 ) ;
#4164 = CARTESIAN_POINT ( 'NONE',  ( 2.449999999999999734, 12.50000000000000000, -7.055376129207999725 ) ) ;
#4166 = CYLINDRICAL_SURFACE ( 'NONE', #571, 0.4000000000000000222 ) ;
#4165 = AXIS2_PLACEMENT_3D ( 'NONE', #1933, #3793, #3454 ) ;
#4167 = VERTEX_POINT ( 'NONE', #2032 ) ;
#4168 = DIRECTION ( 'NONE',  ( 0.0000000000000000000, 1.000000000000000000, 0.0000000000000000000 ) ) ;
#4169 = CYLINDRICAL_SURFACE ( 'NONE', #722, 0.5000000000000000000 ) ;
#4170 = DIRECTION ( 'NONE',  ( 0.0000000000000000000, 0.0000000000000000000, -1.000000000000000000 ) ) ;
#4171 = PLANE ( 'NONE',  #957 ) ;
#4172 = EDGE_CURVE ( 'NONE', #2848, #3785, #1301, .T. ) ;
#4173 = VERTEX_POINT ( 'NONE', #1665 ) ;
#4174 = EDGE_CURVE ( 'NONE', #242, #2501, #3129, .T. ) ;
#4175 = VERTEX_POINT ( 'NONE', #933 ) ;
#4176 = DIRECTION ( 'NONE',  ( -1.000000000000000000, 0.0000000000000000000, 0.0000000000000000000 ) ) ;
#4177 = CARTESIAN_POINT ( 'NONE',  ( 7.083761115470999847, 4.338849526717000415, -1.474999999999999867 ) ) ;
#4178 = DIRECTION ( 'NONE',  ( 0.0000000000000000000, 0.0000000000000000000, 1.000000000000000000 ) ) ;
#4179 = ORIENTED_EDGE ( 'NONE', *, *, #3518, .T. ) ;
#4180 = ORIENTED_EDGE ( 'NONE', *, *, #1231, .F. ) ;
#4181 = CARTESIAN_POINT ( 'NONE',  ( 2.449999999999999734, 12.50000000000000000, -7.944623870792000275 ) ) ;
#4182 = ADVANCED_FACE ( 'NONE', ( #563 ), #2056, .T. ) ;
#4183 = DIRECTION ( 'NONE',  ( 1.000000000000000000, 0.0000000000000000000, 0.0000000000000000000 ) ) ;
#4184 = CARTESIAN_POINT ( 'NONE',  ( 9.000000000000000000, 7.000000000000000000, -5.450000000000000178 ) ) ;
#4185 = VERTEX_POINT ( 'NONE', #2473 ) ;
#4186 = EDGE_CURVE ( 'NONE', #4005, #4650, #1025, .T. ) ;
#4187 = FACE_OUTER_BOUND ( 'NONE', #2528, .T. ) ;
#4188 = CARTESIAN_POINT ( 'NONE',  ( 1.554282626315000027, 12.50000000000000000, -7.500000000000000000 ) ) ;
#4189 = ADVANCED_FACE ( 'NONE', ( #4777 ), #2864, .F. ) ;
#4190 = VERTEX_POINT ( 'NONE', #3609 ) ;
#4191 = CARTESIAN_POINT ( 'NONE',  ( 7.375946048512000530, 4.429737377691999711, -6.474999999999999645 ) ) ;
#4192 = CARTESIAN_POINT ( 'NONE',  ( 9.000000000000000000, 0.0000000000000000000, -1.899999999999999911 ) ) ;
#4193 = DIRECTION ( 'NONE',  ( -0.1381240947497990035, -0.9904149304455929226, 0.0000000000000000000 ) ) ;
#4194 = LINE ( 'NONE', #863, #492 ) ;
#4195 = EDGE_LOOP ( 'NONE', ( #3367, #844, #517, #4219 ) ) ;
#4196 = EDGE_LOOP ( 'NONE', ( #1788, #2863, #674, #2309 ) ) ;
#4197 = DIRECTION ( 'NONE',  ( 1.000000000000000000, 0.0000000000000000000, 0.0000000000000000000 ) ) ;
#4198 = CARTESIAN_POINT ( 'NONE',  ( 2.773245919519999880, 3.493191983014000357, -1.474999999999999867 ) ) ;
#4199 = DIRECTION ( 'NONE',  ( 1.000000000000000000, 0.0000000000000000000, 0.0000000000000000000 ) ) ;
#4200 = ADVANCED_FACE ( 'NONE', ( #4704 ), #4357, .F. ) ;
#4201 = VERTEX_POINT ( 'NONE', #2568 ) ;
#4202 = ORIENTED_EDGE ( 'NONE', *, *, #1195, .F. ) ;
#4203 = DIRECTION ( 'NONE',  ( 0.0000000000000000000, 1.000000000000000000, 0.0000000000000000000 ) ) ;
#4204 = DIRECTION ( 'NONE',  ( 1.000000000000000000, 0.0000000000000000000, 0.0000000000000000000 ) ) ;
#4205 = EDGE_CURVE ( 'NONE', #2903, #4514, #1004, .T. ) ;
#4206 = DIRECTION ( 'NONE',  ( 0.9991345801681310590, 0.0000000000000000000, -0.04159435913982130473 ) ) ;
#4207 = ORIENTED_EDGE ( 'NONE', *, *, #4470, .T. ) ;
#4208 = ADVANCED_FACE ( 'NONE', ( #2105 ), #979, .T. ) ;
#4209 = CARTESIAN_POINT ( 'NONE',  ( 5.000000000000000000, 12.30000000000000071, -5.599999999999999645 ) ) ;
#4210 = CARTESIAN_POINT ( 'NONE',  ( 6.849327454361000100, 6.599999999999999645, -4.474999999999999645 ) ) ;
#4211 = ADVANCED_FACE ( 'NONE', ( #2496 ), #4383, .F. ) ;
#4212 = ORIENTED_EDGE ( 'NONE', *, *, #1692, .F. ) ;
#4213 = CARTESIAN_POINT ( 'NONE',  ( 6.849327454361000100, 6.599999999999999645, -9.475000000000001421 ) ) ;
#4214 = SPHERICAL_SURFACE ( 'NONE', #1189, 0.5000000000000000000 ) ;
#4215 = DIRECTION ( 'NONE',  ( 0.0000000000000000000, 1.000000000000000000, 0.0000000000000000000 ) ) ;
#4216 = CARTESIAN_POINT ( 'NONE',  ( 5.000000000000000000, 1.165000000000000036, -2.500000000000000000 ) ) ;
#4217 = VECTOR ( 'NONE', #670, 1000.000000000000000 ) ;
#4218 = ORIENTED_EDGE ( 'NONE', *, *, #2719, .F. ) ;
#4219 = ORIENTED_EDGE ( 'NONE', *, *, #3826, .T. ) ;
#4220 = CIRCLE ( 'NONE', #494, 1.899999999999999911 ) ;
#4221 = CIRCLE ( 'NONE', #4775, 0.2000000000000002609 ) ;
#4222 = DIRECTION ( 'NONE',  ( 0.0000000000000000000, -1.000000000000000000, 0.0000000000000000000 ) ) ;
#4223 = PERSON_AND_ORGANIZATION ( #502, #4797 ) ;
#4224 = DIRECTION ( 'NONE',  ( 0.0000000000000000000, 1.000000000000000000, 0.0000000000000000000 ) ) ;
#4225 = VECTOR ( 'NONE', #3091, 1000.000000000000114 ) ;
#4226 = ORIENTED_EDGE ( 'NONE', *, *, #760, .T. ) ;
#4227 = ORIENTED_EDGE ( 'NONE', *, *, #1021, .T. ) ;
#4228 = CARTESIAN_POINT ( 'NONE',  ( 4.009999999999999787, 11.09999999999999964, -2.850000000000000089 ) ) ;
#4229 = LINE ( 'NONE', #903, #3003 ) ;
#4230 = VECTOR ( 'NONE', #4039, 1000.000000000000000 ) ;
#4231 = FACE_OUTER_BOUND ( 'NONE', #4195, .T. ) ;
#4232 = EDGE_CURVE ( 'NONE', #4565, #3529, #1767, .T. ) ;
#4233 = AXIS2_PLACEMENT_3D ( 'NONE', #3924, #4193, #564 ) ;
#4234 = ORIENTED_EDGE ( 'NONE', *, *, #842, .T. ) ;
#4235 = EDGE_CURVE ( 'NONE', #2495, #1341, #1448, .T. ) ;
#4236 = FACE_OUTER_BOUND ( 'NONE', #811, .T. ) ;
#4237 = DIRECTION ( 'NONE',  ( 0.0000000000000000000, 1.000000000000000000, 0.0000000000000000000 ) ) ;
#4238 = VECTOR ( 'NONE', #3363, 1000.000000000000114 ) ;
#4239 = ORIENTED_EDGE ( 'NONE', *, *, #1201, .F. ) ;
#4240 = DIRECTION ( 'NONE',  ( -0.09324284527829096447, 0.8993422818777098149, 0.4271875838919043100 ) ) ;
#4241 = AXIS2_PLACEMENT_3D ( 'NONE', #1408, #2539, #4016 ) ;
#4242 = DIRECTION ( 'NONE',  ( 0.0000000000000000000, -1.000000000000000000, 0.0000000000000000000 ) ) ;
#4243 = EDGE_CURVE ( 'NONE', #4281, #3961, #1055, .T. ) ;
#4244 = DIRECTION ( 'NONE',  ( -0.9991345801681310590, 0.0000000000000000000, -0.04159435913982130473 ) ) ;
#4245 = AXIS2_PLACEMENT_3D ( 'NONE', #3380, #867, #2342 ) ;
#4246 = ORIENTED_EDGE ( 'NONE', *, *, #3463, .F. ) ;
#4247 = ORIENTED_EDGE ( 'NONE', *, *, #3802, .T. ) ;
#4248 = LINE ( 'NONE', #3513, #3304 ) ;
#4249 = DIRECTION ( 'NONE',  ( 1.000000000000000000, 0.0000000000000000000, 0.0000000000000000000 ) ) ;
#4250 = LINE ( 'NONE', #921, #488 ) ;
#4251 = ORIENTED_EDGE ( 'NONE', *, *, #309, .F. ) ;
#4252 = VERTEX_POINT ( 'NONE', #3222 ) ;
#4253 = DIRECTION ( 'NONE',  ( 0.0000000000000000000, 1.000000000000000000, 0.0000000000000000000 ) ) ;
#4254 = CARTESIAN_POINT ( 'NONE',  ( 7.000000000000000000, 7.000000000000000000, -9.549999999999998934 ) ) ;
#4255 = FACE_OUTER_BOUND ( 'NONE', #1319, .T. ) ;
#4256 = ORIENTED_EDGE ( 'NONE', *, *, #3677, .F. ) ;
#4257 = EDGE_CURVE ( 'NONE', #2529, #4577, #3943, .T. ) ;
#4258 = DIRECTION ( 'NONE',  ( 0.0000000000000000000, 0.0000000000000000000, 1.000000000000000000 ) ) ;
#4259 = CARTESIAN_POINT ( 'NONE',  ( 4.009999999999999787, 11.09999999999999964, -7.849999999999999645 ) ) ;
#4260 = EDGE_CURVE ( 'NONE', #4587, #2714, #3247, .T. ) ;
#4261 = ORIENTED_EDGE ( 'NONE', *, *, #4804, .T. ) ;
#4262 = CARTESIAN_POINT ( 'NONE',  ( 5.000000000000000000, 12.30000000000000071, -7.500000000000000000 ) ) ;
#4263 = DIRECTION ( 'NONE',  ( -0.2941176470588076630, 0.0000000000000000000, -0.9557692240748237866 ) ) ;
#4264 = CARTESIAN_POINT ( 'NONE',  ( 0.0000000000000000000, 11.09999999999999964, -2.500000000000000000 ) ) ;
#4265 = VERTEX_POINT ( 'NONE', #1816 ) ;
#4266 = ORIENTED_EDGE ( 'NONE', *, *, #1349, .F. ) ;
#4267 = PLANE ( 'NONE',  #1205 ) ;
#4268 = APPROVAL_ROLE ( '' ) ;
#4269 = CARTESIAN_POINT ( 'NONE',  ( 7.000000000000000000, 0.9000000000000000222, -8.016739226194998125 ) ) ;
#4270 = ORIENTED_EDGE ( 'NONE', *, *, #1443, .F. ) ;
#4271 = ORIENTED_EDGE ( 'NONE', *, *, #2258, .F. ) ;
#4272 = EDGE_CURVE ( 'NONE', #133, #3983, #4728, .T. ) ;
#4273 = DIRECTION ( 'NONE',  ( 0.0000000000000000000, 1.000000000000000000, 0.0000000000000000000 ) ) ;
#4274 = LINE ( 'NONE', #581, #4794 ) ;
#4275 = DIRECTION ( 'NONE',  ( 0.0000000000000000000, 1.000000000000000000, 0.0000000000000000000 ) ) ;
#4276 = ORIENTED_EDGE ( 'NONE', *, *, #4232, .F. ) ;
#4277 = VERTEX_POINT ( 'NONE', #300 ) ;
#4278 = DIRECTION ( 'NONE',  ( 0.0000000000000000000, 0.0000000000000000000, -1.000000000000000000 ) ) ;
#4279 = CARTESIAN_POINT ( 'NONE',  ( 5.000000000000000000, 1.165000000000000036, -7.500000000000000000 ) ) ;
#4280 = EDGE_CURVE ( 'NONE', #1084, #3430, #4749, .T. ) ;
#4281 = VERTEX_POINT ( 'NONE', #2547 ) ;
#4282 = DIRECTION ( 'NONE',  ( -0.1381240947498970917, -0.9904149304455791558, 0.0000000000000000000 ) ) ;
#4283 = LINE ( 'NONE', #4048, #3066 ) ;
#4284 = FACE_OUTER_BOUND ( 'NONE', #454, .T. ) ;
#4285 = EDGE_CURVE ( 'NONE', #583, #4339, #828, .T. ) ;
#4286 = AXIS2_PLACEMENT_3D ( 'NONE', #2514, #4377, #3995 ) ;
#4287 = ORIENTED_EDGE ( 'NONE', *, *, #766, .T. ) ;
#4288 = EDGE_LOOP ( 'NONE', ( #341, #791, #2063, #4234 ) ) ;
#4289 = EDGE_CURVE ( 'NONE', #3983, #2261, #1606, .T. ) ;
#4290 = DIRECTION ( 'NONE',  ( 0.0000000000000000000, 1.000000000000000000, 0.0000000000000000000 ) ) ;
#4291 =( NAMED_UNIT ( * ) SI_UNIT ( $, .STERADIAN. ) SOLID_ANGLE_UNIT ( ) );
#4292 = DIRECTION ( 'NONE',  ( 0.0000000000000000000, 0.0000000000000000000, 1.000000000000000000 ) ) ;
#4293 = ORIENTED_EDGE ( 'NONE', *, *, #4004, .F. ) ;
#4294 = CIRCLE ( 'NONE', #2442, 1.959999999999999964 ) ;
#4295 = EDGE_LOOP ( 'NONE', ( #1227, #3511 ) ) ;
#4296 = VECTOR ( 'NONE', #2626, 1000.000000000000000 ) ;
#4297 = CARTESIAN_POINT ( 'NONE',  ( 5.400000000000000355, 10.20000000000000107, -7.849999999999999645 ) ) ;
#4298 = FACE_OUTER_BOUND ( 'NONE', #4129, .T. ) ;
#4299 = CARTESIAN_POINT ( 'NONE',  ( 3.792503112120999997, 3.754916655155000171, 5.629617361047000834 ) ) ;
#4300 = CONICAL_SURFACE ( 'NONE', #345, 1.949999999999999956, 0.7853981633972997312 ) ;
#4301 = EDGE_CURVE ( 'NONE', #4514, #4654, #91, .T. ) ;
#4302 = VERTEX_POINT ( 'NONE', #853 ) ;
#4303 = ORIENTED_EDGE ( 'NONE', *, *, #4742, .T. ) ;
#4304 = VECTOR ( 'NONE', #140, 1000.000000000000000 ) ;
#4305 = VECTOR ( 'NONE', #4355, 1000.000000000000000 ) ;
#4306 = DIRECTION ( 'NONE',  ( 0.0000000000000000000, -1.000000000000000000, 0.0000000000000000000 ) ) ;
#4307 = DIRECTION ( 'NONE',  ( 0.0000000000000000000, 1.000000000000000000, 0.0000000000000000000 ) ) ;
#4308 = DIRECTION ( 'NONE',  ( 0.0000000000000000000, 0.0000000000000000000, -1.000000000000000000 ) ) ;
#4309 = ORIENTED_EDGE ( 'NONE', *, *, #1454, .F. ) ;
#4310 = DIRECTION ( 'NONE',  ( 0.0000000000000000000, 0.0000000000000000000, -1.000000000000000000 ) ) ;
#4311 = DIRECTION ( 'NONE',  ( 0.0000000000000000000, 1.000000000000000000, 0.0000000000000000000 ) ) ;
#4312 = LINE ( 'NONE', #4653, #4683 ) ;
#4313 = EDGE_LOOP ( 'NONE', ( #3122, #2500, #1729, #209 ) ) ;
#4314 = ORIENTED_EDGE ( 'NONE', *, *, #3849, .F. ) ;
#4315 = DIRECTION ( 'NONE',  ( 1.000000000000000000, 0.0000000000000000000, 0.0000000000000000000 ) ) ;
#4316 = DIRECTION ( 'NONE',  ( 0.9846232660466353037, 0.1746912246212065367, 0.0000000000000000000 ) ) ;
#4317 = LINE ( 'NONE', #206, #3920 ) ;
#4318 = ADVANCED_FACE ( 'NONE', ( #3039 ), #4127, .T. ) ;
#4319 = LINE ( 'NONE', #2814, #2517 ) ;
#4320 = AXIS2_PLACEMENT_3D ( 'NONE', #1242, #4204, #2005 ) ;
#4321 = EDGE_CURVE ( 'NONE', #2612, #4339, #2683, .T. ) ;
#4322 = ORIENTED_EDGE ( 'NONE', *, *, #4633, .T. ) ;
#4323 = VERTEX_POINT ( 'NONE', #4516 ) ;
#4324 = DIRECTION ( 'NONE',  ( 0.0000000000000000000, 1.000000000000000000, 0.0000000000000000000 ) ) ;
#4325 = CARTESIAN_POINT ( 'NONE',  ( 7.375946048512000530, 4.429737377691999711, -3.524999999999999911 ) ) ;
#4326 = LINE ( 'NONE', #1702, #2749 ) ;
#4327 = ORIENTED_EDGE ( 'NONE', *, *, #1588, .F. ) ;
#4328 = VERTEX_POINT ( 'NONE', #67 ) ;
#4329 = EDGE_CURVE ( 'NONE', #3561, #2389, #3062, .T. ) ;
#4330 = DIRECTION ( 'NONE',  ( 0.1381240947497989757, 0.9904149304455928116, 0.0000000000000000000 ) ) ;
#4331 = DIRECTION ( 'NONE',  ( 0.9904149304455928116, -0.1381240947497989757, 0.0000000000000000000 ) ) ;
#4332 = CARTESIAN_POINT ( 'NONE',  ( 9.000000000000000000, 0.9000000000000000222, -9.549999999999998934 ) ) ;
#4333 = ORIENTED_EDGE ( 'NONE', *, *, #4675, .F. ) ;
#4334 = DIRECTION ( 'NONE',  ( 0.0000000000000000000, 0.0000000000000000000, 1.000000000000000000 ) ) ;
#4335 = EDGE_CURVE ( 'NONE', #4634, #3870, #3320, .T. ) ;
#4336 = CARTESIAN_POINT ( 'NONE',  ( 0.0000000000000000000, 11.09999999999999964, -2.500000000000000000 ) ) ;
#4337 = CARTESIAN_POINT ( 'NONE',  ( 9.000000000000000000, 0.9000000000000000222, -3.100000000000000089 ) ) ;
#4338 = ORIENTED_EDGE ( 'NONE', *, *, #3538, .T. ) ;
#4339 = VERTEX_POINT ( 'NONE', #3770 ) ;
#4340 = CARTESIAN_POINT ( 'NONE',  ( 7.261839464882999806, 6.500000000000000000, -0.5250000000000000222 ) ) ;
#4341 = DIRECTION ( 'NONE',  ( 0.0000000000000000000, 0.9659258262890755287, 0.2588190451024934280 ) ) ;
#4342 = CARTESIAN_POINT ( 'NONE',  ( 9.000000000000000000, 7.000000000000000000, -4.549999999999999822 ) ) ;
#4343 = DIRECTION ( 'NONE',  ( -0.1031261433326042115, 0.9946682856919401017, 0.0000000000000000000 ) ) ;
#4344 = ORIENTED_EDGE ( 'NONE', *, *, #3555, .T. ) ;
#4345 = EDGE_LOOP ( 'NONE', ( #3476, #4737, #1335, #1932, #4212, #1603 ) ) ;
#4346 = DIRECTION ( 'NONE',  ( 0.0000000000000000000, 0.0000000000000000000, -1.000000000000000000 ) ) ;
#4347 = DIRECTION ( 'NONE',  ( 0.0000000000000000000, 1.000000000000000000, 0.0000000000000000000 ) ) ;
#4348 = ADVANCED_FACE ( 'NONE', ( #3680 ), #4803, .F. ) ;
#4349 = DIRECTION ( 'NONE',  ( 0.8957173736854308066, 0.0000000000000000000, -0.4446238707920146527 ) ) ;
#4350 = ORIENTED_EDGE ( 'NONE', *, *, #1740, .F. ) ;
#4351 = ORIENTED_EDGE ( 'NONE', *, *, #68, .F. ) ;
#4352 = DIRECTION ( 'NONE',  ( 0.0000000000000000000, 1.000000000000000000, 0.0000000000000000000 ) ) ;
#4353 = EDGE_CURVE ( 'NONE', #369, #1008, #3479, .T. ) ;
#4354 = DIRECTION ( 'NONE',  ( 1.000000000000000000, 0.0000000000000000000, 0.0000000000000000000 ) ) ;
#4355 = DIRECTION ( 'NONE',  ( 0.0000000000000000000, 1.000000000000000000, 0.0000000000000000000 ) ) ;
#4356 = EDGE_CURVE ( 'NONE', #630, #4040, #3403, .T. ) ;
#4357 = CYLINDRICAL_SURFACE ( 'NONE', #86, 0.1999999999999996503 ) ;
#4358 = LINE ( 'NONE', #4673, #1917 ) ;
#4359 = CARTESIAN_POINT ( 'NONE',  ( 7.261839464882999806, 6.500000000000000000, -4.474999999999999645 ) ) ;
#4360 = EDGE_CURVE ( 'NONE', #2266, #715, #1221, .T. ) ;
#4361 = ORIENTED_EDGE ( 'NONE', *, *, #3336, .F. ) ;
#4362 = ORIENTED_EDGE ( 'NONE', *, *, #1648, .T. ) ;
#4363 = DIRECTION ( 'NONE',  ( -0.0000000000000000000, 1.000000000000000000, 0.0000000000000000000 ) ) ;
#4364 = CARTESIAN_POINT ( 'NONE',  ( 4.599999999999999645, 10.50000000000000000, -9.418749592834000595 ) ) ;
#4365 = LINE ( 'NONE', #3619, #1828 ) ;
#4366 = EDGE_LOOP ( 'NONE', ( #3192, #3685, #1143, #1468 ) ) ;
#4367 = VERTEX_POINT ( 'NONE', #4431 ) ;
#4368 = LINE ( 'NONE', #2966, #4538 ) ;
#4369 = CARTESIAN_POINT ( 'NONE',  ( 6.009999999999999787, 11.09999999999999964, -2.850000000000000089 ) ) ;
#4370 = LINE ( 'NONE', #3987, #18 ) ;
#4371 = AXIS2_PLACEMENT_3D ( 'NONE', #1486, #3763, #3381 ) ;
#4372 = VECTOR ( 'NONE', #2407, 1000.000000000000000 ) ;
#4373 = VERTEX_POINT ( 'NONE', #1631 ) ;
#4374 = ORIENTED_EDGE ( 'NONE', *, *, #1093, .T. ) ;
#4375 = CARTESIAN_POINT ( 'NONE',  ( 5.000000000000000000, 11.67679491923999890, -7.500000000000000000 ) ) ;
#4376 = AXIS2_PLACEMENT_3D ( 'NONE', #1591, #2101, #1022 ) ;
#4377 = DIRECTION ( 'NONE',  ( 0.0000000000000000000, 1.000000000000000000, 0.0000000000000000000 ) ) ;
#4378 = ADVANCED_FACE ( 'NONE', ( #1977 ), #46, .F. ) ;
#4379 = CARTESIAN_POINT ( 'NONE',  ( 2.449999999999999734, 7.000000000000000000, -2.944623870792000275 ) ) ;
#4380 = EDGE_CURVE ( 'NONE', #694, #2732, #2348, .T. ) ;
#4381 = VECTOR ( 'NONE', #1756, 1000.000000000000000 ) ;
#4382 = CIRCLE ( 'NONE', #2685, 0.4000000000000001332 ) ;
#4383 = CYLINDRICAL_SURFACE ( 'NONE', #761, 1.000000000000000000 ) ;
#4384 = DIRECTION ( 'NONE',  ( 1.000000000000000000, 0.0000000000000000000, 0.0000000000000000000 ) ) ;
#4385 = DIRECTION ( 'NONE',  ( 0.0000000000000000000, 0.0000000000000000000, 1.000000000000000000 ) ) ;
#4386 = CONICAL_SURFACE ( 'NONE', #4544, 1.949999999999999956, 0.7853981633972997312 ) ;
#4387 = CIRCLE ( 'NONE', #3537, 0.6000000000000000888 ) ;
#4388 = ORIENTED_EDGE ( 'NONE', *, *, #4360, .F. ) ;
#4389 = VECTOR ( 'NONE', #1457, 1000.000000000000000 ) ;
#4390 = ORIENTED_EDGE ( 'NONE', *, *, #1503, .T. ) ;
#4391 = EDGE_CURVE ( 'NONE', #1030, #2196, #2207, .T. ) ;
#4392 = PLANE ( 'NONE',  #2526 ) ;
#4393 = DIRECTION ( 'NONE',  ( 0.0000000000000000000, 0.0000000000000000000, 1.000000000000000000 ) ) ;
#4394 = CARTESIAN_POINT ( 'NONE',  ( 5.399999999999973710, 10.67714561631171399, -9.418749592833838946 ) ) ;
#4395 = LINE ( 'NONE', #3664, #1428 ) ;
#4396 = AXIS2_PLACEMENT_3D ( 'NONE', #22, #1518, #4258 ) ;
#4397 = ORIENTED_EDGE ( 'NONE', *, *, #3555, .F. ) ;
#4398 = ORIENTED_EDGE ( 'NONE', *, *, #616, .T. ) ;
#4399 = CIRCLE ( 'NONE', #2392, 2.000000000000000000 ) ;
#4400 = CARTESIAN_POINT ( 'NONE',  ( 8.400000000000000355, 8.000000000000000000, -10.00000000000000000 ) ) ;
#4401 = CARTESIAN_POINT ( 'NONE',  ( 2.534968350908000101, 0.0000000000000000000, 0.4845512089258000032 ) ) ;
#4402 = CIRCLE ( 'NONE', #1683, 1.360000000000000542 ) ;
#4403 = EDGE_CURVE ( 'NONE', #1511, #4124, #1851, .T. ) ;
#4404 = PLANE ( 'NONE',  #1752 ) ;
#4405 = ORIENTED_EDGE ( 'NONE', *, *, #1241, .T. ) ;
#4406 = CIRCLE ( 'NONE', #4245, 1.959999999999999964 ) ;
#4407 = ORIENTED_EDGE ( 'NONE', *, *, #2974, .T. ) ;
#4408 = DIRECTION ( 'NONE',  ( 0.0000000000000000000, 0.0000000000000000000, 1.000000000000000000 ) ) ;
#4409 = CARTESIAN_POINT ( 'NONE',  ( 9.000000000000000000, 0.9000000000000000222, -3.100000000000000089 ) ) ;
#4410 = CARTESIAN_POINT ( 'NONE',  ( 6.849327454361000100, 6.599999999999999645, 8.505536347202999892 ) ) ;
#4411 = CARTESIAN_POINT ( 'NONE',  ( 5.000000000000000000, 9.500000000000000000, -2.500000000000000000 ) ) ;
#4412 = ADVANCED_FACE ( 'NONE', ( #1609 ), #4574, .F. ) ;
#4413 = CARTESIAN_POINT ( 'NONE',  ( 9.000000000000000000, 0.9000000000000000222, -0.4500000000000000111 ) ) ;
#4414 = ORIENTED_EDGE ( 'NONE', *, *, #3645, .T. ) ;
#4415 = ORIENTED_EDGE ( 'NONE', *, *, #2878, .F. ) ;
#4416 = LINE ( 'NONE', #1399, #4607 ) ;
#4417 = DIRECTION ( 'NONE',  ( 0.0000000000000000000, -1.000000000000000000, 0.0000000000000000000 ) ) ;
#4418 = CARTESIAN_POINT ( 'NONE',  ( 4.600111238245762735, 11.05036736535329389, -9.096872072667752107 ) ) ;
#4419 = DIRECTION ( 'NONE',  ( -0.4422238517520144518, 0.0000000000000000000, 0.8969047134125298637 ) ) ;
#4420 = ORIENTED_EDGE ( 'NONE', *, *, #3459, .F. ) ;
#4421 = VERTEX_POINT ( 'NONE', #4047 ) ;
#4422 = FACE_OUTER_BOUND ( 'NONE', #3991, .T. ) ;
#4423 = CARTESIAN_POINT ( 'NONE',  ( 7.118699360395000397, 4.141924873508000537, -6.474999999999999645 ) ) ;
#4424 = CARTESIAN_POINT ( 'NONE',  ( 2.399999999999999911, 0.0000000000000000000, 0.5500000000000000444 ) ) ;
#4425 = VERTEX_POINT ( 'NONE', #3111 ) ;
#4426 = EDGE_CURVE ( 'NONE', #2572, #3725, #712, .T. ) ;
#4427 = VERTEX_POINT ( 'NONE', #1312 ) ;
#4428 = CARTESIAN_POINT ( 'NONE',  ( 5.400000000000000355, 10.20000000000000107, -7.150000000000000355 ) ) ;
#4429 = FACE_OUTER_BOUND ( 'NONE', #3385, .T. ) ;
#4430 = CARTESIAN_POINT ( 'NONE',  ( 5.000000000000000000, 0.9000000000000000222, -7.500000000000000000 ) ) ;
#4431 = CARTESIAN_POINT ( 'NONE',  ( 6.009999999999999787, 10.20000000000000107, -2.149999999999999911 ) ) ;
#4432 = CARTESIAN_POINT ( 'NONE',  ( 5.396862696660000402, 0.0000000000000000000, -2.050000000000000266 ) ) ;
#4433 = DIRECTION ( 'NONE',  ( 0.0000000000000000000, 1.000000000000000000, 0.0000000000000000000 ) ) ;
#4434 = ADVANCED_FACE ( 'NONE', ( #926 ), #3911, .F. ) ;
#4435 = ORIENTED_EDGE ( 'NONE', *, *, #3941, .F. ) ;
#4436 = DIRECTION ( 'NONE',  ( 0.0000000000000000000, 0.0000000000000000000, 1.000000000000000000 ) ) ;
#4437 = DIRECTION ( 'NONE',  ( 0.0000000000000000000, 0.0000000000000000000, 1.000000000000000000 ) ) ;
#4438 = CARTESIAN_POINT ( 'NONE',  ( 9.000000000000000000, 0.0000000000000000000, 0.0000000000000000000 ) ) ;
#4439 = CARTESIAN_POINT ( 'NONE',  ( 1.300000000000000044, 9.000000000000000000, 0.0000000000000000000 ) ) ;
#4440 = EDGE_CURVE ( 'NONE', #1811, #3908, #4274, .T. ) ;
#4441 = ORIENTED_EDGE ( 'NONE', *, *, #4335, .T. ) ;
#4442 = ADVANCED_FACE ( 'NONE', ( #4298 ), #3596, .T. ) ;
#4443 = EDGE_LOOP ( 'NONE', ( #1063, #2394 ) ) ;
#4444 = FACE_OUTER_BOUND ( 'NONE', #4639, .T. ) ;
#4445 = FACE_OUTER_BOUND ( 'NONE', #3117, .T. ) ;
#4446 = CARTESIAN_POINT ( 'NONE',  ( 5.400000000000000355, 11.09999999999999964, -2.850000000000000089 ) ) ;
#4447 = EDGE_LOOP ( 'NONE', ( #792, #4821, #4218, #539, #3784, #2230, #1484, #476 ) ) ;
#4448 = VERTEX_POINT ( 'NONE', #2435 ) ;
#4449 = AXIS2_PLACEMENT_3D ( 'NONE', #4152, #2588, #3835 ) ;
#4450 = DIRECTION ( 'NONE',  ( 0.0000000000000000000, 1.000000000000000000, 0.0000000000000000000 ) ) ;
#4451 = CARTESIAN_POINT ( 'NONE',  ( 7.062905807744999542, 6.479374771332999217, -4.474999999999999645 ) ) ;
#4452 = VECTOR ( 'NONE', #1101, 1000.000000000000114 ) ;
#4453 = VECTOR ( 'NONE', #2310, 1000.000000000000000 ) ;
#4454 = CIRCLE ( 'NONE', #654, 0.1999999999999999833 ) ;
#4455 = CARTESIAN_POINT ( 'NONE',  ( 4.599999999999999645, 11.09999999999999964, -1.200153855258000002 ) ) ;
#4456 = DIRECTION ( 'NONE',  ( 1.000000000000000000, 0.0000000000000000000, 0.0000000000000000000 ) ) ;
#4457 = AXIS2_PLACEMENT_3D ( 'NONE', #3428, #1471, #2302 ) ;
#4458 = ORIENTED_EDGE ( 'NONE', *, *, #2403, .F. ) ;
#4459 = DIRECTION ( 'NONE',  ( 0.0000000000000000000, 0.0000000000000000000, -1.000000000000000000 ) ) ;
#4460 = LINE ( 'NONE', #1134, #3754 ) ;
#4461 = AXIS2_PLACEMENT_3D ( 'NONE', #433, #1550, #3420 ) ;
#4462 = AXIS2_PLACEMENT_3D ( 'NONE', #4424, #1142, #2583 ) ;
#4463 = FACE_OUTER_BOUND ( 'NONE', #3097, .T. ) ;
#4464 = LINE ( 'NONE', #841, #2595 ) ;
#4465 = VECTOR ( 'NONE', #2033, 1000.000000000000000 ) ;
#4466 = ORIENTED_EDGE ( 'NONE', *, *, #2278, .T. ) ;
#4467 = VERTEX_POINT ( 'NONE', #2044 ) ;
#4468 = DIRECTION ( 'NONE',  ( 0.0000000000000000000, 0.0000000000000000000, -1.000000000000000000 ) ) ;
#4469 = VECTOR ( 'NONE', #2660, 1000.000000000000000 ) ;
#4470 = EDGE_CURVE ( 'NONE', #226, #4252, #2779, .T. ) ;
#4471 = FACE_OUTER_BOUND ( 'NONE', #2461, .T. ) ;
#4472 = ORIENTED_EDGE ( 'NONE', *, *, #4090, .T. ) ;
#4473 = AXIS2_PLACEMENT_3D ( 'NONE', #2802, #4647, #4278 ) ;
#4474 = VERTEX_POINT ( 'NONE', #3554 ) ;
#4475 = VECTOR ( 'NONE', #2175, 1000.000000000000000 ) ;
#4476 = CARTESIAN_POINT ( 'NONE',  ( 5.400000000000000355, 10.50000000000000000, -4.418749592834000595 ) ) ;
#4477 = DIRECTION ( 'NONE',  ( 0.1746912246211075326, -0.9846232660466528452, 0.0000000000000000000 ) ) ;
#4478 = VECTOR ( 'NONE', #1998, 1000.000000000000000 ) ;
#4479 = CIRCLE ( 'NONE', #132, 0.4000000000000002442 ) ;
#4480 = DIRECTION ( 'NONE',  ( 0.0000000000000000000, 1.000000000000000000, 0.0000000000000000000 ) ) ;
#4481 = CARTESIAN_POINT ( 'NONE',  ( 0.9399999999999999467, 0.0000000000000000000, -9.279999999999999361 ) ) ;
#4482 = ADVANCED_FACE ( 'NONE', ( #2820 ), #439, .T. ) ;
#4483 = ORIENTED_EDGE ( 'NONE', *, *, #4329, .T. ) ;
#4484 = FACE_OUTER_BOUND ( 'NONE', #2929, .T. ) ;
#4485 = CARTESIAN_POINT ( 'NONE',  ( 6.009999999999999787, 11.09999999999999964, -2.850000000000000089 ) ) ;
#4486 = CYLINDRICAL_SURFACE ( 'NONE', #2067, 2.000000000000000000 ) ;
#4487 = CARTESIAN_POINT ( 'NONE',  ( 4.599999999999999645, 10.20000000000000107, -2.850000000000000089 ) ) ;
#4488 = ORIENTED_EDGE ( 'NONE', *, *, #2919, .F. ) ;
#4489 = ORIENTED_EDGE ( 'NONE', *, *, #3376, .F. ) ;
#4490 = DIRECTION ( 'NONE',  ( 0.0000000000000000000, 1.000000000000000000, 0.0000000000000000000 ) ) ;
#4491 = DIRECTION ( 'NONE',  ( -0.0000000000000000000, 1.000000000000000000, 0.0000000000000000000 ) ) ;
#4492 = CARTESIAN_POINT ( 'NONE',  ( 5.000000000000000000, 11.67679491923999890, -9.500000000000000000 ) ) ;
#4493 = EDGE_CURVE ( 'NONE', #185, #3799, #211, .T. ) ;
#4494 = ORIENTED_EDGE ( 'NONE', *, *, #604, .F. ) ;
#4495 = ORIENTED_EDGE ( 'NONE', *, *, #3820, .T. ) ;
#4496 = CC_DESIGN_PERSON_AND_ORGANIZATION_ASSIGNMENT ( #4223, #531, ( #2703 ) ) ;
#4497 = PLANE ( 'NONE',  #1837 ) ;
#4498 = DIRECTION ( 'NONE',  ( -1.000000000000000000, 0.0000000000000000000, 0.0000000000000000000 ) ) ;
#4499 = EDGE_LOOP ( 'NONE', ( #3778, #3275, #3331, #1706 ) ) ;
#4500 = CARTESIAN_POINT ( 'NONE',  ( 4.599999999999992539, 10.67714561631174952, -0.5812504071661701577 ) ) ;
#4501 = CYLINDRICAL_SURFACE ( 'NONE', #4145, 1.499999999999999556 ) ;
#4502 = EDGE_LOOP ( 'NONE', ( #529, #289, #3464, #120, #1974 ) ) ;
#4503 = CARTESIAN_POINT ( 'NONE',  ( 4.600000000000029843, 10.67714561631171399, -5.581250407166160166 ) ) ;
#4504 = CYLINDRICAL_SURFACE ( 'NONE', #1192, 1.959999999999999964 ) ;
#4505 = DIRECTION ( 'NONE',  ( 0.0000000000000000000, 0.0000000000000000000, -1.000000000000000000 ) ) ;
#4506 = EDGE_CURVE ( 'NONE', #630, #317, #3868, .T. ) ;
#4507 = FACE_OUTER_BOUND ( 'NONE', #2562, .T. ) ;
#4508 = ADVANCED_FACE ( 'NONE', ( #1332 ), #3162, .T. ) ;
#4509 = VERTEX_POINT ( 'NONE', #4254 ) ;
#4510 = ORIENTED_EDGE ( 'NONE', *, *, #4576, .T. ) ;
#4511 = LINE ( 'NONE', #4121, #740 ) ;
#4512 = DIRECTION ( 'NONE',  ( 1.000000000000000000, 0.0000000000000000000, 0.0000000000000000000 ) ) ;
#4513 = EDGE_LOOP ( 'NONE', ( #4494, #444, #2223, #232 ) ) ;
#4514 = VERTEX_POINT ( 'NONE', #4642 ) ;
#4515 = CARTESIAN_POINT ( 'NONE',  ( 2.534968350908000101, 0.0000000000000000000, 0.4845512089258000032 ) ) ;
#4516 = CARTESIAN_POINT ( 'NONE',  ( 7.000000000000000000, 0.9000000000000000222, -4.549999999999999822 ) ) ;
#4517 = DIRECTION ( 'NONE',  ( 0.0000000000000000000, 0.0000000000000000000, 1.000000000000000000 ) ) ;
#4518 = ORIENTED_EDGE ( 'NONE', *, *, #3937, .T. ) ;
#4519 = ORIENTED_EDGE ( 'NONE', *, *, #2960, .F. ) ;
#4520 = EDGE_CURVE ( 'NONE', #3277, #1754, #234, .T. ) ;
#4521 = DIRECTION ( 'NONE',  ( 0.0000000000000000000, 0.0000000000000000000, -1.000000000000000000 ) ) ;
#4522 = CIRCLE ( 'NONE', #2819, 0.5000000000000000000 ) ;
#4523 = CARTESIAN_POINT ( 'NONE',  ( 7.062905807744999542, 6.479374771332999217, -0.5250000000000000222 ) ) ;
#4524 = EDGE_CURVE ( 'NONE', #2345, #1047, #3207, .T. ) ;
#4525 = AXIS2_PLACEMENT_3D ( 'NONE', #2598, #2282, #423 ) ;
#4526 = CIRCLE ( 'NONE', #3678, 2.000000000000000444 ) ;
#4527 = COORDINATED_UNIVERSAL_TIME_OFFSET ( 3, 0, .BEHIND. ) ;
#4528 = AXIS2_PLACEMENT_3D ( 'NONE', #982, #2739, #2034 ) ;
#4529 = VERTEX_POINT ( 'NONE', #165 ) ;
#4530 = LINE ( 'NONE', #2244, #4453 ) ;
#4531 = FACE_OUTER_BOUND ( 'NONE', #3060, .T. ) ;
#4532 = DIRECTION ( 'NONE',  ( 0.0000000000000000000, 1.000000000000000000, 0.0000000000000000000 ) ) ;
#4533 = DIRECTION ( 'NONE',  ( 0.0000000000000000000, -1.000000000000000000, 0.0000000000000000000 ) ) ;
#4534 = CIRCLE ( 'NONE', #1983, 0.5000000000000004441 ) ;
#4535 = VECTOR ( 'NONE', #859, 1000.000000000000114 ) ;
#4536 = EDGE_CURVE ( 'NONE', #630, #1699, #4402, .T. ) ;
#4537 = VERTEX_POINT ( 'NONE', #2852 ) ;
#4538 = VECTOR ( 'NONE', #2924, 1000.000000000000000 ) ;
#4539 = ORIENTED_EDGE ( 'NONE', *, *, #2590, .T. ) ;
#4540 = AXIS2_PLACEMENT_3D ( 'NONE', #3633, #2907, #2516 ) ;
#4541 = LINE ( 'NONE', #1212, #4003 ) ;
#4542 = CARTESIAN_POINT ( 'NONE',  ( 9.000000000000000000, 0.0000000000000000000, -8.099999999999999645 ) ) ;
#4543 = FACE_OUTER_BOUND ( 'NONE', #2707, .T. ) ;
#4544 = AXIS2_PLACEMENT_3D ( 'NONE', #2341, #1970, #115 ) ;
#4545 = ORIENTED_EDGE ( 'NONE', *, *, #4356, .F. ) ;
#4546 = ORIENTED_EDGE ( 'NONE', *, *, #1037, .F. ) ;
#4547 = CIRCLE ( 'NONE', #1593, 1.360000000000000320 ) ;
#4548 = EDGE_CURVE ( 'NONE', #3237, #2714, #2120, .T. ) ;
#4549 = ORIENTED_EDGE ( 'NONE', *, *, #1646, .F. ) ;
#4550 = CARTESIAN_POINT ( 'NONE',  ( 5.399888761754247923, 11.05036736535331521, -0.9031279273322952994 ) ) ;
#4551 = DIRECTION ( 'NONE',  ( 0.0000000000000000000, 0.0000000000000000000, 1.000000000000000000 ) ) ;
#4552 = AXIS2_PLACEMENT_3D ( 'NONE', #4411, #1080, #2569 ) ;
#4553 = ORIENTED_EDGE ( 'NONE', *, *, #4038, .T. ) ;
#4554 = DIRECTION ( 'NONE',  ( 0.0000000000000000000, 0.0000000000000000000, 1.000000000000000000 ) ) ;
#4556 = CARTESIAN_POINT ( 'NONE',  ( 7.083761115470999847, 4.338849526717000415, 5.634657043732000048 ) ) ;
#4555 = VECTOR ( 'NONE', #3427, 1000.000000000000000 ) ;
#4557 = VECTOR ( 'NONE', #2269, 1000.000000000000000 ) ;
#4558 = ORIENTED_EDGE ( 'NONE', *, *, #1293, .T. ) ;
#4559 = EDGE_CURVE ( 'NONE', #369, #4281, #4229, .T. ) ;
#4560 = FACE_OUTER_BOUND ( 'NONE', #2964, .T. ) ;
#4561 = DIRECTION ( 'NONE',  ( 0.0000000000000000000, 0.0000000000000000000, 1.000000000000000000 ) ) ;
#4562 = LINE ( 'NONE', #817, #4782 ) ;
#4563 = CARTESIAN_POINT ( 'NONE',  ( 5.000000000000000000, 11.67679491923999890, -7.500000000000000000 ) ) ;
#4564 = ORIENTED_EDGE ( 'NONE', *, *, #1815, .T. ) ;
#4565 = VERTEX_POINT ( 'NONE', #3135 ) ;
#4566 = EDGE_CURVE ( 'NONE', #3499, #948, #907, .T. ) ;
#4567 = CARTESIAN_POINT ( 'NONE',  ( 9.000000000000000000, 0.9000000000000000222, -9.549999999999998934 ) ) ;
#4568 = DIRECTION ( 'NONE',  ( 0.7533627281953213517, 0.6576052005315213833, 0.0000000000000000000 ) ) ;
#4569 = CARTESIAN_POINT ( 'NONE',  ( 7.000000000000000000, 3.299999999999999822, -4.000000000000000000 ) ) ;
#4570 = EDGE_CURVE ( 'NONE', #965, #4201, #4763, .T. ) ;
#4571 = ORIENTED_EDGE ( 'NONE', *, *, #2947, .F. ) ;
#4572 = ORIENTED_EDGE ( 'NONE', *, *, #4816, .T. ) ;
#4573 = FACE_OUTER_BOUND ( 'NONE', #2478, .T. ) ;
#4574 = PLANE ( 'NONE',  #4320 ) ;
#4575 = DIRECTION ( 'NONE',  ( 0.0000000000000000000, 0.0000000000000000000, -1.000000000000000000 ) ) ;
#4576 = EDGE_CURVE ( 'NONE', #4167, #562, #1835, .T. ) ;
#4577 = VERTEX_POINT ( 'NONE', #2877 ) ;
#4578 = PLANE ( 'NONE',  #279 ) ;
#4579 = PLANE ( 'NONE',  #3058 ) ;
#4580 = EDGE_LOOP ( 'NONE', ( #2880, #402, #2376, #208 ) ) ;
#4581 = DIRECTION ( 'NONE',  ( 0.0000000000000000000, 0.0000000000000000000, 1.000000000000000000 ) ) ;
#4582 = CARTESIAN_POINT ( 'NONE',  ( 7.062905807744999542, 6.479374771332999217, -5.525000000000000355 ) ) ;
#4583 = CARTESIAN_POINT ( 'NONE',  ( 5.000000000000000000, 11.67679491923999890, -4.500000000000000000 ) ) ;
#4584 = DIRECTION ( 'NONE',  ( -0.9946682856919401017, -0.1031261433326042115, 0.0000000000000000000 ) ) ;
#4585 = ADVANCED_FACE ( 'NONE', ( #314 ), #2509, .T. ) ;
#4586 = ORIENTED_EDGE ( 'NONE', *, *, #3937, .F. ) ;
#4587 = VERTEX_POINT ( 'NONE', #2226 ) ;
#4588 = CARTESIAN_POINT ( 'NONE',  ( 7.469197324414999173, 4.500000000000000000, -8.525000000000000355 ) ) ;
#4589 = EDGE_CURVE ( 'NONE', #1389, #624, #591, .T. ) ;
#4590 = CARTESIAN_POINT ( 'NONE',  ( 6.009999999999999787, 11.09999999999999964, -2.850000000000000089 ) ) ;
#4591 = ADVANCED_FACE ( 'NONE', ( #3986 ), #2967, .F. ) ;
#4592 = ORIENTED_EDGE ( 'NONE', *, *, #2421, .F. ) ;
#4593 = ORIENTED_EDGE ( 'NONE', *, *, #3180, .F. ) ;
#4594 = CARTESIAN_POINT ( 'NONE',  ( 5.000000000000000000, -3.899999999999999911, -7.500000000000000000 ) ) ;
#4595 = CARTESIAN_POINT ( 'NONE',  ( 5.000000000000000000, 9.500000000000000000, -2.500000000000000000 ) ) ;
#4596 = CARTESIAN_POINT ( 'NONE',  ( 5.000000000000000000, -3.899999999999999911, -2.500000000000000000 ) ) ;
#4597 = EDGE_LOOP ( 'NONE', ( #3037, #312, #4398, #1693 ) ) ;
#4598 = CARTESIAN_POINT ( 'NONE',  ( 7.062905807744999542, 6.479374771332999217, -5.525000000000000355 ) ) ;
#4599 = DIRECTION ( 'NONE',  ( 0.0000000000000000000, 0.0000000000000000000, -1.000000000000000000 ) ) ;
#4600 = AXIS2_PLACEMENT_3D ( 'NONE', #1368, #3604, #4747 ) ;
#4601 = ORIENTED_EDGE ( 'NONE', *, *, #931, .T. ) ;
#4602 = AXIS2_PLACEMENT_3D ( 'NONE', #3157, #553, #4292 ) ;
#4603 = DIRECTION ( 'NONE',  ( 0.9946682856919403237, 0.1031261433326042809, 0.0000000000000000000 ) ) ;
#4604 = DIRECTION ( 'NONE',  ( 0.0000000000000000000, 0.0000000000000000000, 1.000000000000000000 ) ) ;
#4605 = VECTOR ( 'NONE', #3118, 1000.000000000000000 ) ;
#4606 = FACE_OUTER_BOUND ( 'NONE', #1238, .T. ) ;
#4607 = VECTOR ( 'NONE', #2916, 1000.000000000000000 ) ;
#4608 = ORIENTED_EDGE ( 'NONE', *, *, #230, .F. ) ;
#4609 = VERTEX_POINT ( 'NONE', #365 ) ;
#4610 = AXIS2_PLACEMENT_3D ( 'NONE', #3411, #376, #1958 ) ;
#4611 = FACE_OUTER_BOUND ( 'NONE', #3571, .T. ) ;
#4612 = DIRECTION ( 'NONE',  ( 1.000000000000000000, 0.0000000000000000000, 0.0000000000000000000 ) ) ;
#4613 = VECTOR ( 'NONE', #2729, 1000.000000000000114 ) ;
#4614 = ORIENTED_EDGE ( 'NONE', *, *, #812, .F. ) ;
#4615 = EDGE_CURVE ( 'NONE', #2848, #225, #1434, .T. ) ;
#4616 = EDGE_LOOP ( 'NONE', ( #2409, #126, #3081, #2369 ) ) ;
#4617 = DIRECTION ( 'NONE',  ( 0.0000000000000000000, 0.0000000000000000000, -1.000000000000000000 ) ) ;
#4618 = CARTESIAN_POINT ( 'NONE',  ( 6.849327454361000100, 6.599999999999999645, -0.5250000000000000222 ) ) ;
#4619 = EDGE_CURVE ( 'NONE', #70, #1754, #1807, .T. ) ;
#4620 = CIRCLE ( 'NONE', #4780, 1.899999999999999689 ) ;
#4621 = AXIS2_PLACEMENT_3D ( 'NONE', #3977, #4363, #645 ) ;
#4622 = LINE ( 'NONE', #1632, #2671 ) ;
#4623 = AXIS2_PLACEMENT_3D ( 'NONE', #2738, #3509, #222 ) ;
#4624 = ORIENTED_EDGE ( 'NONE', *, *, #481, .T. ) ;
#4625 = DIRECTION ( 'NONE',  ( -1.000000000000000000, 0.0000000000000000000, 0.0000000000000000000 ) ) ;
#4626 = LINE ( 'NONE', #3819, #3996 ) ;
#4627 = AXIS2_PLACEMENT_3D ( 'NONE', #3635, #4705, #1417 ) ;
#4628 = ORIENTED_EDGE ( 'NONE', *, *, #1588, .T. ) ;
#4629 = CARTESIAN_POINT ( 'NONE',  ( 3.792503112120999997, 3.754916655155000171, -1.474999999999999867 ) ) ;
#4630 = VECTOR ( 'NONE', #1188, 1000.000000000000000 ) ;
#4631 = LINE ( 'NONE', #546, #1845 ) ;
#4632 = DIRECTION ( 'NONE',  ( 0.0000000000000000000, 0.0000000000000000000, 1.000000000000000000 ) ) ;
#4633 = EDGE_CURVE ( 'NONE', #589, #583, #1073, .T. ) ;
#4634 = VERTEX_POINT ( 'NONE', #705 ) ;
#4635 = ORIENTED_EDGE ( 'NONE', *, *, #2241, .T. ) ;
#4636 = CARTESIAN_POINT ( 'NONE',  ( 4.599999999999999645, 10.20000000000000107, -7.849999999999999645 ) ) ;
#4637 = APPROVAL_STATUS ( 'not_yet_approved' ) ;
#4638 = CARTESIAN_POINT ( 'NONE',  ( 2.800870738470000010, 3.691274969103000014, -6.474999999999999645 ) ) ;
#4639 = EDGE_LOOP ( 'NONE', ( #3528, #4722, #951, #4333 ) ) ;
#4640 = ORIENTED_EDGE ( 'NONE', *, *, #1207, .F. ) ;
#4641 = DIRECTION ( 'NONE',  ( 0.0000000000000000000, 0.0000000000000000000, -1.000000000000000000 ) ) ;
#4642 = CARTESIAN_POINT ( 'NONE',  ( 4.599999999999999645, 11.09999999999999964, -2.850000000000000089 ) ) ;
#4643 = DIRECTION ( 'NONE',  ( 1.000000000000000000, 0.0000000000000000000, 0.0000000000000000000 ) ) ;
#4644 = ADVANCED_FACE ( 'NONE', ( #4445 ), #2607, .T. ) ;
#4645 = ORIENTED_EDGE ( 'NONE', *, *, #11, .T. ) ;
#4646 = ORIENTED_EDGE ( 'NONE', *, *, #3783, .F. ) ;
#4647 = DIRECTION ( 'NONE',  ( 1.000000000000000000, 0.0000000000000000000, 0.0000000000000000000 ) ) ;
#4648 = DIRECTION ( 'NONE',  ( 0.0000000000000000000, -1.000000000000000000, 0.0000000000000000000 ) ) ;
#4649 = EDGE_CURVE ( 'NONE', #4277, #4367, #3624, .T. ) ;
#4650 = VERTEX_POINT ( 'NONE', #3356 ) ;
#4651 = LINE ( 'NONE', #2449, #565 ) ;
#4652 = LINE ( 'NONE', #1321, #353 ) ;
#4653 = CARTESIAN_POINT ( 'NONE',  ( 9.000000000000000000, 0.0000000000000000000, -1.899999999999999911 ) ) ;
#4654 = VERTEX_POINT ( 'NONE', #2582 ) ;
#4655 = VERTEX_POINT ( 'NONE', #4423 ) ;
#4656 = CARTESIAN_POINT ( 'NONE',  ( 5.000000000000000000, 12.50000000000000000, -2.500000000000000000 ) ) ;
#4657 = DATE_TIME_ROLE ( 'creation_date' ) ;
#4658 = DIRECTION ( 'NONE',  ( 0.0000000000000000000, 1.000000000000000000, 0.0000000000000000000 ) ) ;
#4659 = ADVANCED_FACE ( 'NONE', ( #3335 ), #1113, .F. ) ;
#4660 = ORIENTED_EDGE ( 'NONE', *, *, #3180, .T. ) ;
#4661 = ORIENTED_EDGE ( 'NONE', *, *, #1792, .F. ) ;
#4662 = CARTESIAN_POINT ( 'NONE',  ( 1.294999999999999929, 0.0000000000000000000, -10.00000000000000000 ) ) ;
#4663 = EDGE_CURVE ( 'NONE', #4790, #2179, #2251, .T. ) ;
#4664 = LINE ( 'NONE', #1333, #507 ) ;
#4665 = VERTEX_POINT ( 'NONE', #1017 ) ;
#4666 = ORIENTED_EDGE ( 'NONE', *, *, #4285, .T. ) ;
#4667 = DIRECTION ( 'NONE',  ( 0.0000000000000000000, 1.000000000000000000, 0.0000000000000000000 ) ) ;
#4668 = DIRECTION ( 'NONE',  ( 0.4422238517520144518, 0.0000000000000000000, -0.8969047134125298637 ) ) ;
#4669 = PLANE ( 'NONE',  #2833 ) ;
#4670 = EDGE_CURVE ( 'NONE', #2455, #3870, #756, .T. ) ;
#4671 = EDGE_LOOP ( 'NONE', ( #3061, #2543, #4179, #3881, #4696, #3713 ) ) ;
#4672 = DIRECTION ( 'NONE',  ( 0.6614378277661202565, 0.0000000000000000000, 0.7500000000000242029 ) ) ;
#4673 = CARTESIAN_POINT ( 'NONE',  ( 7.469197324414999173, 4.500000000000000000, -3.524999999999999911 ) ) ;
#4674 = CIRCLE ( 'NONE', #2591, 1.899999999999999689 ) ;
#4675 = EDGE_CURVE ( 'NONE', #3672, #311, #520, .T. ) ;
#4676 = CARTESIAN_POINT ( 'NONE',  ( 2.299999999999999822, 0.0000000000000000000, 0.0000000000000000000 ) ) ;
#4677 = ORIENTED_EDGE ( 'NONE', *, *, #1761, .T. ) ;
#4678 = ORIENTED_EDGE ( 'NONE', *, *, #1349, .T. ) ;
#4679 = DIRECTION ( 'NONE',  ( -0.0000000000000000000, 1.000000000000000000, 0.0000000000000000000 ) ) ;
#4680 = LINE ( 'NONE', #328, #1979 ) ;
#4681 = LINE ( 'NONE', #2410, #348 ) ;
#4682 = LINE ( 'NONE', #599, #1655 ) ;
#4683 = VECTOR ( 'NONE', #2451, 1000.000000000000114 ) ;
#4684 = EDGE_CURVE ( 'NONE', #2196, #966, #3242, .T. ) ;
#4685 = ORIENTED_EDGE ( 'NONE', *, *, #503, .F. ) ;
#4686 = AXIS2_PLACEMENT_3D ( 'NONE', #1990, #3436, #4581 ) ;
#4687 = ORIENTED_EDGE ( 'NONE', *, *, #445, .T. ) ;
#4688 = VECTOR ( 'NONE', #2570, 1000.000000000000114 ) ;
#4689 = CARTESIAN_POINT ( 'NONE',  ( 7.000000000000000000, 7.000000000000000000, -9.549999999999998934 ) ) ;
#4690 = CARTESIAN_POINT ( 'NONE',  ( 9.000000000000000000, 0.9000000000000000222, -0.4500000000000000111 ) ) ;
#4691 = CARTESIAN_POINT ( 'NONE',  ( 2.305000000000000160, 0.0000000000000000000, -10.00000000000000000 ) ) ;
#4692 = CIRCLE ( 'NONE', #808, 1.959999999999999964 ) ;
#4693 = VECTOR ( 'NONE', #3317, 1000.000000000000000 ) ;
#4694 = ORIENTED_EDGE ( 'NONE', *, *, #4004, .T. ) ;
#4695 = EDGE_CURVE ( 'NONE', #1453, #1811, #2320, .T. ) ;
#4696 = ORIENTED_EDGE ( 'NONE', *, *, #4046, .F. ) ;
#4697 = CIRCLE ( 'NONE', #3536, 0.1999999999999999833 ) ;
#4698 = CIRCLE ( 'NONE', #4457, 0.1999999999999999556 ) ;
#4699 = LINE ( 'NONE', #2124, #1580 ) ;
#4700 = CARTESIAN_POINT ( 'NONE',  ( 5.396862696660000402, 0.9000000000000000222, -2.050000000000000266 ) ) ;
#4701 = CARTESIAN_POINT ( 'NONE',  ( 5.000000000000000000, 9.500000000000000000, -9.500000000000000000 ) ) ;
#4702 = VECTOR ( 'NONE', #4222, 1000.000000000000000 ) ;
#4703 = ORIENTED_EDGE ( 'NONE', *, *, #4770, .T. ) ;
#4704 = FACE_OUTER_BOUND ( 'NONE', #3859, .T. ) ;
#4705 = DIRECTION ( 'NONE',  ( 0.0000000000000000000, 1.000000000000000000, 0.0000000000000000000 ) ) ;
#4706 = LINE ( 'NONE', #1375, #3373 ) ;
#4707 = ORIENTED_EDGE ( 'NONE', *, *, #3128, .T. ) ;
#4708 = EDGE_CURVE ( 'NONE', #2857, #2267, #3853, .T. ) ;
#4709 = ORIENTED_EDGE ( 'NONE', *, *, #3164, .T. ) ;
#4710 = FACE_OUTER_BOUND ( 'NONE', #569, .T. ) ;
#4711 = LINE ( 'NONE', #1799, #2828 ) ;
#4712 = PLANE ( 'NONE',  #666 ) ;
#4713 = LINE ( 'NONE', #2022, #1819 ) ;
#4714 = VECTOR ( 'NONE', #2925, 1000.000000000000000 ) ;
#4715 = ORIENTED_EDGE ( 'NONE', *, *, #2854, .T. ) ;
#4716 = EDGE_CURVE ( 'NONE', #3961, #821, #3787, .T. ) ;
#4717 = ORIENTED_EDGE ( 'NONE', *, *, #1841, .T. ) ;
#4718 = DIRECTION ( 'NONE',  ( -0.8997890060556796854, 0.0000000000000000000, -0.4363252738282898391 ) ) ;
#4719 = CARTESIAN_POINT ( 'NONE',  ( 4.009999999999999787, 11.09999999999999964, -2.850000000000000089 ) ) ;
#4720 = DIRECTION ( 'NONE',  ( 0.0000000000000000000, 0.0000000000000000000, -1.000000000000000000 ) ) ;
#4721 = ADVANCED_FACE ( 'NONE', ( #1551 ), #10, .F. ) ;
#4722 = ORIENTED_EDGE ( 'NONE', *, *, #2194, .T. ) ;
#4723 = ORIENTED_EDGE ( 'NONE', *, *, #1805, .T. ) ;
#4724 = FACE_OUTER_BOUND ( 'NONE', #3583, .T. ) ;
#4725 = LINE ( 'NONE', #2125, #2160 ) ;
#4726 = LINE ( 'NONE', #2884, #1436 ) ;
#4727 = EDGE_CURVE ( 'NONE', #2109, #2857, #909, .T. ) ;
#4728 = LINE ( 'NONE', #690, #4764 ) ;
#4729 = CARTESIAN_POINT ( 'NONE',  ( 5.000000000000000000, 9.500000000000000000, -7.500000000000000000 ) ) ;
#4730 = LINE ( 'NONE', #2108, #110 ) ;
#4731 = ORIENTED_EDGE ( 'NONE', *, *, #2499, .T. ) ;
#4732 = ORIENTED_EDGE ( 'NONE', *, *, #4260, .F. ) ;
#4733 = DIRECTION ( 'NONE',  ( 0.0000000000000000000, 1.000000000000000000, 0.0000000000000000000 ) ) ;
#4734 = CYLINDRICAL_SURFACE ( 'NONE', #2601, 1.500000000000000000 ) ;
#4735 = CARTESIAN_POINT ( 'NONE',  ( 7.266051566080000690, 5.489687385667000541, -6.000000000000000000 ) ) ;
#4736 = FACE_OUTER_BOUND ( 'NONE', #390, .T. ) ;
#4737 = ORIENTED_EDGE ( 'NONE', *, *, #4506, .F. ) ;
#4738 = EDGE_LOOP ( 'NONE', ( #139, #4731, #1159, #1568 ) ) ;
#4739 = EDGE_CURVE ( 'NONE', #4175, #4474, #1773, .T. ) ;
#4740 = DIRECTION ( 'NONE',  ( 0.1746912246212065645, -0.9846232660466353037, 0.0000000000000000000 ) ) ;
#4741 = DIRECTION ( 'NONE',  ( 0.9946682856919403237, 0.1031261433326042809, 0.0000000000000000000 ) ) ;
#4742 = EDGE_CURVE ( 'NONE', #3132, #2426, #1213, .T. ) ;
#4743 = CARTESIAN_POINT ( 'NONE',  ( 6.009999999999999787, 11.09999999999999964, -2.850000000000000089 ) ) ;
#4744 = VERTEX_POINT ( 'NONE', #4198 ) ;
#4745 = ORIENTED_EDGE ( 'NONE', *, *, #3967, .T. ) ;
#4746 = CARTESIAN_POINT ( 'NONE',  ( 4.599999999999999645, 10.20000000000000107, -5.581250407166001182 ) ) ;
#4747 = DIRECTION ( 'NONE',  ( 0.0000000000000000000, -1.000000000000000000, 0.0000000000000000000 ) ) ;
#4748 = CARTESIAN_POINT ( 'NONE',  ( 7.083761115470999847, 4.338849526717000415, -6.474999999999999645 ) ) ;
#4749 = LINE ( 'NONE', #1713, #104 ) ;
#4750 = LINE ( 'NONE', #3952, #2388 ) ;
#4751 = CARTESIAN_POINT ( 'NONE',  ( 5.396862696660000402, 0.0000000000000000000, -2.949999999999999734 ) ) ;
#4752 = ADVANCED_FACE ( 'NONE', ( #4105 ), #911, .F. ) ;
#4753 = ORIENTED_EDGE ( 'NONE', *, *, #1195, .T. ) ;
#4754 = ORIENTED_EDGE ( 'NONE', *, *, #4038, .F. ) ;
#4755 = LINE ( 'NONE', #2190, #4154 ) ;
#4756 = CARTESIAN_POINT ( 'NONE',  ( 5.400000000000000355, 11.09999999999999964, -3.799846144742000220 ) ) ;
#4757 = CARTESIAN_POINT ( 'NONE',  ( 5.000000000000000000, 12.05000000000000071, -5.599999999999999645 ) ) ;
#4758 = LINE ( 'NONE', #308, #649 ) ;
#4759 = AXIS2_PLACEMENT_3D ( 'NONE', #1708, #4307, #2883 ) ;
#4760 = ORIENTED_EDGE ( 'NONE', *, *, #1616, .T. ) ;
#4761 = ORIENTED_EDGE ( 'NONE', *, *, #127, .T. ) ;
#4762 = CARTESIAN_POINT ( 'NONE',  ( 5.000000000000000000, 9.500000000000000000, -4.460000000000000853 ) ) ;
#4763 = LINE ( 'NONE', #755, #4475 ) ;
#4764 = VECTOR ( 'NONE', #1393, 1000.000000000000000 ) ;
#4765 = CARTESIAN_POINT ( 'NONE',  ( 2.700000000000000178, 3.299999999999999822, -9.000000000000000000 ) ) ;
#4766 = AXIS2_PLACEMENT_3D ( 'NONE', #1243, #946, #3456 ) ;
#4767 = AXIS2_PLACEMENT_3D ( 'NONE', #2218, #3692, #4812 ) ;
#4768 = ORIENTED_EDGE ( 'NONE', *, *, #1981, .T. ) ;
#4769 = ORIENTED_EDGE ( 'NONE', *, *, #1447, .F. ) ;
#4770 = EDGE_CURVE ( 'NONE', #4565, #2857, #3762, .T. ) ;
#4771 = CIRCLE ( 'NONE', #1901, 1.000000000000000222 ) ;
#4772 = LINE ( 'NONE', #3992, #1039 ) ;
#4773 = VECTOR ( 'NONE', #4417, 1000.000000000000000 ) ;
#4774 = DIRECTION ( 'NONE',  ( 0.8997890060556794634, 0.0000000000000000000, -0.4363252738282900611 ) ) ;
#4775 = AXIS2_PLACEMENT_3D ( 'NONE', #4210, #219, #912 ) ;
#4776 = PLANE ( 'NONE',  #1838 ) ;
#4777 = FACE_OUTER_BOUND ( 'NONE', #716, .T. ) ;
#4778 = CYLINDRICAL_SURFACE ( 'NONE', #4552, 1.960000000000000409 ) ;
#4779 = LINE ( 'NONE', #4359, #2370 ) ;
#4780 = AXIS2_PLACEMENT_3D ( 'NONE', #403, #3379, #2391 ) ;
#4781 = VERTEX_POINT ( 'NONE', #4542 ) ;
#4782 = VECTOR ( 'NONE', #4505, 1000.000000000000000 ) ;
#4783 = ORIENTED_EDGE ( 'NONE', *, *, #2016, .F. ) ;
#4784 = CARTESIAN_POINT ( 'NONE',  ( 5.000000000000000000, 12.40000000000000036, -4.500000000000000000 ) ) ;
#4785 = CARTESIAN_POINT ( 'NONE',  ( 2.449999999999999734, 12.50000000000000000, -7.055376129207999725 ) ) ;
#4786 = CARTESIAN_POINT ( 'NONE',  ( 8.400000000000000355, 8.000000000000000000, 0.0000000000000000000 ) ) ;
#4787 = DIRECTION ( 'NONE',  ( 0.0000000000000000000, 0.0000000000000000000, 1.000000000000000000 ) ) ;
#4788 = VECTOR ( 'NONE', #1245, 1000.000000000000000 ) ;
#4789 = EDGE_CURVE ( 'NONE', #4634, #1678, #4479, .T. ) ;
#4790 = VERTEX_POINT ( 'NONE', #846 ) ;
#4791 = ORIENTED_EDGE ( 'NONE', *, *, #3789, .T. ) ;
#4792 = CARTESIAN_POINT ( 'NONE',  ( 7.247194768637999829, 6.641250457333000234, -5.525000000000000355 ) ) ;
#4793 = CARTESIAN_POINT ( 'NONE',  ( 7.000000000000000000, 0.9000000000000000222, -6.983260773805000099 ) ) ;
#4794 = VECTOR ( 'NONE', #1726, 1000.000000000000000 ) ;
#4795 = DIRECTION ( 'NONE',  ( 0.0000000000000000000, 1.000000000000000000, 0.0000000000000000000 ) ) ;
#4796 = EDGE_LOOP ( 'NONE', ( #660, #3050, #395, #8 ) ) ;
#4797 = ORGANIZATION ( 'UNSPECIFIED', 'UNSPECIFIED', '' ) ;
#4798 = ORIENTED_EDGE ( 'NONE', *, *, #2204, .F. ) ;
#4799 = CARTESIAN_POINT ( 'NONE',  ( 9.000000000000000000, 0.9000000000000000222, -4.549999999999999822 ) ) ;
#4800 = EDGE_CURVE ( 'NONE', #624, #1688, #4406, .T. ) ;
#4801 = DIRECTION ( 'NONE',  ( -1.000000000000000000, 0.0000000000000000000, 0.0000000000000000000 ) ) ;
#4802 = DIRECTION ( 'NONE',  ( 0.0000000000000000000, 1.000000000000000000, 0.0000000000000000000 ) ) ;
#4804 = EDGE_CURVE ( 'NONE', #2426, #797, #3808, .T. ) ;
#4803 = CYLINDRICAL_SURFACE ( 'NONE', #673, 1.000000000000000888 ) ;
#4805 = LINE ( 'NONE', #4164, #435 ) ;
#4806 = CARTESIAN_POINT ( 'NONE',  ( 5.000000000000000000, -3.899999999999999911, -2.500000000000000000 ) ) ;
#4807 = EDGE_CURVE ( 'NONE', #317, #4277, #404, .T. ) ;
#4808 = ORIENTED_EDGE ( 'NONE', *, *, #1147, .T. ) ;
#4809 = ORIENTED_EDGE ( 'NONE', *, *, #2679, .T. ) ;
#4810 = CARTESIAN_POINT ( 'NONE',  ( 9.000000000000000000, 0.0000000000000000000, -1.899999999999999911 ) ) ;
#4811 = FACE_OUTER_BOUND ( 'NONE', #4366, .T. ) ;
#4812 = DIRECTION ( 'NONE',  ( 0.0000000000000000000, 0.0000000000000000000, 1.000000000000000000 ) ) ;
#4813 = ADVANCED_FACE ( 'NONE', ( #3013 ), #116, .T. ) ;
#4814 = ORIENTED_EDGE ( 'NONE', *, *, #3123, .F. ) ;
#4815 = ORIENTED_EDGE ( 'NONE', *, *, #3167, .F. ) ;
#4816 = EDGE_CURVE ( 'NONE', #821, #4190, #2363, .T. ) ;
#4817 = CARTESIAN_POINT ( 'NONE',  ( 7.083761115470999847, 4.338849526717000415, -6.474999999999999645 ) ) ;
#4818 = DIRECTION ( 'NONE',  ( 0.0000000000000000000, 0.0000000000000000000, -1.000000000000000000 ) ) ;
#4819 = CARTESIAN_POINT ( 'NONE',  ( 7.282694772608999223, 4.359474755383999423, -6.474999999999999645 ) ) ;
#4820 = ORIENTED_EDGE ( 'NONE', *, *, #2769, .F. ) ;
#4821 = ORIENTED_EDGE ( 'NONE', *, *, #4142, .F. ) ;
#4822 = CARTESIAN_POINT ( 'NONE',  ( 0.0000000000000000000, 0.0000000000000000000, 0.0000000000000000000 ) ) ;
#4823 = CARTESIAN_POINT ( 'NONE',  ( 7.083761115470999847, 4.338849526717000415, -1.474999999999999867 ) ) ;
#4824 = DIRECTION ( 'NONE',  ( 1.000000000000000000, 0.0000000000000000000, 0.0000000000000000000 ) ) ;
#4825 = FACE_OUTER_BOUND ( 'NONE', #1350, .T. ) ;
ENDSEC;
END-ISO-10303-21;
